EmployeeID,FirstName,LastName,Gender,Age,BusinessTravel,Department,DistanceFromHome (KM),State,Ethnicity,Education,EducationField,JobRole,MaritalStatus,Salary,StockOptionLevel,OverTime,HireDate,Attrition,YearsAtCompany,YearsInMostRecentRole,YearsSinceLastPromotion,YearsWithCurrManager,ExperienceLevel,Salary_Capped,ReviewDate,EnvironmentSatisfaction,JobSatisfaction,RelationshipSatisfaction,TrainingOpportunitiesWithinYear,TrainingOpportunitiesTaken,WorkLifeBalance,SelfRating,ManagerRating,ReviewYear,RatingGap,YearWeight,X_WorkLifeBalance,X_EnvironmentSatisfaction,X_JobSatisfaction,X_RelationshipSatisfaction,X_TrainingOpportunitiesTaken,X_EngagementRate,T_JobSatisfaction,T_WorkLifeBalance,T_ManagerRating,Experience_SEM
005C-E0FB,Fin,O'Halleghane,Non-Binary,24,Frequent Traveller,Sales,17,CA,White,Masters,Marketing,Sales Executive,Married,56155,1,No,2017-08-26,No,5,2,2,0,Mid,56155.0,2022-06-17,3,4,5,3,0,4,4,4,2022,0,10,3.740740740740741,3.3333333333333335,3.7037037037037037,4.111111111111111,0.9259259259259259,3.162962962962963,0.49999999999999983,0.9999999999999993,0.49999999999999983,3.162962962962963
00A3-2445,Wyatt,Ziehm,Male,30,Some Travel,Technology,6,CA,Black,High School,Computer Science,Machine Learning Engineer,Married,126238,0,No,2012-03-08,No,10,3,6,6,Mid,126238.0,2022-06-18,4,5,5,1,2,4,4,4,2022,0,10,3.730769230769231,4.134615384615385,3.576923076923077,3.5,0.7307692307692307,3.1346153846153846,0.09523809523809526,-0.023809523809523805,0.03571428571428574,3.1346153846153846
00B0-F199,Trueman,Jirasek,Male,23,Some Travel,Sales,35,CA,White,No Formal Qualifications,Marketing,Sales Executive,Married,97824,1,Yes,2020-03-16,Yes,1,0,1,0,Junior,97824.0,2022-05-20,1,3,4,3,2,2,4,4,2022,0,10,3.4074074074074074,3.425925925925926,3.4074074074074074,3.3703703703703702,1.7777777777777777,3.077777777777778,-0.03333333333333331,0.06666666666666665,0.10000000000000002,3.077777777777778
00D4-DD53,Joyce,Goor,Female,30,Frequent Traveller,Technology,44,CA,Black,No Formal Qualifications,Computer Science,Software Engineer,Single,68508,0,Yes,2012-01-28,Yes,5,4,4,4,Mid,68508.0,2022-02-27,3,4,5,3,0,3,4,4,2022,0,10,3.3454545454545452,4.2,3.8181818181818183,4.090909090909091,0.6909090909090909,3.229090909090909,-0.05454545454545456,-0.16969696969696976,0.10303030303030304,3.229090909090909
0145-DBFC,Keelia,Studde,Female,34,No Travel,Technology,8,CA,Asian,Masters,Information Systems,Data Scientist,Single,104268,0,No,2014-02-10,No,8,7,7,7,Senior,104268.0,2020-11-18,3,5,2,3,1,2,5,4,2020,-1,8,2.696969696969697,4.2727272727272725,4.484848484848484,3.1818181818181817,0.7272727272727273,3.0727272727272723,0.2857142857142857,-0.2571428571428573,0.08571428571428566,3.0727272727272723
0172-B5D2,Ketti,Keighley,Female,27,Some Travel,Technology,28,CA,White,Masters,Computer Science,Machine Learning Engineer,Married,93291,0,No,2020-09-11,No,2,1,2,1,Junior,93291.0,2022-08-11,3,2,4,3,3,4,4,3,2022,-1,10,4.0,3.0,2.0,4.0,3.0,3.2,0.0,0.0,0.0,3.2
017D-0B97,Maison,Werndley,Male,20,Some Travel,Sales,39,CA,White,High School,Technical Degree,Sales Representative,Married,22558,1,Yes,2020-03-30,No,2,0,1,1,Junior,22558.0,2022-10-09,3,4,3,2,0,4,3,2,2022,-1,10,4.0,3.0,4.0,3.0,0.0,2.8,0.0,0.0,0.0,2.8
0210-E0D8,Yankee,Charteris,Male,36,Some Travel,Sales,7,NY,White,Bachelors,Technical Degree,Sales Executive,Single,243989,0,Yes,2020-07-18,Yes,1,0,1,1,Junior,243989.0,2022-04-01,3,3,3,3,3,5,3,3,2022,0,10,3.6296296296296298,3.185185185185185,3.314814814814815,3.1296296296296298,1.2592592592592593,2.903703703703704,-0.016666666666666666,0.26666666666666666,-0.016666666666666673,2.903703703703704
022A-0219,Francine,Fernez,Female,32,Frequent Traveller,Technology,14,IL,Native American,Bachelors,Business Studies,Software Engineer,Married,86639,0,No,2012-05-21,No,10,3,9,5,Mid,86639.0,2022-10-07,5,3,2,3,1,5,3,3,2022,0,10,3.326923076923077,4.019230769230769,3.4423076923076925,3.230769230769231,1.3461538461538463,3.0730769230769233,-0.22619047619047625,-0.05952380952380955,-0.1785714285714286,3.0730769230769233
0240-4D29,Kaylil,Blenkiron,Non-Binary,35,Some Travel,Technology,31,CA,Asian,Masters,Computer Science,Software Engineer,Single,77269,0,No,2014-09-13,No,8,8,8,6,Senior,77269.0,2022-11-01,4,4,2,3,1,3,5,4,2022,-1,10,3.3777777777777778,3.8,4.5777777777777775,3.911111111111111,0.6666666666666666,3.2666666666666666,-0.2285714285714286,0.11428571428571434,0.08571428571428573,3.2666666666666666
0317-B7BC,Ronni,Beechcraft,Female,23,Some Travel,Sales,7,IL,White,Masters,Marketing,Sales Executive,Married,72622,0,Yes,2020-03-03,No,2,0,2,0,Junior,72622.0,2022-09-29,3,5,4,1,1,2,3,2,2022,-1,10,2.0,3.0,5.0,4.0,1.0,3.0,0.0,0.0,0.0,3.0
0322-D46B,Nikolas,Leslie,Male,32,Some Travel,Sales,39,CA,Black,Masters,Marketing,Sales Executive,Married,105748,2,No,2012-03-28,No,10,0,1,8,Junior,105748.0,2022-03-02,3,4,5,2,2,2,4,3,2022,-1,10,3.0384615384615383,3.769230769230769,3.1538461538461537,3.3076923076923075,1.3269230769230769,2.9192307692307695,-0.11904761904761905,-0.10714285714285718,-0.1666666666666667,2.9192307692307695
03C5-51AD,Maxie,Banker,Female,25,Some Travel,Technology,1,IL,White,High School,Computer Science,Data Scientist,Married,32354,1,Yes,2015-12-06,Yes,7,4,6,2,Mid,32354.0,2022-03-29,5,4,4,3,1,4,3,2,2022,-1,10,3.890909090909091,4.418181818181818,4.109090909090909,4.0,0.8,3.443636363636364,0.2060606060606061,-0.006060606060606062,-0.0666666666666667,3.443636363636364
03D3-AA88,Mycah,Brolechan,Male,23,Some Travel,Technology,8,NY,White,Masters,Other,Software Engineer,Married,42250,2,No,2018-03-26,No,4,1,2,4,Junior,42250.0,2022-03-02,4,5,5,2,0,3,3,2,2022,-1,10,2.6666666666666665,3.7037037037037037,4.37037037037037,4.111111111111111,0.2962962962962963,3.0296296296296292,0.49999999999999983,4.886831086417666e-17,-1.0,3.0296296296296292
03D9-FF08,Lynnette,Portinari,Non-Binary,22,Some Travel,Technology,30,CA,White,Masters,Other,Software Engineer,Single,44135,0,No,2020-05-15,No,2,0,1,1,Junior,44135.0,2022-07-07,3,5,3,3,0,5,4,3,2022,-1,10,5.0,3.0,5.0,3.0,0.0,3.2,0.0,0.0,0.0,3.2
03EF-5904,Shepperd,Brittain,Male,31,Some Travel,Technology,45,IL,Native American,Bachelors,Other,Machine Learning Engineer,Married,195261,1,No,2013-09-09,No,9,3,4,5,Mid,195261.0,2022-12-28,4,5,5,3,2,2,4,4,2022,0,10,3.4285714285714284,3.938775510204082,3.36734693877551,3.9591836734693877,1.1224489795918366,3.163265306122449,0.14285714285714282,-0.25,-0.07142857142857141,3.163265306122449
040C-EDED,Lonnie,Braxton,Male,22,Frequent Traveller,Technology,45,CA,White,High School,Computer Science,Software Engineer,Single,26782,0,Yes,2019-11-08,Yes,3,0,2,0,Junior,26782.0,2022-08-12,5,3,3,3,2,2,3,2,2022,-1,10,2.6666666666666665,4.314814814814815,3.685185185185185,2.9074074074074074,0.9444444444444444,2.9037037037037035,-0.18333333333333335,-2.5491551408861472e-17,-0.08333333333333334,2.9037037037037035
041A-31B0,Gerri,Fullerlove,Female,34,Some Travel,Technology,41,NY,Black,Bachelors,Computer Science,Software Engineer,Married,50386,1,No,2012-05-20,No,10,8,9,10,Senior,50386.0,2022-01-28,4,2,4,2,0,5,3,2,2022,-1,10,3.4615384615384617,3.2884615384615383,2.8461538461538463,3.519230769230769,1.4230769230769231,2.907692307692308,-0.5000000000000002,0.10714285714285716,-0.1428571428571429,2.907692307692308
04D7-C8F3,Scarlett,Elstob,Female,26,Some Travel,Technology,27,CA,White,High School,Computer Science,Data Scientist,Married,42052,1,No,2015-10-26,No,7,7,7,2,Senior,42052.0,2022-08-13,1,1,3,3,2,4,4,4,2022,0,10,4.05,3.25,2.55,3.95,0.725,2.9050000000000002,-0.19999999999999998,0.20000000000000004,0.3000000000000001,2.9050000000000002
04E6-6B61,Rodd,Haddow,Male,29,Some Travel,Sales,17,CA,White,Masters,Marketing,Sales Executive,Single,140158,0,No,2021-01-04,No,1,0,1,1,Junior,140158.0,2022-09-28,5,2,2,3,1,3,3,2,2022,-1,10,3.0,5.0,2.0,2.0,1.0,2.6,0.0,0.0,0.0,2.6
0592-D909,Jamill,Woolger,Male,39,Frequent Traveller,Technology,42,NY,White,Bachelors,Information Systems,Analytics Manager,Married,495977,1,No,2020-04-30,No,2,2,2,0,Mid,495977.0,2022-01-04,5,4,3,3,1,3,5,5,2022,0,10,3.0,5.0,4.0,3.0,1.0,3.2,0.0,0.0,0.0,3.2
05B0-755F,Sollie,Arnke,Male,44,Some Travel,Technology,29,CA,Asian,Bachelors,Computer Science,Data Scientist,Married,57890,0,No,2013-05-24,No,9,8,8,8,Senior,57890.0,2022-01-19,3,3,5,1,0,5,4,4,2022,0,10,3.0816326530612246,3.489795918367347,3.163265306122449,3.693877551020408,0.3877551020408163,2.7632653061224492,-0.21428571428571427,0.14285714285714282,0.07142857142857138,2.7632653061224492
05CD-292D,Buddie,Desforges,Male,24,Some Travel,Technology,1,CA,White,Bachelors,Other,Software Engineer,Single,54501,0,No,2018-08-01,No,4,4,4,2,Mid,54501.0,2022-04-27,5,3,4,1,2,2,4,4,2022,0,10,3.2962962962962963,4.407407407407407,2.6666666666666665,4.62962962962963,1.6296296296296295,3.325925925925926,4.886831086417666e-17,-0.5000000000000001,0.49999999999999983,3.325925925925926
05DA-5423,Moira,Forsey,Female,26,Some Travel,Technology,16,CA,Native American,High School,Business Studies,Software Engineer,Married,34630,0,No,2016-07-30,No,6,2,6,0,Mid,34630.0,2022-10-16,4,5,5,1,1,5,4,3,2022,-1,10,3.823529411764706,3.9705882352941178,4.294117647058823,3.8529411764705883,0.5,3.288235294117648,0.29999999999999993,0.5,0.09999999999999998,3.288235294117648
05ED-92F1,Justus,MacCall,Non-Binary,27,Frequent Traveller,Sales,41,CA,Asian,Bachelors,Marketing,Sales Representative,Single,28984,0,Yes,2016-10-10,Yes,3,1,1,0,Junior,28984.0,2022-01-08,3,5,4,1,3,4,4,3,2022,-1,10,3.381818181818182,3.727272727272727,3.672727272727273,2.9272727272727272,1.4181818181818182,3.0254545454545454,-0.1515151515151515,0.05454545454545455,0.07878787878787875,3.0254545454545454
05F0-6F7B,Ashlee,Mc Combe,Female,24,Some Travel,Technology,5,NY,White,No Formal Qualifications,Information Systems,Data Scientist,Single,100818,0,No,2017-12-24,No,5,1,3,0,Junior,100818.0,2022-04-02,5,3,2,1,0,4,5,5,2022,0,10,2.7777777777777777,3.4444444444444446,3.2962962962962963,2.6666666666666665,0.6296296296296297,2.562962962962963,-0.49999999999999983,1.4999999999999998,9.773662172835332e-17,2.562962962962963
0626-7020,Ketti,Carney,Female,24,No Travel,Technology,7,CA,Black,High School,Information Systems,Senior Software Engineer,Married,126527,1,Yes,2017-10-01,No,5,1,5,3,Junior,126527.0,2022-04-24,3,5,2,1,2,4,5,5,2022,0,10,4.0,3.0,5.0,3.259259259259259,1.7037037037037037,3.3925925925925924,0.0,0.0,9.773662172835332e-17,3.3925925925925924
0678-748A,Maurits,Farmery,Male,25,Some Travel,Sales,4,CA,Pacific Islander,High School,Economics,Sales Executive,Divorced,57698,2,Yes,2015-05-11,Yes,6,5,6,2,Senior,57698.0,2022-01-02,3,2,4,1,0,2,3,2,2022,-1,10,3.1636363636363636,4.218181818181818,3.4909090909090907,3.4727272727272727,1.2,3.1090909090909085,0.1272727272727273,-0.09090909090909093,0.06666666666666665,3.1090909090909085
0697-ADC3,Robert,Muffitt,Male,38,No Travel,Technology,4,CA,White,Bachelors,Information Systems,Software Engineer,Divorced,45942,1,Yes,2014-01-30,No,8,4,5,8,Mid,45942.0,2022-12-21,4,5,2,1,0,4,5,5,2022,0,10,3.3877551020408165,4.163265306122449,3.9183673469387754,2.857142857142857,1.0,3.0653061224489795,0.10714285714285711,0.17857142857142852,0.4999999999999999,3.0653061224489795
06B9-B79D,Roseanne,Thrustle,Female,21,Some Travel,Sales,36,CA,White,Bachelors,Marketing,Sales Executive,Married,76057,2,No,2020-12-12,Yes,1,0,0,0,Junior,76057.0,2022-03-03,3,4,5,1,1,4,4,4,2022,0,10,3.5925925925925926,4.074074074074074,3.314814814814815,3.5925925925925926,0.8888888888888888,3.0925925925925926,0.08333333333333338,0.1333333333333334,-0.03333333333333333,3.0925925925925926
06E8-4FD4,Emilee,Wenham,Female,20,Some Travel,Sales,32,CA,Black,High School,Marketing,Sales Representative,Married,38532,3,Yes,2022-12-03,Yes,0,0,0,0,Junior,38532.0,2022-06-03,5,3,5,2,1,3,3,3,2022,0,10,3.7222222222222223,4.111111111111111,3.0555555555555554,3.5,1.4259259259259258,3.162962962962963,0.049999999999999975,0.05,0.049999999999999954,3.162962962962963
0742-C802,Glennis,Miquelet,Female,24,Frequent Traveller,Technology,30,NY,White,Masters,Information Systems,Senior Software Engineer,Married,66110,2,Yes,2019-07-24,No,3,2,2,0,Mid,66110.0,2022-05-27,5,4,5,3,3,2,3,2,2022,-1,10,3.4210526315789473,5.0,4.0,5.0,3.0,4.084210526315789,0.0,-2.9999999999999996,0.0,4.084210526315789
076F-8AA3,Reese,Dibbert,Male,39,Some Travel,Technology,5,CA,White,High School,Computer Science,Data Scientist,Single,58685,0,No,2012-03-08,Yes,9,6,6,2,Senior,58685.0,2022-04-05,1,4,3,3,0,4,4,4,2022,0,10,3.709090909090909,3.4545454545454546,3.2181818181818183,3.981818181818182,0.8,3.032727272727273,0.21212121212121215,0.006060606060606057,0.012121212121212118,3.032727272727273
07AF-3631,Ignazio,Bendixen,Male,25,No Travel,Sales,35,NY,White,Masters,Marketing,Sales Executive,Divorced,149519,1,Yes,2016-02-03,No,6,2,4,3,Mid,149519.0,2021-08-01,4,3,3,2,1,2,3,3,2021,0,9,2.7,3.7666666666666666,2.7666666666666666,3.3666666666666667,1.0,2.72,0.09999999999999998,-0.29999999999999993,-5.613212389875622e-17,2.72
07B2-D67A,Rossie,Everleigh,Male,44,Some Travel,Sales,40,NY,White,High School,Economics,Manager,Divorced,285620,1,No,2012-01-30,No,10,6,8,4,Senior,285620.0,2022-04-01,4,4,3,2,1,4,5,4,2022,-1,10,3.3846153846153846,3.519230769230769,3.7115384615384617,3.75,0.7307692307692307,3.019230769230769,-0.04761904761904763,-0.1428571428571429,0.22619047619047628,3.019230769230769
07C3-7429,Hendrik,Blenkharn,Male,26,Some Travel,Technology,18,CA,Asian,Bachelors,Information Systems,Machine Learning Engineer,Divorced,54470,1,No,2016-07-21,No,6,0,6,3,Junior,54470.0,2022-06-14,5,3,3,1,0,3,3,2,2022,-1,10,3.8823529411764706,4.5588235294117645,4.0,2.2941176470588234,0.20588235294117646,2.9882352941176467,-5.613212389875622e-17,-0.7999999999999998,-0.09999999999999998,2.9882352941176467
07F1-62C3,Bertrand,Davidsen,Male,27,Frequent Traveller,Technology,9,NY,Black,Masters,Computer Science,Software Engineer,Married,39001,0,Yes,2015-03-03,No,7,7,7,4,Senior,39001.0,2022-09-07,3,4,4,2,0,2,5,5,2022,0,10,3.225,4.075,2.875,3.875,0.875,2.9850000000000003,0.3,-0.7000000000000001,0.5,2.9850000000000003
07F5-A45D,Willdon,Spurgin,Male,24,Frequent Traveller,Sales,23,CA,Asian,High School,Economics,Sales Representative,Single,38448,0,Yes,2018-08-09,Yes,4,3,3,2,Mid,38448.0,2022-09-21,2,1,2,3,0,3,4,3,2022,-1,10,3.388888888888889,3.2037037037037037,2.4814814814814814,2.8703703703703702,0.6111111111111112,2.511111111111111,-0.1666666666666667,0.05,-0.10000000000000002,2.511111111111111
07F6-D61B,Jodee,Vala,Female,23,Some Travel,Technology,5,NY,White,Bachelors,Information Systems,Software Engineer,Divorced,23995,1,No,2018-04-27,No,4,4,4,0,Mid,23995.0,2022-09-26,3,4,5,1,1,3,3,2,2022,-1,10,3.925925925925926,3.3333333333333335,3.3703703703703702,4.407407407407407,1.3703703703703705,3.2814814814814817,0.49999999999999983,-0.9999999999999997,-1.4999999999999991,3.2814814814814817
0846-2064,Hedvige,De Wolfe,Non-Binary,33,Some Travel,Technology,44,CA,White,Bachelors,Information Systems,Analytics Manager,Single,230945,0,No,2019-07-09,No,3,0,2,0,Junior,230945.0,2022-03-23,3,4,4,1,0,3,3,2,2022,-1,10,2.526315789473684,3.0,2.5789473684210527,2.5789473684210527,0.47368421052631576,2.231578947368421,2.9999999999999996,0.9999999999999997,-1.9999999999999993,2.231578947368421
085C-7FC2,Emmerich,Wallicker,Male,47,No Travel,Sales,17,NY,White,Masters,Other,Sales Executive,Married,176158,0,No,2012-04-13,No,10,9,10,2,Senior,176158.0,2022-11-19,5,4,2,3,1,4,5,4,2022,-1,10,4.0576923076923075,4.480769230769231,3.9038461538461537,3.173076923076923,1.3269230769230769,3.388461538461539,-0.11904761904761908,-0.08333333333333336,0.21428571428571436,3.388461538461539
0868-097F,Modesty,Kingescot,Non-Binary,33,Some Travel,Technology,26,CA,White,Bachelors,Information Systems,Engineering Manager,Single,267009,0,No,2013-09-23,No,9,0,1,7,Junior,267009.0,2022-10-30,2,1,4,3,2,3,4,3,2022,-1,10,3.2857142857142856,3.816326530612245,2.4285714285714284,3.0408163265306123,2.0408163265306123,2.9224489795918367,-0.49999999999999983,5.758524823251576e-18,-0.14285714285714282,2.9224489795918367
08AC-30AB,Wolf,Sainsbury,Male,51,Some Travel,Technology,30,NY,White,Bachelors,Computer Science,Analytics Manager,Divorced,232658,1,No,2021-01-17,No,1,1,1,1,Junior,232658.0,2022-12-10,5,3,3,1,0,5,3,2,2022,-1,10,5.0,5.0,3.0,3.0,0.0,3.2,0.0,0.0,0.0,3.2
08E4-D3D5,Olvan,Coatham,Male,21,Some Travel,Technology,25,NY,White,Masters,Computer Science,Data Scientist,Single,34634,0,No,2019-12-11,Yes,1,1,1,1,Junior,34634.0,2022-05-05,5,4,4,3,1,3,5,5,2022,0,10,2.888888888888889,4.074074074074074,3.074074074074074,3.314814814814815,1.037037037037037,2.8777777777777778,-0.03333333333333338,1.1254677181983197e-18,0.25,2.8777777777777778
08FC-817E,Milka,Vinas,Female,26,Some Travel,Technology,43,NY,Black,Masters,Computer Science,Software Engineer,Married,30217,1,No,2015-09-04,No,7,2,4,0,Mid,30217.0,2022-12-14,3,4,2,3,0,3,3,2,2022,-1,10,3.0,3.925,2.65,3.275,1.05,2.7800000000000002,0.19999999999999998,0.0,-0.09999999999999999,2.7800000000000002
097B-A688,Hillard,Hulson,Male,23,Some Travel,Technology,33,NY,Pacific Islander,High School,Information Systems,Data Scientist,Married,26198,1,Yes,2017-04-04,No,5,4,4,0,Mid,26198.0,2022-12-29,4,3,4,2,0,1,5,5,2022,0,10,2.176470588235294,4.0,2.5,3.0588235294117645,0.7647058823529411,2.5,2.806606194937811e-17,-0.4999999999999999,0.5,2.5
09D2-46BD,Karyl,Ponten,Female,26,Some Travel,Sales,42,CA,White,Bachelors,Marketing,Sales Executive,Married,92364,1,Yes,2016-07-12,No,6,4,5,6,Mid,92364.0,2022-07-27,5,5,3,1,1,4,4,3,2022,-1,10,4.088235294117647,4.264705882352941,3.911764705882353,3.2058823529411766,1.2647058823529411,3.3470588235294114,1.0999999999999996,0.5999999999999999,2.682524990494393e-17,3.3470588235294114
0A05-3943,Sherie,Pattington,Female,26,Some Travel,Technology,20,CA,White,Bachelors,Business Studies,Software Engineer,Single,33273,0,Yes,2015-01-20,Yes,2,1,1,0,Junior,33273.0,2022-05-15,3,4,2,3,0,5,3,2,2022,-1,10,3.327272727272727,3.581818181818182,3.8727272727272726,3.1272727272727274,0.7636363636363637,2.9345454545454546,0.04848484848484847,0.08484848484848485,-0.10909090909090909,2.9345454545454546
0A4E-1A4A,Aloysius,Holdren,Male,22,No Travel,Sales,14,CA,Mixed,Bachelors,Technical Degree,Sales Executive,Single,53014,0,Yes,2019-02-04,No,3,3,3,0,Mid,53014.0,2022-08-17,4,4,3,1,2,3,4,4,2022,0,10,2.526315789473684,4.0,3.0526315789473686,3.9473684210526314,2.473684210526316,3.2,1.9999999999999993,0.9999999999999997,0.0,3.2
0AA2-881A,Jeffrey,Mildmott,Male,25,Some Travel,Technology,28,NY,Other,Masters,Information Systems,Software Engineer,Married,29126,2,No,2016-07-18,No,6,0,2,3,Junior,29126.0,2022-07-03,3,2,3,2,0,4,4,4,2022,0,10,3.3823529411764706,4.411764705882353,2.9705882352941178,3.264705882352941,0.7647058823529411,2.9588235294117653,-0.19999999999999996,0.8999999999999999,0.2999999999999999,2.9588235294117653
0AE7-DDE2,Martyn,Rathke,Male,23,Some Travel,Technology,8,CA,White,High School,Information Systems,Machine Learning Engineer,Married,46850,1,No,2018-10-20,No,4,3,4,2,Mid,46850.0,2022-08-22,3,4,4,3,0,5,3,2,2022,-1,10,4.333333333333333,4.2592592592592595,3.037037037037037,4.296296296296297,0.9629629629629629,3.3777777777777778,0.4999999999999999,9.773662172835332e-17,-0.49999999999999983,3.3777777777777778
0AF4-EC15,Gwenore,Bernucci,Female,24,Some Travel,Sales,33,CA,Pacific Islander,Bachelors,Marketing,Sales Executive,Single,91915,0,No,2018-07-23,No,4,0,4,4,Junior,91915.0,2022-09-08,3,3,3,2,1,4,5,5,2022,0,10,3.6296296296296298,3.5925925925925926,3.6666666666666665,2.962962962962963,1.2962962962962963,3.0296296296296292,-1.187575654052147e-16,-0.49999999999999983,1.4999999999999998,3.0296296296296292
0B19-EFB2,Ada,Bynold,Female,39,Frequent Traveller,Technology,25,CA,White,Masters,Computer Science,Engineering Manager,Single,300594,0,Yes,2018-04-24,No,4,1,4,2,Junior,300594.0,2022-01-31,4,4,1,2,0,3,4,4,2022,0,10,3.3333333333333335,4.037037037037037,4.296296296296297,2.925925925925926,1.2962962962962963,3.177777777777778,-0.4999999999999999,-4.886831086417666e-17,0.4999999999999999,3.177777777777778
0B49-32CD,Nettle,Manwaring,Female,20,Some Travel,Technology,30,CA,White,High School,Information Systems,Data Scientist,Divorced,41179,1,No,2020-11-04,No,2,0,0,0,Junior,41179.0,2022-12-22,3,4,4,1,0,3,3,3,2022,0,10,3.0,3.0,4.0,4.0,0.0,2.8,0.0,0.0,0.0,2.8
0B72-0EE6,Noll,Antoniottii,Male,24,Some Travel,Technology,1,NY,White,Masters,Computer Science,Senior Software Engineer,Married,70849,2,No,2016-09-03,No,6,0,1,6,Junior,70849.0,2022-10-19,3,2,3,2,1,2,3,3,2022,0,10,3.1176470588235294,3.5294117647058822,2.5,3.0588235294117645,1.5,2.7411764705882353,-2.806606194937811e-17,-0.8999999999999997,0.39999999999999986,2.7411764705882353
0BAF-7454,Ninnette,Braganza,Non-Binary,26,Some Travel,Technology,12,NY,White,Masters,Computer Science,Software Engineer,Single,37530,0,No,2017-07-30,No,5,5,5,5,Senior,37530.0,2022-04-09,4,3,3,3,2,2,3,2,2022,-1,10,3.2222222222222223,3.7037037037037037,3.3333333333333335,2.6296296296296298,1.6296296296296295,2.903703703703704,-4.886831086417666e-17,-1.4999999999999998,0.0,2.903703703703704
0C23-26DD,Bathsheba,Ablewhite,Female,35,Some Travel,Sales,23,NY,White,Bachelors,Economics,Sales Representative,Married,81389,1,No,2013-03-11,No,9,3,7,5,Mid,81389.0,2022-03-08,3,2,5,2,0,2,3,2,2022,-1,10,3.489795918367347,4.224489795918367,2.795918367346939,3.9183673469387754,0.9591836734693877,3.077551020408163,-0.35714285714285704,-0.14285714285714282,-0.24999999999999994,3.077551020408163
0C37-B7CF,Maximilien,Bodimeade,Male,22,Some Travel,Technology,18,NY,White,Masters,Information Systems,Senior Software Engineer,Married,68743,0,No,2019-03-23,No,3,0,3,1,Junior,68743.0,2022-10-04,3,4,2,1,2,2,3,2,2022,-1,10,2.0,3.9473684210526314,3.526315789473684,3.4210526315789473,2.473684210526316,3.0736842105263156,0.9999999999999997,0.0,-1.9999999999999993,3.0736842105263156
0C6D-2825,Tann,Lettley,Male,21,Some Travel,Technology,30,CA,White,Bachelors,Computer Science,Software Engineer,Divorced,37164,1,Yes,2019-03-06,No,3,3,3,3,Mid,37164.0,2022-01-02,4,5,5,1,0,5,5,5,2022,0,10,3.5789473684210527,4.0,4.526315789473684,5.0,0.9473684210526315,3.6105263157894734,0.9999999999999997,2.9999999999999996,0.9999999999999997,3.6105263157894734
0C7B-2EA6,Oswell,McCloid,Male,34,Frequent Traveller,Technology,25,NY,Asian,High School,Other,Data Scientist,Married,39015,1,No,2013-09-15,No,9,5,6,4,Senior,39015.0,2022-06-02,5,3,2,3,0,4,4,4,2022,0,10,4.346938775510204,4.326530612244898,2.9183673469387754,3.7142857142857144,0.4489795918367347,3.1510204081632653,0.10714285714285711,0.10714285714285714,0.07142857142857142,3.1510204081632653
0CED-EE28,Ruthy,Pena,Female,48,Some Travel,Technology,25,CA,White,No Formal Qualifications,Computer Science,Data Scientist,Married,47464,0,No,2012-03-06,No,10,4,8,10,Mid,47464.0,2022-12-19,5,3,3,2,1,4,5,4,2022,-1,10,3.4615384615384617,4.173076923076923,3.6923076923076925,3.269230769230769,0.7115384615384616,3.0615384615384618,-0.07142857142857151,0.2619047619047619,-0.07142857142857142,3.0615384615384618
0CF8-1EBD,Franciska,Cubbin,Female,28,Frequent Traveller,Technology,38,CA,Mixed,Masters,Computer Science,Data Scientist,Married,87704,2,No,2015-03-28,No,7,1,3,6,Junior,87704.0,2022-02-12,3,3,2,3,1,2,3,3,2022,0,10,3.475,3.3,3.9,3.025,1.625,3.0650000000000004,-0.39999999999999997,-0.5000000000000001,0.19999999999999998,3.0650000000000004
0CFA-28A3,Duff,Rioch,Male,21,Frequent Traveller,Human Resources,42,CA,Black,Masters,Other,HR Executive,Married,42303,1,Yes,2019-08-13,No,3,2,2,2,Mid,42303.0,2022-02-26,5,4,3,1,1,2,3,3,2022,0,10,3.4210526315789473,5.0,3.526315789473684,3.473684210526316,0.5263157894736842,3.189473684210526,0.9999999999999997,-2.9999999999999996,-0.9999999999999997,3.189473684210526
0D1B-DEC2,Celestine,Kyngdon,Non-Binary,24,Some Travel,Technology,23,CA,Native American,Bachelors,Computer Science,Data Scientist,Single,100586,0,No,2017-04-23,Yes,4,4,4,4,Mid,100586.0,2022-02-09,5,4,3,1,1,4,5,4,2022,-1,10,3.5272727272727273,3.8727272727272726,4.163636363636364,3.4545454545454546,1.3454545454545455,3.2727272727272725,-0.02424242424242425,0.018181818181818167,0.10909090909090909,3.2727272727272725
0D60-C312,Erica,Delany,Female,32,Some Travel,Technology,16,IL,White,Bachelors,Computer Science,Machine Learning Engineer,Married,228427,1,Yes,2021-06-06,No,1,1,1,1,Junior,228427.0,2014-07-16,4,2,4,2,3,5,5,4,2014,-1,2,5.0,4.0,2.0,4.0,3.0,3.6,0.0,0.0,0.0,3.6
0D8F-C0F3,Cathrine,Lankford,Female,29,Some Travel,Technology,44,CA,Asian,Bachelors,Business Studies,Data Scientist,Divorced,67578,1,No,2013-06-10,Yes,1,0,0,0,Junior,67578.0,2022-04-04,4,2,4,1,0,2,3,3,2022,0,10,3.109090909090909,4.036363636363636,3.290909090909091,3.418181818181818,0.7636363636363637,2.9236363636363634,-0.2727272727272728,-0.1272727272727273,-0.15151515151515152,2.9236363636363634
0DBC-596E,Dita,Perch,Non-Binary,44,Some Travel,Technology,14,CA,Black,High School,Computer Science,Data Scientist,Single,92634,0,Yes,2013-04-06,No,9,8,9,9,Senior,92634.0,2022-02-13,5,2,2,2,1,4,5,5,2022,0,10,3.183673469387755,4.285714285714286,3.326530612244898,3.4285714285714284,1.3061224489795917,3.1061224489795918,-0.17857142857142852,0.07142857142857141,0.46428571428571414,3.1061224489795918
0DC1-7EE4,Juliette,Nissle,Female,25,No Travel,Technology,28,CA,White,Masters,Other,Senior Software Engineer,Single,68762,0,Yes,2017-09-23,No,5,3,5,4,Mid,68762.0,2022-09-07,4,5,5,2,0,3,3,2,2022,-1,10,3.0,2.7037037037037037,3.740740740740741,4.074074074074074,0.3333333333333333,2.7703703703703706,1.0,0.0,-0.9999999999999997,2.7703703703703706
0E79-8257,Noby,Lifton,Male,25,Frequent Traveller,Technology,35,NY,White,High School,Information Systems,Data Scientist,Single,28139,0,No,2016-05-23,No,6,1,1,5,Junior,28139.0,2022-07-07,5,3,2,1,1,4,4,3,2022,-1,10,2.8529411764705883,4.176470588235294,2.088235294117647,3.6470588235294117,0.9117647058823529,2.735294117647059,0.6,0.6999999999999998,-0.19999999999999993,2.735294117647059
0E85-1FC5,Pet,Dow,Female,31,Some Travel,Technology,21,CA,White,Bachelors,Computer Science,Senior Software Engineer,Divorced,127182,1,No,2020-03-08,No,2,0,0,1,Junior,127182.0,2022-11-14,5,5,2,2,1,4,5,4,2022,-1,10,4.0,5.0,5.0,2.0,1.0,3.4,0.0,0.0,0.0,3.4
0EA5-3A95,Brooks,Lackeye,Female,25,Some Travel,Technology,22,NY,Mixed,Bachelors,Business Studies,Software Engineer,Married,53271,1,No,2017-11-19,No,5,5,5,1,Senior,53271.0,2022-06-07,2,2,4,3,1,3,3,2,2022,-1,10,4.2592592592592595,2.925925925925926,2.5925925925925926,4.296296296296297,0.7037037037037037,2.955555555555556,-0.9999999999999996,-0.9999999999999997,-1.187575654052147e-16,2.955555555555556
0F2B-3457,Steven,Bucktrout,Male,19,Frequent Traveller,Sales,14,NY,White,High School,Marketing,Sales Executive,Single,74458,1,Yes,2021-01-10,No,1,0,0,1,Junior,74458.0,2022-09-05,3,3,4,2,0,2,5,5,2022,0,10,2.0,3.0,3.0,4.0,0.0,2.4,0.0,0.0,0.0,2.4
0F53-9877,Verina,Bottrell,Female,24,Some Travel,Technology,5,CA,White,Masters,Computer Science,Data Scientist,Single,100576,0,No,2019-12-16,No,3,0,0,0,Junior,100576.0,2019-02-22,4,4,3,3,0,5,3,2,2019,-1,7,5.0,4.0,4.0,3.0,0.0,3.2,0.0,0.0,0.0,3.2
0F83-39C1,Samantha,Beames,Female,30,Some Travel,Technology,33,CA,Black,High School,Information Systems,Software Engineer,Single,55485,0,No,2013-12-25,No,9,8,9,2,Senior,55485.0,2022-05-23,4,3,5,2,1,5,4,4,2022,0,10,3.877551020408163,3.9591836734693877,3.3469387755102042,3.63265306122449,0.7142857142857143,3.1061224489795918,-0.14285714285714285,0.035714285714285705,0.03571428571428569,3.1061224489795918
0FBB-4ABE,Heywood,Westnage,Male,24,Some Travel,Technology,16,CA,Native American,Masters,Computer Science,Senior Software Engineer,Married,82174,2,No,2019-01-11,No,3,2,2,3,Mid,82174.0,2022-09-26,5,4,4,1,3,5,4,3,2022,-1,10,3.5789473684210527,4.052631578947368,4.0,4.0,1.5789473684210527,3.4421052631578943,0.0,2.9999999999999996,0.0,3.4421052631578943
0FC3-2572,Bertie,Tarling,Female,24,No Travel,Sales,30,CA,White,Masters,Marketing,Sales Representative,Divorced,28898,2,No,2019-11-15,No,3,0,1,0,Junior,28898.0,2014-03-21,3,2,4,1,2,4,4,4,2014,0,2,4.0,3.0,2.0,4.0,2.0,3.0,0.0,0.0,0.0,3.0
0FC8-561B,Caryl,Loving,Male,29,Frequent Traveller,Technology,14,IL,Asian,Bachelors,Computer Science,Senior Software Engineer,Married,93591,1,No,2012-02-22,No,10,4,10,3,Mid,93591.0,2022-07-08,4,5,2,2,3,5,4,4,2022,0,10,3.5384615384615383,3.9615384615384617,3.019230769230769,3.326923076923077,1.1538461538461537,3.0,0.1785714285714286,0.04761904761904763,-0.03571428571428576,3.0
0FE8-B881,Rockie,Iseton,Male,25,Some Travel,Sales,12,IL,Asian,Bachelors,Marketing,Sales Executive,Divorced,118048,2,No,2018-09-14,No,4,4,4,3,Mid,118048.0,2019-10-04,5,2,5,2,3,4,5,4,2019,-1,7,3.111111111111111,3.7777777777777777,3.5555555555555554,3.4444444444444446,2.1666666666666665,3.2111111111111112,-0.9999999999999998,0.9999999999999997,1.187575654052147e-16,3.2111111111111112
0FEB-B474,Morten,Ridgley,Male,44,Some Travel,Sales,35,NY,White,Bachelors,Marketing,Sales Executive,Divorced,223619,1,No,2020-04-24,No,2,0,2,1,Junior,223619.0,2022-07-09,5,5,5,2,0,5,3,2,2022,-1,10,5.0,5.0,5.0,5.0,0.0,4.0,0.0,0.0,0.0,4.0
1053-41B1,Andy,Lingwood,Female,19,Some Travel,Technology,24,CA,White,High School,Computer Science,Data Scientist,Single,31014,1,No,2021-06-16,No,1,1,1,0,Junior,31014.0,2021-11-22,4,5,4,1,3,4,5,5,2021,0,9,4.0,4.0,5.0,4.0,3.0,4.0,0.0,0.0,0.0,4.0
1054-9C3B,Elizabeth,Babbe,Female,30,Some Travel,Technology,1,IL,Asian,Masters,Other,Data Scientist,Married,40285,0,Yes,2013-03-21,Yes,1,1,1,0,Junior,40285.0,2022-03-04,4,3,3,1,0,5,5,4,2022,-1,10,4.090909090909091,3.8181818181818183,3.1454545454545455,2.909090909090909,0.8727272727272727,2.9672727272727277,-0.10303030303030306,0.26060606060606056,-0.054545454545454536,2.9672727272727277
106F-F7C7,Amelia,Izard,Female,25,Some Travel,Technology,13,NY,Black,No Formal Qualifications,Information Systems,Analytics Manager,Married,168483,0,Yes,2018-01-20,No,4,2,3,1,Mid,168483.0,2022-08-12,3,3,5,1,0,4,5,5,2022,0,10,3.740740740740741,3.3333333333333335,2.6666666666666665,5.0,0.2962962962962963,3.007407407407407,4.886831086417666e-17,0.9999999999999993,0.5000000000000001,3.007407407407407
10C9-925C,Mechelle,Kyte,Female,22,Some Travel,Technology,40,IL,White,Masters,Computer Science,Senior Software Engineer,Married,66266,1,No,2021-01-31,No,1,0,1,1,Junior,66266.0,2022-06-30,4,4,3,1,2,3,4,4,2022,0,10,3.0,4.0,4.0,3.0,2.0,3.2,0.0,0.0,0.0,3.2
10CE-8403,Timmy,Reek,Female,27,Some Travel,Technology,31,CA,White,Masters,Computer Science,Senior Software Engineer,Divorced,120225,2,No,2015-11-08,No,7,2,5,4,Mid,120225.0,2022-12-20,4,4,5,2,3,2,4,4,2022,0,10,3.2,4.125,3.875,3.65,1.575,3.285,0.3,-0.7999999999999999,0.3,3.285
10E9-4C86,Ignacius,Dockrill,Non-Binary,34,Frequent Traveller,Technology,12,CA,White,High School,Computer Science,Data Scientist,Married,44057,1,Yes,2014-05-17,No,8,7,7,1,Senior,44057.0,2022-04-16,3,3,4,3,0,5,3,2,2022,-1,10,4.2,3.888888888888889,2.466666666666667,3.0444444444444443,0.5333333333333333,2.8266666666666667,-0.0857142857142857,0.0857142857142857,-0.17142857142857143,2.8266666666666667
111D-E5EF,Edna,Alison,Non-Binary,37,Some Travel,Technology,3,IL,White,Bachelors,Computer Science,Software Engineer,Divorced,48395,1,No,2012-01-15,No,10,2,2,4,Mid,48395.0,2020-02-15,5,4,3,3,1,4,4,4,2020,0,8,3.9722222222222223,4.166666666666667,4.0,3.611111111111111,1.1111111111111112,3.3722222222222222,0.32142857142857145,0.40476190476190504,0.2023809523809524,3.3722222222222222
1147-7E2F,Timotheus,Antowski,Male,22,Some Travel,Technology,23,CA,Mixed,Bachelors,Computer Science,Data Scientist,Single,37021,0,No,2018-07-15,Yes,3,0,1,2,Junior,37021.0,2021-04-24,2,2,2,2,1,3,4,4,2021,0,9,3.4444444444444446,3.8444444444444446,2.7777777777777777,2.3333333333333335,0.7777777777777778,2.635555555555556,-0.3333333333333334,-2.7936224324416735e-17,0.18333333333333335,2.635555555555556
1158-9E23,Delly,Costerd,Female,41,Some Travel,Technology,22,CA,White,Bachelors,Computer Science,Machine Learning Engineer,Single,235812,0,No,2019-05-27,No,3,1,2,2,Junior,235812.0,2022-10-13,4,3,2,1,1,4,4,4,2022,0,10,3.526315789473684,2.5789473684210527,2.526315789473684,2.9473684210526314,1.0,2.515789473684211,0.9999999999999997,0.9999999999999997,0.0,2.515789473684211
1180-BEC9,Edgardo,McGeouch,Male,43,Some Travel,Technology,17,CA,White,Bachelors,Computer Science,Software Engineer,Married,50946,0,Yes,2014-03-15,Yes,8,6,7,3,Senior,50946.0,2022-01-30,4,2,4,1,1,3,4,4,2022,0,10,3.290909090909091,3.4545454545454546,2.890909090909091,3.036363636363636,0.9818181818181818,2.730909090909091,-0.13939393939393943,-0.33939393939393947,-0.006060606060606049,2.730909090909091
11AE-3E4D,Sheffie,Tonkin,Male,39,Some Travel,Sales,38,CA,Mixed,High School,Technical Degree,Manager,Married,300299,1,Yes,2012-02-19,No,10,7,7,10,Senior,300299.0,2022-05-04,4,3,3,3,3,3,4,4,2022,0,10,3.3461538461538463,4.019230769230769,4.0,3.4038461538461537,0.9423076923076923,3.142307692307692,-0.15476190476190485,0.11904761904761908,-0.11904761904761908,3.142307692307692
11C2-2B5B,Aurlie,Demeza,Female,26,Frequent Traveller,Technology,14,NY,Mixed,Bachelors,Computer Science,Machine Learning Engineer,Divorced,92778,1,No,2016-11-09,No,6,6,6,1,Senior,92778.0,2022-09-01,5,3,5,3,0,2,5,4,2022,-1,10,2.9411764705882355,4.588235294117647,3.0588235294117645,3.5,0.4117647058823529,2.9,0.39999999999999986,-0.3999999999999999,-0.09999999999999992,2.9
1217-CE30,Marchelle,Duffield,Female,45,Some Travel,Sales,34,CA,Native American,Bachelors,Marketing,Sales Executive,Divorced,173037,3,No,2013-03-26,No,9,4,9,3,Mid,173037.0,2022-07-29,3,2,5,3,1,5,5,4,2022,-1,10,4.081632653061225,3.8979591836734695,2.836734693877551,3.5918367346938775,1.3061224489795917,3.142857142857143,-0.035714285714285705,0.14285714285714282,0.10714285714285714,3.142857142857143
1243-8B63,Jourdain,Kither,Male,26,Some Travel,Technology,17,NY,Black,Masters,Business Studies,Senior Software Engineer,Married,110761,1,No,2017-12-18,No,5,0,5,3,Junior,110761.0,2022-07-13,5,3,2,1,1,5,4,4,2022,0,10,3.740740740740741,4.666666666666667,2.7037037037037037,2.5925925925925926,1.3703703703703705,3.014814814814815,0.49999999999999983,1.0,0.0,3.014814814814815
12A7-AFD6,Garrek,Riditch,Non-Binary,24,Some Travel,Sales,22,CA,Mixed,Bachelors,Marketing,Sales Executive,Married,53530,0,Yes,2018-09-19,No,4,3,3,1,Mid,53530.0,2019-10-10,5,3,4,3,0,3,3,2,2019,-1,7,3.3333333333333335,4.666666666666667,2.7222222222222223,4.055555555555555,0.6111111111111112,3.0777777777777775,0.49999999999999983,-4.886831086417666e-17,-1.4999999999999991,3.0777777777777775
12B5-11CC,Vitoria,MacVaugh,Female,30,Some Travel,Technology,8,IL,White,Bachelors,Information Systems,Software Engineer,Married,70771,1,No,2012-03-08,No,10,9,9,2,Senior,70771.0,2022-11-26,4,4,5,3,0,4,5,5,2022,0,10,4.153846153846154,4.269230769230769,3.519230769230769,3.4038461538461537,1.1923076923076923,3.307692307692308,-0.130952380952381,-0.11904761904761908,0.17857142857142858,3.307692307692308
12F7-BCBB,Clea,MacCartan,Female,48,Frequent Traveller,Sales,2,CA,White,No Formal Qualifications,Technical Degree,Sales Representative,Single,37124,0,No,2013-12-06,Yes,9,8,8,7,Senior,37124.0,2022-01-12,5,2,3,2,1,4,4,4,2022,0,10,3.5636363636363635,4.2727272727272725,3.3636363636363638,3.727272727272727,0.7818181818181819,3.1418181818181816,-0.0909090909090909,-0.2909090909090909,-0.10909090909090904,3.1418181818181816
130F-32AB,Lucretia,Leebeter,Female,20,Some Travel,Technology,6,CA,White,No Formal Qualifications,Computer Science,Software Engineer,Single,30714,0,Yes,2020-06-05,Yes,2,0,1,1,Junior,30714.0,2022-09-30,5,3,2,3,0,5,5,5,2022,0,10,4.166666666666667,4.425925925925926,3.3333333333333335,2.962962962962963,0.7222222222222222,3.1222222222222222,-3.3764031545949587e-18,0.05000000000000001,0.033333333333333354,3.1222222222222222
132B-F2B2,Erica,Dracksford,Female,35,Some Travel,Technology,36,CA,White,Masters,Computer Science,Software Engineer,Married,59086,1,Yes,2012-03-04,No,10,2,8,4,Mid,59086.0,2022-07-09,3,4,5,1,1,5,3,2,2022,-1,10,3.8653846153846154,4.115384615384615,4.134615384615385,4.076923076923077,1.3846153846153846,3.5153846153846153,-0.1428571428571429,0.2976190476190478,0.047619047619047665,3.5153846153846153
134B-4157,Stearne,Axelbee,Male,37,Some Travel,Technology,29,IL,White,Bachelors,Computer Science,Analytics Manager,Married,513608,0,No,2013-09-03,No,9,4,7,3,Mid,513608.0,2022-08-31,3,3,4,3,1,2,4,4,2022,0,10,3.510204081632653,4.0,3.6530612244897958,3.8979591836734695,1.0204081632653061,3.216326530612245,-0.10714285714285711,-0.10714285714285714,0.17857142857142852,3.216326530612245
1359-BEE3,Fawn,Pyke,Female,41,No Travel,Technology,22,CA,Pacific Islander,Bachelors,Computer Science,Data Scientist,Married,52581,0,No,2013-12-09,No,9,8,8,7,Senior,52581.0,2022-01-04,3,3,5,1,0,2,3,3,2022,0,10,3.2653061224489797,4.183673469387755,3.4285714285714284,4.081632653061225,1.0408163265306123,3.1999999999999997,2.1391814275607564e-17,-0.28571428571428564,0.07142857142857141,3.1999999999999997
1363-6BF9,Mikel,Worrall,Male,36,Some Travel,Technology,10,CA,Other,Bachelors,Business Studies,Senior Software Engineer,Single,189405,0,No,2013-05-23,No,9,4,6,7,Mid,189405.0,2022-11-05,5,5,2,3,1,2,3,3,2022,0,10,3.3469387755102042,4.1020408163265305,4.020408163265306,2.795918367346939,0.30612244897959184,2.914285714285714,0.2857142857142856,-0.3928571428571428,-0.07142857142857142,2.914285714285714
1368-8327,Nataniel,Garrattley,Non-Binary,22,Some Travel,Technology,16,NY,White,No Formal Qualifications,Computer Science,Data Scientist,Married,78467,2,Yes,2021-01-25,No,1,0,1,0,Junior,78467.0,2022-03-22,4,5,2,3,0,2,4,3,2022,-1,10,2.0,4.0,5.0,2.0,0.0,2.6,0.0,0.0,0.0,2.6
138C-2AEA,Susannah,Gorioli,Female,22,No Travel,Sales,16,IL,White,No Formal Qualifications,Marketing,Sales Representative,Divorced,27053,3,No,2020-04-10,No,2,0,2,2,Junior,27053.0,2022-11-23,5,4,3,2,0,5,3,2,2022,-1,10,5.0,5.0,4.0,3.0,0.0,3.4,0.0,0.0,0.0,3.4
13E5-2F17,Vin,Wandless,Male,24,Frequent Traveller,Technology,15,NY,White,Bachelors,Computer Science,Senior Software Engineer,Divorced,139627,3,No,2016-01-27,Yes,5,0,4,1,Junior,139627.0,2022-05-03,4,2,2,3,1,3,3,2,2022,-1,10,3.327272727272727,3.8,2.9454545454545453,3.109090909090909,0.6909090909090909,2.7745454545454544,-0.2363636363636363,0.01818181818181818,-0.11515151515151523,2.7745454545454544
13E5-8466,Cody,Tipple,Female,47,Some Travel,Sales,14,NY,White,Masters,Marketing,Manager,Single,410970,0,No,2014-12-06,No,8,2,5,8,Mid,410970.0,2022-12-19,2,3,4,1,1,2,4,4,2022,0,10,2.7555555555555555,3.2666666666666666,3.2444444444444445,3.1555555555555554,0.9777777777777777,2.6799999999999997,0.2000000000000001,-0.20000000000000004,0.0857142857142857,2.6799999999999997
13FA-3559,Fionna,Wilkison,Female,38,Some Travel,Sales,13,CA,Black,Bachelors,Marketing,Sales Executive,Divorced,240248,1,Yes,2014-12-14,No,8,4,8,0,Mid,240248.0,2022-07-17,4,4,2,3,1,1,4,4,2022,0,10,3.1777777777777776,4.444444444444445,3.4444444444444446,2.6444444444444444,1.1111111111111112,2.964444444444444,0.2857142857142857,-0.4000000000000001,-0.028571428571428584,2.964444444444444
1453-D3D8,Magnum,Dublin,Non-Binary,27,Some Travel,Technology,4,NY,Asian,Bachelors,Computer Science,Machine Learning Engineer,Married,60967,2,No,2015-08-14,No,7,7,7,0,Senior,60967.0,2022-02-05,4,2,3,3,2,3,4,4,2022,0,10,3.525,4.225,3.05,3.075,1.875,3.15,-0.6000000000000001,-0.3000000000000001,-3.574873224334839e-17,3.15
1472-9F69,Algernon,Harder,Male,27,Some Travel,Sales,1,CA,Black,Masters,Marketing,Sales Representative,Single,30870,0,No,2014-12-28,Yes,3,1,2,3,Junior,30870.0,2022-05-01,3,4,3,3,1,5,5,5,2022,0,10,3.709090909090909,3.8181818181818183,4.1454545454545455,2.963636363636364,0.9818181818181818,3.123636363636364,0.03030303030303031,-0.0606060606060606,-0.04242424242424236,3.123636363636364
151D-1FF2,Kai,Lush,Female,34,Frequent Traveller,Sales,15,CA,White,High School,Marketing,Sales Executive,Single,173246,0,Yes,2012-02-20,Yes,9,4,7,7,Mid,173246.0,2022-02-04,3,4,5,2,0,3,3,2,2022,-1,10,2.5454545454545454,3.7636363636363637,3.418181818181818,3.2181818181818183,0.8363636363636363,2.7563636363636363,-0.1212121212121212,0.030303030303030293,-0.05454545454545453,2.7563636363636363
152E-8DB1,Beth,Kunz,Female,31,Some Travel,Technology,14,NY,Mixed,No Formal Qualifications,Other,Software Engineer,Single,63482,0,No,2012-04-23,Yes,1,0,1,1,Junior,63482.0,2022-04-10,3,2,3,3,0,1,3,3,2022,0,10,2.9272727272727272,3.890909090909091,2.1454545454545455,2.981818181818182,0.8545454545454545,2.56,-0.03636363636363637,-0.24848484848484853,-0.024242424242424242,2.56
155B-42BE,Tommi,Lapish,Female,25,Some Travel,Sales,38,IL,Mixed,High School,Marketing,Sales Executive,Single,57018,0,No,2015-02-21,Yes,1,0,0,0,Junior,57018.0,2022-03-04,5,3,2,2,0,3,4,3,2022,-1,10,3.4727272727272727,4.545454545454546,3.272727272727273,3.6,0.7272727272727273,3.123636363636364,-0.15151515151515155,-0.08484848484848488,-0.15757575757575762,3.123636363636364
15B3-F392,Anthiathia,Streeting,Female,39,Some Travel,Sales,37,IL,Asian,Bachelors,Economics,Sales Representative,Single,65612,0,No,2014-02-23,No,8,2,8,7,Mid,65612.0,2022-08-29,1,1,2,3,3,4,3,3,2022,0,10,3.8666666666666667,3.1333333333333333,2.2888888888888888,2.6222222222222222,1.7555555555555555,2.733333333333333,-0.11428571428571428,0.08571428571428578,-0.2571428571428572,2.733333333333333
15D4-53C2,Bella,Stearn,Prefer Not To Say,33,Some Travel,Sales,30,CA,Mixed,Bachelors,Economics,Sales Executive,Married,90726,0,No,2014-09-17,No,8,0,5,1,Junior,90726.0,2022-10-14,3,1,2,1,2,4,3,2,2022,-1,10,3.533333333333333,3.1333333333333333,3.2666666666666666,3.8666666666666667,1.6222222222222222,3.0844444444444443,-0.6,0.0857142857142857,-0.4285714285714285,3.0844444444444443
1609-65E1,Vita,Cicchelli,Female,33,Frequent Traveller,Technology,34,IL,Asian,High School,Computer Science,Machine Learning Engineer,Single,91407,0,No,2013-04-17,No,9,9,9,4,Senior,91407.0,2022-12-27,5,2,3,2,2,3,4,3,2022,-1,10,3.9183673469387754,4.061224489795919,3.163265306122449,3.693877551020408,1.1020408163265305,3.1877551020408164,-0.21428571428571422,0.10714285714285711,-0.10714285714285711,3.1877551020408164
16B6-9C29,Claribel,Hebron,Female,26,Some Travel,Sales,18,CA,White,High School,Marketing,Sales Executive,Single,62868,0,No,2017-10-09,No,5,2,4,0,Mid,62868.0,2022-06-14,5,5,2,1,0,4,3,2,2022,-1,10,4.0,4.407407407407407,4.407407407407407,2.5925925925925926,0.0,3.0814814814814815,0.9999999999999997,0.0,-0.9999999999999997,3.0814814814814815
1705-0DE5,Lita,Bicker,Female,38,Some Travel,Technology,10,IL,White,Bachelors,Business Studies,Engineering Manager,Married,303360,0,No,2021-10-16,Yes,0,0,0,0,Junior,303360.0,2022-05-21,1,3,1,1,2,4,4,3,2022,-1,10,3.3703703703703702,3.6481481481481484,3.685185185185185,3.3518518518518516,1.5185185185185186,3.1148148148148147,0.11666666666666671,0.03333333333333331,-0.08333333333333336,3.1148148148148147
1749-81A2,Elora,Bentjens,Female,48,Some Travel,Technology,17,CA,Black,Bachelors,Information Systems,Software Engineer,Single,65860,0,No,2012-02-01,No,10,6,7,1,Senior,65860.0,2022-11-22,3,3,2,3,1,4,3,2,2022,-1,10,3.3653846153846154,3.4423076923076925,3.269230769230769,3.076923076923077,1.0961538461538463,2.85,0.023809523809523798,-0.011904761904761892,-0.27380952380952395,2.85
1799-5B3F,Howey,Woolis,Male,24,Some Travel,Sales,21,CA,Black,Masters,Marketing,Sales Executive,Married,85118,3,No,2019-03-18,Yes,0,0,0,0,Junior,85118.0,2022-04-04,3,3,4,1,1,4,3,2,2022,-1,10,3.4444444444444446,3.7777777777777777,3.111111111111111,4.037037037037037,0.7407407407407407,3.022222222222222,-0.3,-2.8019218685017294e-18,0.08333333333333338,3.022222222222222
17AD-99F5,Ursa,O'Deegan,Female,26,Some Travel,Technology,37,NY,Mixed,Bachelors,Computer Science,Software Engineer,Single,26296,0,Yes,2014-08-01,Yes,5,2,2,2,Mid,26296.0,2022-02-28,3,5,4,2,1,2,4,3,2022,-1,10,3.0545454545454547,3.9454545454545453,3.309090909090909,3.1272727272727274,1.2181818181818183,2.9309090909090907,0.006060606060606072,-0.03030303030303031,-0.0848484848484849,2.9309090909090907
17AE-E715,Norbie,Mosdill,Male,31,Frequent Traveller,Technology,38,CA,White,No Formal Qualifications,Computer Science,Analytics Manager,Divorced,547204,1,Yes,2014-09-28,No,8,7,8,5,Senior,547204.0,2022-08-23,5,5,2,2,1,4,4,4,2022,0,10,3.4,4.377777777777778,4.555555555555555,2.911111111111111,1.3333333333333333,3.315555555555556,0.14285714285714288,0.17142857142857143,-0.22857142857142862,3.315555555555556
184D-06FF,Waly,McCoish,Female,26,Some Travel,Technology,24,CA,White,Masters,Computer Science,Data Scientist,Divorced,35757,1,No,2017-07-25,No,5,3,4,0,Mid,35757.0,2022-03-27,3,3,2,2,1,3,3,3,2022,0,10,3.3333333333333335,3.6666666666666665,2.3703703703703702,2.888888888888889,0.6666666666666666,2.585185185185185,0.49999999999999983,-4.886831086417666e-17,-4.886831086417666e-17,2.585185185185185
18CE-8F30,Wendy,Bootman,Female,31,Some Travel,Sales,38,CA,Black,Doctorate,Marketing,Manager,Married,330940,1,No,2019-03-28,No,3,1,3,3,Junior,330940.0,2022-09-26,5,4,3,1,0,4,5,5,2022,0,10,4.0,5.0,4.0,3.0,0.0,3.2,0.0,0.0,2.9999999999999996,3.2
1914-B934,Kinna,Gaythor,Female,22,Frequent Traveller,Sales,19,NY,Mixed,Bachelors,Marketing,Sales Representative,Single,22122,0,Yes,2018-10-26,Yes,3,2,2,1,Mid,22122.0,2022-02-25,5,5,3,3,0,2,3,2,2022,-1,10,3.2222222222222223,4.203703703703703,3.6666666666666665,2.8518518518518516,1.1296296296296295,3.0148148148148146,0.1,-0.10000000000000003,-3.2050620238892767e-17,3.0148148148148146
19C3-DAE4,Cristiano,Brugger,Male,30,Some Travel,Technology,19,CA,Black,Bachelors,Information Systems,Data Scientist,Married,53336,1,No,2014-06-11,No,8,3,3,7,Mid,53336.0,2022-06-09,4,3,3,3,1,3,4,4,2022,0,10,3.6444444444444444,3.7777777777777777,2.977777777777778,3.0444444444444443,0.7555555555555555,2.84,-0.05714285714285714,-0.48571428571428577,-0.14285714285714288,2.84
1A2D-52EC,Mag,Groves,Female,25,Some Travel,Technology,9,NY,White,Bachelors,Information Systems,Software Engineer,Single,39636,0,Yes,2016-07-21,No,6,0,5,1,Junior,39636.0,2022-12-29,2,3,1,2,1,1,4,4,2022,0,10,2.7941176470588234,3.235294117647059,2.9705882352941178,2.676470588235294,1.5294117647058822,2.6411764705882352,-0.19999999999999996,-1.3999999999999997,0.2999999999999999,2.6411764705882352
1A38-1D62,Maurise,Shaxby,Female,24,Some Travel,Technology,21,CA,Mixed,Bachelors,Information Systems,Data Scientist,Divorced,36862,1,Yes,2018-03-29,No,4,2,4,0,Mid,36862.0,2022-07-11,4,5,5,2,1,4,5,5,2022,0,10,3.3333333333333335,4.0,5.0,3.4444444444444446,0.9629629629629629,3.348148148148148,0.0,1.187575654052147e-16,0.9999999999999997,3.348148148148148
1A6D-AF5D,Clair,Muldownie,Male,25,Some Travel,Technology,9,NY,White,Bachelors,Information Systems,Engineering Manager,Single,243908,0,No,2017-05-15,No,5,4,4,1,Mid,243908.0,2016-04-01,3,4,5,3,2,5,3,2,2016,-1,4,3.9,4.2,3.4,3.8,1.2,3.3,-0.1999999999999999,-0.19999999999999984,-0.5999999999999998,3.3
1AC8-361F,Selig,Draysey,Male,26,Some Travel,Sales,22,CA,Mixed,No Formal Qualifications,Marketing,Sales Executive,Married,87142,1,No,2015-11-11,Yes,2,1,1,0,Junior,87142.0,2022-04-27,4,2,4,1,0,4,5,5,2022,0,10,3.8545454545454545,3.5090909090909093,2.909090909090909,3.0727272727272728,0.6909090909090909,2.8072727272727276,-0.193939393939394,-0.09696969696969698,-0.042424242424242434,2.8072727272727276
1B7F-73A9,Jacques,Verne,Male,34,Some Travel,Technology,24,CA,Asian,Bachelors,Computer Science,Software Engineer,Married,42721,1,No,2014-12-10,No,8,3,3,7,Mid,42721.0,2022-05-22,4,4,5,2,0,5,4,4,2022,0,10,3.2666666666666666,4.0,3.1555555555555554,4.022222222222222,0.6222222222222222,3.013333333333333,0.39999999999999997,0.2571428571428572,0.05714285714285716,3.013333333333333
1BAE-4DA1,Jessalin,Macrow,Female,25,No Travel,Technology,27,NY,Mixed,Masters,Business Studies,Software Engineer,Married,28288,2,No,2017-03-01,No,5,5,5,0,Senior,28288.0,2022-12-23,4,4,2,3,2,3,3,3,2022,0,10,3.2941176470588234,4.264705882352941,3.0,2.411764705882353,1.1176470588235294,2.817647058823529,5.613212389875622e-17,0.3,-0.6999999999999998,2.817647058823529
1BCC-100B,Virgil,Howat,Male,49,Frequent Traveller,Technology,43,NY,Other,High School,Computer Science,Machine Learning Engineer,Divorced,248115,2,No,2019-02-12,No,3,2,3,3,Mid,248115.0,2022-03-08,5,4,5,2,0,5,3,3,2022,0,10,3.5789473684210527,4.052631578947368,4.0,4.052631578947368,0.47368421052631576,3.2315789473684213,0.0,2.9999999999999996,0.0,3.2315789473684213
1BEA-3835,Hymie,Aseef,Male,21,Some Travel,Technology,4,CA,White,High School,Computer Science,Software Engineer,Married,21158,0,Yes,2020-06-26,No,2,1,1,0,Junior,21158.0,2022-04-18,5,5,4,2,1,4,3,2,2022,-1,10,4.0,5.0,5.0,4.0,1.0,3.8,0.0,0.0,0.0,3.8
1C24-233B,Mendy,Beran,Non-Binary,40,Some Travel,Technology,30,IL,Mixed,Masters,Computer Science,Machine Learning Engineer,Married,145328,1,No,2013-12-09,No,9,0,9,9,Junior,145328.0,2022-11-05,5,5,4,2,0,4,3,3,2022,0,10,4.142857142857143,4.530612244897959,4.142857142857143,3.795918367346939,1.1020408163265305,3.542857142857143,0.4999999999999999,0.24999999999999994,-0.35714285714285704,3.542857142857143
1C57-5F2A,Persis,Vineall,Female,27,Some Travel,Technology,42,CA,White,Bachelors,Computer Science,Software Engineer,Married,33606,2,No,2015-05-07,No,7,0,0,2,Junior,33606.0,2022-05-14,3,4,4,1,1,4,3,3,2022,0,10,3.8,3.775,3.575,3.375,1.375,3.1799999999999997,-0.09999999999999994,-7.149746448669678e-17,3.574873224334839e-17,3.1799999999999997
1C6C-3B67,Emilie,Panter,Non-Binary,41,Frequent Traveller,Technology,7,NY,Native American,Bachelors,Computer Science,Software Engineer,Married,96632,1,No,2014-12-31,No,8,2,8,0,Mid,96632.0,2021-06-18,3,4,4,1,2,5,5,5,2021,0,9,4.6571428571428575,3.5428571428571427,3.342857142857143,3.0,1.1428571428571428,3.137142857142857,-0.20000000000000004,0.19999999999999993,0.19999999999999998,3.137142857142857
1C6F-87AA,Jolene,Stenet,Non-Binary,26,Some Travel,Sales,5,NY,White,Bachelors,Marketing,Sales Executive,Married,107966,2,No,2016-06-23,No,6,6,6,6,Senior,107966.0,2022-10-19,4,4,3,1,0,4,4,3,2022,-1,10,4.294117647058823,4.029411764705882,3.1176470588235294,3.4411764705882355,1.2058823529411764,3.2176470588235295,0.7999999999999998,0.3,0.10000000000000003,3.2176470588235295
1C87-44CB,Darlene,Mansbridge,Female,28,Frequent Traveller,Technology,9,CA,Black,Bachelors,Computer Science,Software Engineer,Married,48930,1,Yes,2012-03-14,Yes,7,4,6,2,Mid,48930.0,2022-05-11,5,3,2,1,0,3,3,2,2022,-1,10,3.3454545454545452,4.0,3.709090909090909,2.690909090909091,0.8545454545454545,2.9200000000000004,0.006060606060606057,0.09696969696969698,0.030303030303030318,2.9200000000000004
1CB3-F7D7,Janot,Cicchillo,Female,21,No Travel,Sales,6,CA,Black,Masters,Other,Sales Executive,Married,43259,0,No,2022-11-03,Yes,0,0,0,0,Junior,43259.0,2022-09-27,4,2,2,1,1,5,4,3,2022,-1,10,3.462962962962963,4.2592592592592595,2.759259259259259,3.259259259259259,1.1111111111111112,2.9703703703703703,-0.21666666666666667,0.11666666666666667,0.06666666666666665,2.9703703703703703
1D32-9620,Eldredge,Probyn,Male,23,Some Travel,Human Resources,39,CA,Other,High School,Human Resources,HR Executive,Married,55805,1,No,2017-10-29,No,5,3,3,1,Mid,55805.0,2022-11-14,3,1,4,3,0,3,3,3,2022,0,10,3.259259259259259,3.3333333333333335,2.259259259259259,4.0,0.9629629629629629,2.762962962962963,-1.0,-0.9999999999999993,0.4999999999999998,2.762962962962963
1D35-190A,Carena,Devita,Female,35,Some Travel,Human Resources,18,CA,Asian,Masters,Marketing,HR Executive,Single,132563,0,Yes,2013-09-22,No,9,1,6,9,Junior,132563.0,2022-09-10,3,2,3,2,0,3,3,2,2022,-1,10,3.204081632653061,3.673469387755102,3.2653061224489797,3.7346938775510203,0.8979591836734694,2.9551020408163264,-0.28571428571428564,0.10714285714285711,-0.17857142857142852,2.9551020408163264
1D74-2661,Renaud,Gigg,Male,23,Frequent Traveller,Technology,34,NY,Native American,Bachelors,Computer Science,Software Engineer,Married,43009,0,No,2019-07-24,No,3,2,2,1,Mid,43009.0,2022-07-09,4,2,3,1,2,4,5,5,2022,0,10,4.0,3.526315789473684,2.473684210526316,3.473684210526316,1.0526315789473684,2.9052631578947365,-0.9999999999999997,0.0,2.9999999999999996,2.9052631578947365
1D87-3372,Cynthea,Manilove,Prefer Not To Say,34,Some Travel,Technology,18,CA,White,Bachelors,Computer Science,Engineering Manager,Divorced,323488,1,No,2017-02-01,No,5,0,1,1,Junior,323488.0,2022-08-23,3,4,5,1,2,3,3,2,2022,-1,10,3.4705882352941178,3.0,3.3823529411764706,3.735294117647059,1.0588235294117647,2.9294117647058826,0.8999999999999999,-0.19999999999999996,-0.7999999999999997,2.9294117647058826
1DC4-97CF,Karee,Cristofvao,Female,25,Some Travel,Sales,28,CA,White,Masters,Marketing,Sales Executive,Single,167051,0,No,2018-04-24,No,4,3,4,1,Mid,167051.0,2022-09-23,3,5,4,2,1,5,5,4,2022,-1,10,4.0,4.2592592592592595,4.037037037037037,3.6666666666666665,1.2962962962962963,3.4518518518518517,0.4999999999999999,2.346337633521146e-16,0.49999999999999983,3.4518518518518517
1E2C-A267,Gerick,Archibould,Male,23,Some Travel,Sales,1,CA,White,High School,Other,Sales Executive,Married,65489,1,No,2020-07-12,No,2,0,1,1,Junior,65489.0,2022-07-30,5,5,4,1,0,3,3,3,2022,0,10,3.0,5.0,5.0,4.0,0.0,3.4,0.0,0.0,0.0,3.4
1E4A-5810,Eryn,Fern,Female,35,Frequent Traveller,Technology,28,CA,Mixed,Bachelors,Computer Science,Machine Learning Engineer,Single,222303,0,No,2019-04-08,No,3,0,2,2,Junior,222303.0,2022-09-22,4,4,2,2,0,5,4,3,2022,-1,10,5.0,3.526315789473684,4.0,2.0,0.9473684210526315,3.0947368421052635,0.0,0.0,-0.9999999999999997,3.0947368421052635
1E61-70EC,Addison,Elfe,Male,46,Some Travel,Technology,11,CA,Black,Masters,Information Systems,Software Engineer,Married,56608,3,Yes,2012-03-31,No,10,3,5,9,Mid,56608.0,2022-06-16,1,3,1,1,1,2,4,3,2022,-1,10,3.4615384615384617,3.1538461538461537,2.9423076923076925,3.3076923076923075,0.6923076923076923,2.711538461538461,-0.07142857142857142,0.1071428571428572,0.130952380952381,2.711538461538461
1E61-B76A,Wilie,Northfield,Female,24,Some Travel,Technology,26,NY,Asian,High School,Other,Data Scientist,Single,39048,0,No,2016-04-05,No,6,1,4,1,Junior,39048.0,2022-09-14,2,2,3,2,1,2,3,3,2022,0,10,2.764705882352941,2.9411764705882355,3.8529411764705883,2.2941176470588234,1.411764705882353,2.652941176470588,-0.9999999999999998,0.09999999999999995,-0.4999999999999999,2.652941176470588
1EEB-ABF7,Stephenie,Cronkshaw,Female,22,Some Travel,Technology,31,IL,Asian,No Formal Qualifications,Computer Science,Software Engineer,Divorced,43588,2,No,2019-01-07,No,3,2,3,2,Mid,43588.0,2022-04-25,5,2,3,1,1,3,5,5,2022,0,10,3.9473684210526314,5.0,2.9473684210526314,3.0,1.0,3.1789473684210527,-1.9999999999999993,-1.9999999999999993,1.9999999999999993,3.1789473684210527
1F0F-458C,Carrie,Scroyton,Female,29,Some Travel,Technology,3,NY,White,Bachelors,Business Studies,Data Scientist,Divorced,60388,2,Yes,2013-04-11,Yes,5,1,3,1,Junior,60388.0,2022-05-13,2,3,2,1,2,1,4,4,2022,0,10,3.036363636363636,3.4545454545454546,3.4727272727272727,2.8363636363636364,0.8181818181818182,2.7236363636363636,-0.08484848484848487,-0.10909090909090911,0.042424242424242434,2.7236363636363636
1FAC-768D,Elton,Hyrons,Male,24,Frequent Traveller,Technology,44,CA,White,Masters,Computer Science,Software Engineer,Divorced,61230,1,No,2019-08-17,No,3,2,3,3,Mid,61230.0,2022-12-24,4,1,2,2,1,3,3,3,2022,0,10,2.526315789473684,4.0,1.4736842105263157,3.4210526315789473,0.5263157894736842,2.389473684210526,-0.9999999999999997,0.9999999999999997,-0.9999999999999997,2.389473684210526
1FE3-22BF,Jinny,Vannet,Female,25,Some Travel,Technology,20,NY,Mixed,Bachelors,Computer Science,Machine Learning Engineer,Married,65642,1,No,2018-11-25,No,4,4,4,0,Mid,65642.0,2014-02-26,5,2,5,3,2,5,3,3,2014,0,2,4.0,4.333333333333333,2.3333333333333335,4.0,1.3333333333333333,3.2,-0.9999999999999997,2.9999999999999996,-0.9999999999999997,3.2
200B-1979,Jamie,Sarll,Male,50,Frequent Traveller,Technology,43,CA,White,Bachelors,Information Systems,Engineering Manager,Divorced,339245,2,No,2019-08-26,No,3,0,0,1,Junior,339245.0,2022-02-23,3,4,5,3,2,2,3,2,2022,-1,10,2.9473684210526314,3.9473684210526314,3.0526315789473686,4.052631578947368,2.0,3.2,1.9999999999999993,-1.9999999999999993,0.0,3.2
205B-4D34,Cris,Jeram,Male,41,Frequent Traveller,Human Resources,39,CA,Mixed,No Formal Qualifications,Human Resources,HR Executive,Single,79990,0,No,2014-06-29,No,8,5,5,8,Senior,79990.0,2022-07-24,4,3,3,1,1,4,5,5,2022,0,10,3.111111111111111,3.6666666666666665,3.2222222222222223,3.2,0.9333333333333333,2.8266666666666667,-0.2857142857142857,-0.1428571428571429,0.2571428571428572,2.8266666666666667
20BA-5868,Mallissa,Buzine,Non-Binary,19,Some Travel,Sales,29,CA,White,No Formal Qualifications,Marketing,Sales Representative,Single,29673,1,No,2021-03-27,Yes,0,0,0,0,Junior,29673.0,2022-01-22,3,3,5,1,2,2,5,5,2022,0,10,3.462962962962963,2.9074074074074074,3.314814814814815,3.6666666666666665,1.037037037037037,2.8777777777777773,0.08333333333333334,-0.08333333333333336,-0.06666666666666668,2.8777777777777773
20CA-404E,Kali,Jeppe,Female,25,Some Travel,Technology,13,IL,White,Bachelors,Information Systems,Analytics Manager,Married,211401,0,No,2016-07-17,No,6,1,1,3,Junior,211401.0,2022-04-03,3,4,3,3,1,2,5,5,2022,0,10,3.235294117647059,3.411764705882353,3.6470588235294117,2.9705882352941178,0.29411764705882354,2.711764705882353,-0.6999999999999998,-0.10000000000000006,0.29999999999999993,2.711764705882353
211E-BC82,Britt,Ritchley,Female,28,Frequent Traveller,Technology,6,CA,White,No Formal Qualifications,Information Systems,Software Engineer,Divorced,47148,2,No,2013-11-09,No,9,3,8,8,Mid,47148.0,2022-12-29,3,3,3,2,3,1,4,3,2022,-1,10,2.7755102040816326,3.836734693877551,2.9183673469387754,3.2448979591836733,1.9387755102040816,2.9428571428571426,0.1071428571428571,-0.3928571428571428,-0.14285714285714285,2.9428571428571426
217C-7180,Hale,Patty,Male,20,Some Travel,Technology,27,IL,White,No Formal Qualifications,Business Studies,Data Scientist,Single,27141,0,No,2021-05-15,No,1,1,1,1,Junior,27141.0,2022-06-13,5,2,5,1,0,5,3,3,2022,0,10,5.0,5.0,2.0,5.0,0.0,3.4,0.0,0.0,0.0,3.4
218E-AB6F,Mickie,D'Abbot-Doyle,Male,42,Some Travel,Technology,28,CA,White,Bachelors,Computer Science,Engineering Manager,Single,380905,0,No,2021-02-06,No,1,0,1,1,Junior,380905.0,2022-11-23,5,5,5,3,3,4,4,3,2022,-1,10,4.0,5.0,5.0,5.0,3.0,4.4,0.0,0.0,0.0,4.4
21B3-8491,Nicky,Janssens,Male,42,Some Travel,Technology,37,CA,Black,Masters,Computer Science,Analytics Manager,Married,244114,1,No,2013-05-28,No,9,6,7,0,Senior,244114.0,2022-03-01,4,3,2,2,1,4,5,5,2022,0,10,3.9183673469387754,4.020408163265306,3.7551020408163267,3.4489795918367347,0.9183673469387755,3.2122448979591836,-0.17857142857142852,-0.14285714285714282,0.24999999999999994,3.2122448979591836
21C8-00EC,Geoff,Veschambre,Male,22,Some Travel,Technology,37,IL,Asian,High School,Information Systems,Senior Software Engineer,Divorced,52314,2,No,2018-05-25,No,4,0,3,0,Junior,52314.0,2022-04-11,3,5,3,1,1,5,3,2,2022,-1,10,4.074074074074074,3.925925925925926,3.4444444444444446,4.2592592592592595,1.2962962962962963,3.4,1.4999999999999998,0.9999999999999997,-1.4999999999999998,3.4
21CB-EF3E,Eleanora,Thornbarrow,Female,36,Some Travel,Technology,4,CA,White,Bachelors,Information Systems,Senior Software Engineer,Single,208338,0,No,2012-04-07,No,10,10,10,1,Senior,208338.0,2022-10-21,3,3,3,1,1,2,3,3,2022,0,10,3.076923076923077,3.8846153846153846,3.75,3.1538461538461537,0.6346153846153846,2.9,-0.15476190476190482,-0.059523809523809514,0.07142857142857148,2.9
2219-56CA,Sloane,Shera,Non-Binary,28,Some Travel,Sales,38,IL,Mixed,Bachelors,Marketing,Sales Executive,Divorced,185380,1,No,2015-09-21,Yes,5,2,5,3,Mid,185380.0,2022-02-19,3,3,3,3,2,5,5,4,2022,-1,10,3.5090909090909093,3.8181818181818183,3.418181818181818,3.272727272727273,1.1272727272727272,3.0290909090909093,0.012121212121212142,0.2060606060606061,0.09090909090909091,3.0290909090909093
2250-86C5,Desmond,O'Fallone,Prefer Not To Say,41,Some Travel,Sales,33,NY,Native American,No Formal Qualifications,Marketing,Sales Executive,Divorced,119592,1,Yes,2014-05-06,No,8,7,8,2,Senior,119592.0,2022-10-14,1,1,1,2,0,3,3,3,2022,0,10,3.488888888888889,3.8,3.466666666666667,3.888888888888889,1.1555555555555554,3.16,-0.08571428571428563,-0.028571428571428557,0.057142857142857155,3.16
22FF-9076,Eleanore,Attenbrough,Female,27,Some Travel,Sales,36,CA,Asian,Bachelors,Technical Degree,Sales Executive,Divorced,173994,1,No,2016-07-23,No,6,1,5,6,Junior,173994.0,2022-06-16,5,3,3,2,0,5,4,3,2022,-1,10,3.1176470588235294,4.323529411764706,2.7058823529411766,3.9705882352941178,0.6764705882352942,2.958823529411765,-0.3,0.7999999999999999,-0.4999999999999999,2.958823529411765
2374-7581,Brian,Josskovitz,Male,25,Some Travel,Technology,1,NY,Asian,Masters,Information Systems,Senior Software Engineer,Married,72840,0,No,2015-04-23,No,7,6,6,0,Senior,72840.0,2022-01-18,5,5,3,2,1,2,4,3,2022,-1,10,3.35,3.7,4.275,2.75,1.625,3.14,0.30000000000000004,-0.19999999999999987,0.0,3.14
23E6-A67A,Faun,Gosson,Non-Binary,19,Some Travel,Technology,25,CA,White,High School,Other,Machine Learning Engineer,Single,50352,0,Yes,2021-01-02,No,1,1,1,1,Junior,50352.0,2022-06-22,5,5,5,2,1,2,5,4,2022,-1,10,2.0,5.0,5.0,5.0,1.0,3.6,0.0,0.0,0.0,3.6
23FC-93A5,Marinna,Snalham,Female,26,Some Travel,Technology,2,CA,White,Masters,Information Systems,Software Engineer,Single,55565,0,No,2016-02-22,No,6,6,6,4,Senior,55565.0,2022-04-23,4,5,5,2,0,3,5,4,2022,-1,10,3.7058823529411766,3.264705882352941,3.588235294117647,3.9411764705882355,0.9411764705882353,3.088235294117647,0.5999999999999998,-0.29999999999999993,0.6999999999999998,3.088235294117647
2407-5A4E,Butch,Quinby,Male,40,Some Travel,Technology,22,CA,Black,No Formal Qualifications,Business Studies,Data Scientist,Married,38849,1,No,2014-06-06,No,8,6,6,3,Senior,38849.0,2022-11-04,4,2,4,2,0,2,3,3,2022,0,10,3.2888888888888888,4.311111111111111,2.8222222222222224,3.311111111111111,0.4666666666666667,2.8400000000000003,-0.45714285714285713,-0.11428571428571428,0.05714285714285716,2.8400000000000003
242A-4FA0,Nowell,Prettyjohns,Male,25,Some Travel,Technology,2,CA,Black,Masters,Computer Science,Software Engineer,Divorced,73825,1,Yes,2016-11-02,No,6,1,4,4,Junior,73825.0,2022-05-24,3,3,4,1,0,2,5,5,2022,0,10,2.4705882352941178,3.264705882352941,3.1470588235294117,3.7058823529411766,1.3529411764705883,2.7882352941176474,-0.6999999999999997,-0.19999999999999996,0.29999999999999993,2.7882352941176474
246E-3383,Jamesy,Barnardo,Male,26,Some Travel,Sales,16,CA,Black,High School,Marketing,Sales Executive,Single,113512,0,No,2015-12-25,No,7,3,7,6,Mid,113512.0,2018-07-15,3,5,4,2,1,2,4,3,2018,-1,6,2.8,3.9,3.25,3.85,1.3,3.02,0.5,4.5765876856059633e-17,-0.10000000000000003,3.02
24DD-6D7C,Leshia,Jenking,Female,24,Some Travel,Technology,34,IL,Mixed,Bachelors,Computer Science,Machine Learning Engineer,Married,78242,1,No,2019-03-07,No,3,0,3,2,Junior,78242.0,2022-06-26,3,2,2,3,1,2,4,3,2022,-1,10,2.473684210526316,3.0,2.9473684210526314,2.473684210526316,1.4736842105263157,2.473684210526316,-1.9999999999999993,-0.9999999999999997,-0.9999999999999997,2.473684210526316
24FA-A637,Giordano,Baum,Non-Binary,22,Some Travel,Technology,10,NY,Asian,Masters,Computer Science,Data Scientist,Married,28953,1,No,2019-08-01,No,3,1,1,1,Junior,28953.0,2021-12-31,5,3,2,1,0,2,5,5,2021,0,9,2.0,4.0588235294117645,3.9411764705882355,2.4705882352941178,0.9411764705882353,2.682352941176471,-1.9999999999999993,0.0,2.9999999999999996,2.682352941176471
2523-EFD4,Vanny,Ruggen,Female,34,Some Travel,Technology,14,NY,White,High School,Information Systems,Senior Software Engineer,Single,154405,0,No,2013-05-27,No,9,7,7,1,Senior,154405.0,2022-05-17,3,3,4,3,2,2,5,4,2022,-1,10,2.9591836734693877,3.163265306122449,3.020408163265306,3.0408163265306123,1.6734693877551021,2.7714285714285714,0.28571428571428564,-0.32142857142857134,-0.10714285714285711,2.7714285714285714
2546-1312,Carlos,Galia,Male,25,Frequent Traveller,Technology,20,NY,Native American,Bachelors,Information Systems,Data Scientist,Single,61054,0,No,2017-06-24,No,5,0,1,0,Junior,61054.0,2022-09-02,4,5,3,2,1,2,4,4,2022,0,10,2.7941176470588234,4.470588235294118,3.6176470588235294,3.7941176470588234,1.4705882352941178,3.2294117647058824,0.7999999999999998,0.3000000000000001,0.09999999999999998,3.2294117647058824
2551-DD9B,Quintana,Di Franceshci,Female,33,Some Travel,Technology,40,IL,Black,Masters,Computer Science,Senior Software Engineer,Single,181244,0,No,2014-01-15,No,8,4,8,8,Mid,181244.0,2019-03-13,5,2,4,3,3,4,5,4,2019,-1,7,3.0357142857142856,4.214285714285714,3.0357142857142856,2.7142857142857144,1.4642857142857142,2.892857142857143,-0.3928571428571428,0.035714285714285685,-0.14285714285714285,2.892857142857143
257B-8130,Erastus,Pennings,Male,26,Some Travel,Technology,41,NY,Mixed,Bachelors,Computer Science,Senior Software Engineer,Divorced,47676,1,No,2015-07-20,No,7,4,6,1,Mid,47676.0,2022-01-28,3,4,4,1,3,4,4,3,2022,-1,10,3.9,3.425,3.65,3.775,1.375,3.225,0.19999999999999998,0.4,-0.10000000000000006,3.225
259B-6C50,Raddie,Ballance,Male,27,Some Travel,Sales,27,CA,Other,Doctorate,Marketing,Sales Executive,Divorced,45880,1,Yes,2016-02-03,No,6,1,4,0,Junior,45880.0,2022-05-29,4,3,2,1,3,3,4,4,2022,0,10,2.5,3.5588235294117645,3.088235294117647,2.8823529411764706,1.088235294117647,2.623529411764706,0.5999999999999998,2.806606194937811e-17,-0.09999999999999995,2.623529411764706
25F5-0EAF,Amargo,Briddock,Non-Binary,26,Some Travel,Sales,38,CA,Mixed,Bachelors,Technical Degree,Sales Executive,Divorced,104898,1,No,2016-10-16,No,6,5,5,1,Senior,104898.0,2022-03-20,4,5,2,2,1,3,3,3,2022,0,10,3.2058823529411766,3.235294117647059,3.3529411764705883,3.1176470588235294,0.5,2.682352941176471,0.7,-0.3,-2.806606194937811e-17,2.682352941176471
2637-BDCD,Davin,Nutley,Male,21,Some Travel,Technology,35,IL,Black,Bachelors,Computer Science,Data Scientist,Divorced,51682,1,No,2019-06-15,No,3,1,3,0,Junior,51682.0,2022-01-01,5,5,3,2,1,2,5,4,2022,-1,10,3.4210526315789473,5.0,3.5789473684210527,3.9473684210526314,0.5263157894736842,3.294736842105263,2.9999999999999996,-2.9999999999999996,0.0,3.294736842105263
267F-F71D,Liuka,Attenbrough,Female,27,Some Travel,Technology,40,CA,Asian,Masters,Information Systems,Senior Software Engineer,Married,112728,1,No,2015-02-18,No,7,5,6,4,Senior,112728.0,2022-08-21,5,2,3,3,0,3,4,4,2022,0,10,3.475,4.5,3.6,4.175,0.925,3.335,7.092334654213315e-18,-0.5,4.5765876856059633e-17,3.335
2698-A448,Linoel,Rambadt,Male,43,Some Travel,Technology,40,CA,Black,Bachelors,Information Systems,Software Engineer,Single,63511,0,No,2014-12-31,No,8,5,7,4,Senior,63511.0,2021-10-26,4,3,3,2,0,1,3,3,2021,0,9,1.8571428571428572,4.285714285714286,3.5428571428571427,3.1714285714285713,0.5428571428571428,2.6799999999999997,-0.20000000000000004,-0.5000000000000002,-0.3,2.6799999999999997
26DF-1241,Hebert,Drewes,Male,23,Some Travel,Sales,33,NY,White,Bachelors,Economics,Sales Representative,Married,30477,1,No,2018-02-20,No,4,2,3,3,Mid,30477.0,2022-05-15,3,2,2,1,1,5,4,4,2022,0,10,3.7037037037037037,3.6666666666666665,2.2962962962962963,3.5555555555555554,1.0,2.844444444444444,-0.49999999999999983,0.5000000000000001,-6.988925454103805e-17,2.844444444444444
277A-A6FA,Annabela,Pablos,Female,35,Some Travel,Technology,8,NY,Other,Masters,Information Systems,Machine Learning Engineer,Single,272175,0,No,2012-01-12,No,10,7,8,2,Senior,272175.0,2021-10-02,3,3,3,1,0,5,4,4,2021,0,9,3.272727272727273,3.2954545454545454,3.5454545454545454,3.5454545454545454,1.2727272727272727,2.9863636363636363,0.04761904761904761,0.023809523809523784,0.07142857142857145,2.9863636363636363
278C-D482,Flora,Flounders,Female,26,No Travel,Technology,20,NY,Mixed,Bachelors,Business Studies,Software Engineer,Divorced,28751,2,No,2015-06-15,No,7,6,6,2,Senior,28751.0,2022-10-13,4,2,5,2,0,5,4,4,2022,0,10,3.825,3.65,2.625,3.25,1.15,2.9,-0.7000000000000002,0.09999999999999996,0.2,2.9
2796-828F,Bar,Dunphy,Male,22,No Travel,Sales,17,CA,Mixed,Bachelors,Marketing,Sales Executive,Married,58270,1,No,2019-02-02,No,3,1,1,1,Junior,58270.0,2022-01-14,5,5,5,2,0,2,5,5,2022,0,10,2.9473684210526314,5.0,3.5789473684210527,3.5789473684210527,0.0,3.0210526315789474,2.9999999999999996,-1.9999999999999993,1.9999999999999993,3.0210526315789474
279C-7342,Amelita,Liveley,Non-Binary,29,Frequent Traveller,Sales,31,CA,White,Masters,Marketing,Sales Executive,Married,100925,1,Yes,2013-08-08,Yes,3,1,1,1,Junior,100925.0,2022-02-11,3,2,4,1,1,4,4,4,2022,0,10,3.5272727272727273,3.618181818181818,3.0727272727272728,3.727272727272727,1.1818181818181819,3.0254545454545454,-0.15151515151515152,0.018181818181818177,-0.0666666666666667,3.0254545454545454
27CD-A6BF,Fabiano,Edkins,Male,27,Some Travel,Technology,44,CA,Mixed,Bachelors,Computer Science,Software Engineer,Single,45276,0,Yes,2015-12-12,No,7,6,6,2,Senior,45276.0,2019-07-31,4,4,2,3,2,4,4,3,2019,-1,7,4.2,4.16,4.36,3.0,1.44,3.432,-0.09999999999999999,0.5000000000000002,4.5765876856059633e-17,3.432
284C-8CB0,Dennison,Mouncey,Male,22,Frequent Traveller,Technology,15,NY,Native American,Masters,Computer Science,Software Engineer,Single,40115,0,No,2019-02-01,No,3,3,3,0,Mid,40115.0,2022-03-19,4,5,4,1,0,4,3,3,2022,0,10,3.526315789473684,4.473684210526316,4.052631578947368,3.526315789473684,0.9473684210526315,3.3052631578947365,1.9999999999999993,0.9999999999999997,-1.9999999999999993,3.3052631578947365
2857-A950,Chauncey,Golt,Male,24,Some Travel,Sales,13,CA,Mixed,High School,Economics,Sales Executive,Married,64852,1,No,2017-03-05,No,5,1,5,2,Junior,64852.0,2022-12-27,4,4,3,2,0,4,5,5,2022,0,10,3.5588235294117645,4.235294117647059,3.264705882352941,3.911764705882353,0.6470588235294118,3.123529411764706,0.09999999999999996,0.3999999999999999,0.3999999999999999,3.123529411764706
28EA-A010,Meara,Mahony,Female,26,Some Travel,Sales,2,CA,Asian,High School,Marketing,Sales Executive,Single,149390,0,Yes,2016-08-15,Yes,3,1,1,2,Junior,149390.0,2022-01-14,3,3,4,3,1,2,4,3,2022,-1,10,3.109090909090909,3.3454545454545452,3.1454545454545455,4.0,1.018181818181818,2.9236363636363634,-0.103030303030303,-0.1272727272727273,-0.04242424242424242,2.9236363636363634
28F4-8367,Conny,Iveans,Non-Binary,25,Some Travel,Technology,4,CA,Mixed,Bachelors,Business Studies,Machine Learning Engineer,Divorced,39456,2,No,2017-04-15,No,5,1,5,4,Junior,39456.0,2022-05-09,3,5,2,1,0,2,3,2,2022,-1,10,2.6176470588235294,3.411764705882353,3.6176470588235294,2.8529411764705883,0.5,2.6,0.7999999999999998,-0.8999999999999999,-0.19999999999999996,2.6
291F-B604,Sebastien,Lanmeid,Male,26,Some Travel,Technology,3,NY,Black,Masters,Information Systems,Data Scientist,Divorced,28952,1,Yes,2016-10-22,Yes,0,0,0,0,Junior,28952.0,2022-05-07,3,4,5,3,2,4,3,2,2022,-1,10,3.727272727272727,3.8363636363636364,3.5272727272727273,3.8727272727272726,1.1818181818181819,3.229090909090909,-0.048484848484848464,-0.048484848484848485,-0.01818181818181813,3.229090909090909
2926-D386,Son,Crowther,Male,24,Some Travel,Technology,36,IL,Black,Bachelors,Information Systems,Machine Learning Engineer,Single,93015,0,Yes,2019-08-14,No,3,0,2,2,Junior,93015.0,2022-09-11,2,3,4,3,1,1,5,5,2022,0,10,2.4210526315789473,2.9473684210526314,3.9473684210526314,4.473684210526316,1.0,2.9578947368421056,-1.9999999999999993,-2.9999999999999996,0.0,2.9578947368421056
2937-EB65,Jarred,Stoddard,Male,24,Some Travel,Sales,16,CA,Mixed,Bachelors,Marketing,Sales Executive,Single,116132,0,No,2018-08-20,No,4,1,4,1,Junior,116132.0,2022-06-21,4,4,4,2,0,3,4,3,2022,-1,10,3.6296296296296298,3.3703703703703702,4.0,3.6666666666666665,0.0,2.933333333333333,0.0,-0.49999999999999983,0.49999999999999983,2.933333333333333
296A-A685,Dina,Paice,Female,27,No Travel,Technology,34,CA,Asian,High School,Business Studies,Data Scientist,Single,30783,0,No,2015-02-03,No,7,7,7,2,Senior,30783.0,2022-11-29,4,1,3,2,0,4,4,4,2022,0,10,3.7,3.75,2.175,3.9,0.7,2.8449999999999998,-0.09999999999999996,0.39999999999999997,0.2,2.8449999999999998
29C2-1A3F,Wilone,Vautrey,Female,30,Some Travel,Technology,32,CA,White,Bachelors,Information Systems,Senior Software Engineer,Married,158656,1,No,2019-12-25,Yes,2,1,1,2,Junior,158656.0,2022-05-25,4,1,2,2,0,1,3,3,2022,0,10,3.314814814814815,3.925925925925926,2.7777777777777777,3.037037037037037,0.46296296296296297,2.703703703703704,-0.30000000000000004,-0.016666666666666663,0.049999999999999996,2.703703703703704
29F6-C6CA,Micky,Beville,Female,35,Frequent Traveller,Sales,43,CA,Black,High School,Economics,Sales Representative,Married,46112,1,No,2014-04-11,No,8,6,7,2,Senior,46112.0,2022-07-12,3,4,2,3,0,3,5,4,2022,-1,10,3.511111111111111,4.0,3.488888888888889,3.466666666666667,0.7333333333333333,3.04,-0.02857142857142858,0.02857142857142858,0.2571428571428572,3.04
2A04-49D1,Tallie,Le Pine,Non-Binary,41,Some Travel,Technology,11,CA,Black,Doctorate,Information Systems,Engineering Manager,Divorced,372980,1,No,2013-08-22,No,9,1,2,3,Junior,372980.0,2022-11-10,4,4,5,3,1,3,5,5,2022,0,10,3.020408163265306,4.224489795918367,3.693877551020408,4.183673469387755,0.7755102040816326,3.179591836734694,0.21428571428571427,-0.21428571428571427,0.28571428571428564,3.179591836734694
2A20-28CD,Dody,Stiggles,Female,38,Frequent Traveller,Technology,2,CA,White,Masters,Computer Science,Data Scientist,Single,58828,0,No,2014-08-11,No,8,7,8,0,Senior,58828.0,2022-07-14,4,4,4,1,0,2,4,3,2022,-1,10,2.688888888888889,3.488888888888889,3.3777777777777778,4.133333333333334,0.5777777777777777,2.8533333333333335,0.5428571428571429,0.05714285714285717,0.14285714285714285,2.8533333333333335
2A89-93B6,Lissy,Schimek,Female,24,Some Travel,Technology,13,NY,White,Masters,Computer Science,Data Scientist,Single,30117,0,No,2018-08-21,Yes,3,1,1,2,Junior,30117.0,2022-08-15,3,4,2,1,1,5,5,4,2022,-1,10,3.6296296296296298,4.2592592592592595,3.5925925925925926,3.1481481481481484,0.4444444444444444,3.014814814814815,-0.06666666666666665,0.16666666666666669,0.08333333333333336,3.014814814814815
2A9F-6BD2,Murdock,Shayes,Male,29,Some Travel,Sales,39,NY,White,No Formal Qualifications,Marketing,Sales Executive,Divorced,183768,1,Yes,2019-02-25,No,3,3,3,0,Mid,183768.0,2022-11-12,4,2,4,2,1,2,4,4,2022,0,10,2.473684210526316,4.473684210526316,3.4210526315789473,4.0,1.4736842105263157,3.1684210526315786,-2.9999999999999996,-0.9999999999999997,0.0,3.1684210526315786
2B08-7D3D,Roderic,Daddow,Male,45,Some Travel,Sales,19,IL,White,Masters,Marketing,Sales Representative,Married,47326,1,No,2012-02-29,No,10,10,10,10,Senior,47326.0,2022-08-09,4,4,2,1,2,2,4,3,2022,-1,10,2.923076923076923,4.038461538461538,3.1923076923076925,3.5576923076923075,0.9230769230769231,2.9269230769230767,-0.07142857142857151,0.059523809523809576,0.023809523809523815,2.9269230769230767
2B5B-7A52,Matti,Liversley,Female,23,Some Travel,Sales,35,CA,White,Bachelors,Economics,Sales Executive,Divorced,45518,1,Yes,2019-12-12,No,3,3,3,2,Mid,45518.0,2015-01-06,3,5,5,3,3,5,3,3,2015,0,3,5.0,3.0,5.0,5.0,3.0,4.2,0.0,0.0,0.0,4.2
2B70-5A31,Justinian,Ladell,Male,25,Some Travel,Technology,17,NY,Mixed,Bachelors,Computer Science,Software Engineer,Married,44082,0,No,2017-07-25,No,5,1,3,0,Junior,44082.0,2022-06-06,4,5,3,3,1,3,4,3,2022,-1,10,3.3333333333333335,4.0,3.740740740740741,2.6666666666666665,1.2962962962962963,3.007407407407407,1.0,-4.886831086417666e-17,-0.9999999999999996,3.007407407407407
2B7A-9C73,Bryanty,Wickersley,Non-Binary,45,Frequent Traveller,Technology,17,CA,White,Masters,Computer Science,Machine Learning Engineer,Single,123619,0,Yes,2013-05-01,No,9,7,9,2,Senior,123619.0,2022-06-28,5,3,4,3,1,2,5,4,2022,-1,10,3.0,4.081632653061225,3.4693877551020407,3.5306122448979593,0.7755102040816326,2.971428571428571,0.07142857142857141,2.3806680489045002e-17,0.17857142857142852,2.971428571428571
2BCE-F73C,Mort,Alliston,Male,23,Frequent Traveller,Sales,26,CA,Asian,Masters,Marketing,Sales Executive,Single,68046,0,No,2018-06-01,No,4,4,4,2,Mid,68046.0,2022-05-15,3,5,4,1,0,3,5,4,2022,-1,10,3.037037037037037,3.5925925925925926,3.111111111111111,3.3333333333333335,1.2962962962962963,2.8740740740740742,1.4999999999999998,0.4999999999999998,-0.4999999999999999,2.8740740740740742
2BD8-20A6,Berna,Patnelli,Female,35,Frequent Traveller,Technology,38,NY,Mixed,Doctorate,Information Systems,Engineering Manager,Single,310285,0,Yes,2017-11-30,No,5,4,4,3,Mid,310285.0,2022-04-07,3,2,3,1,1,3,3,3,2022,0,10,3.259259259259259,3.3333333333333335,3.0,2.6666666666666665,1.0,2.6518518518518515,-2.346337633521146e-16,-0.9999999999999993,0.4999999999999998,2.6518518518518515
2BEA-43B2,Clay,Carabine,Male,48,Some Travel,Technology,44,IL,White,No Formal Qualifications,Computer Science,Software Engineer,Single,103198,0,No,2013-04-03,No,9,7,9,2,Senior,103198.0,2022-11-27,5,3,5,1,0,2,4,4,2022,0,10,3.6122448979591835,4.714285714285714,3.0816326530612246,3.6122448979591835,1.0,3.204081632653061,0.14285714285714282,-0.17857142857142855,-0.21428571428571422,3.204081632653061
2C0F-AAE2,Norton,Rigolle,Non-Binary,35,Some Travel,Technology,19,CA,Native American,High School,Information Systems,Senior Software Engineer,Married,187372,0,Yes,2019-05-16,No,3,1,1,2,Junior,187372.0,2022-08-05,5,4,2,2,1,2,3,3,2022,0,10,2.9473684210526314,5.0,4.0,2.9473684210526314,0.5263157894736842,3.0842105263157897,0.0,-1.9999999999999993,0.0,3.0842105263157897
2C7D-F9F1,Jaye,Coxhell,Male,30,Some Travel,Technology,45,CA,White,High School,Business Studies,Machine Learning Engineer,Single,262409,0,No,2013-12-20,No,9,8,9,8,Senior,262409.0,2022-09-30,2,2,1,2,1,4,4,4,2022,0,10,3.7346938775510203,3.5510204081632653,3.061224489795918,2.9183673469387754,1.0408163265306123,2.8612244897959185,-0.14285714285714282,0.03571428571428572,5.680419223082575e-18,2.8612244897959185
2CA8-4E1B,Nicoline,Pote,Non-Binary,23,Some Travel,Technology,7,NY,Asian,Bachelors,Business Studies,Software Engineer,Single,28753,0,No,2017-05-02,Yes,2,1,1,0,Junior,28753.0,2022-05-05,5,3,5,1,0,2,3,3,2022,0,10,3.3454545454545452,4.054545454545455,2.8545454545454545,3.4,0.9272727272727272,2.9163636363636365,0.03636363636363638,0.030303030303030307,-0.14545454545454548,2.9163636363636365
2D04-D0A5,Rosaline,Ferrieri,Female,29,Frequent Traveller,Sales,13,CA,White,Bachelors,Marketing,Sales Executive,Married,126008,1,No,2020-12-16,No,2,2,2,1,Mid,126008.0,2022-02-19,3,3,3,1,0,2,5,5,2022,0,10,2.0,3.0,3.0,3.0,0.0,2.2,0.0,0.0,0.0,2.2
2D25-CAE8,Marcos,Bowkett,Male,22,Some Travel,Sales,29,IL,Mixed,High School,Economics,Sales Executive,Divorced,58992,1,Yes,2019-07-02,No,3,3,3,2,Mid,58992.0,2022-04-18,3,3,2,1,1,3,4,4,2022,0,10,3.0,3.9473684210526314,3.9473684210526314,2.0,1.0,2.778947368421053,-1.9999999999999993,0.0,0.0,2.778947368421053
2D85-ABDD,Myrtie,Tythe,Female,33,No Travel,Sales,29,IL,White,Bachelors,Economics,Sales Executive,Married,65094,0,No,2014-06-20,No,8,8,8,0,Senior,65094.0,2022-04-01,5,2,3,1,2,4,4,4,2022,0,10,3.688888888888889,4.111111111111111,3.7333333333333334,3.7333333333333334,1.4,3.333333333333333,-0.2571428571428571,-0.37142857142857155,0.22857142857142856,3.333333333333333
2DD1-FD7F,Godart,Burgwin,Male,22,Some Travel,Technology,3,CA,Other,Bachelors,Computer Science,Data Scientist,Single,34753,0,Yes,2018-07-18,Yes,1,0,0,0,Junior,34753.0,2022-09-01,5,3,3,2,2,4,4,3,2022,-1,10,3.5555555555555554,3.962962962962963,3.6296296296296298,4.0,1.2962962962962963,3.288888888888889,-0.13333333333333336,-0.10000000000000003,-0.1166666666666667,3.288888888888889
2E25-987F,Roseann,Blueman,Female,24,Some Travel,Technology,45,CA,Asian,Bachelors,Information Systems,Software Engineer,Married,30390,1,No,2019-06-14,No,3,0,2,2,Junior,30390.0,2022-02-22,5,4,4,2,0,5,4,3,2022,-1,10,4.052631578947368,4.052631578947368,4.0,3.0526315789473686,0.47368421052631576,3.1263157894736837,0.0,1.9999999999999993,-1.9999999999999993,3.1263157894736837
2E72-4BF1,Grace,Gohier,Male,44,Some Travel,Sales,21,CA,White,Bachelors,Marketing,Manager,Married,426142,0,No,2012-02-07,No,10,4,5,4,Mid,426142.0,2022-06-21,5,4,5,1,0,5,3,2,2022,-1,10,3.4038461538461537,4.288461538461538,3.4423076923076925,3.4038461538461537,1.0,3.1076923076923073,0.08333333333333336,-0.11904761904761911,-0.08333333333333333,3.1076923076923073
2E7B-43F0,Arnaldo,Balling,Male,26,Some Travel,Technology,31,CA,White,High School,Computer Science,Engineering Manager,Married,148211,3,Yes,2015-02-11,No,7,1,6,0,Junior,148211.0,2022-01-29,4,4,3,3,0,4,5,4,2022,-1,10,4.0,4.2,3.95,3.175,1.225,3.31,-0.20000000000000004,-2.997527308224313e-17,0.4000000000000001,3.31
2E9A-BD2E,Blake,Metheringham,Male,36,Some Travel,Sales,13,CA,Asian,Doctorate,Marketing,Manager,Married,432191,1,No,2013-09-27,No,9,1,8,0,Junior,432191.0,2022-10-24,4,2,1,3,3,3,3,2,2022,-1,10,4.1020408163265305,3.5510204081632653,2.816326530612245,3.489795918367347,1.489795918367347,3.089795918367347,-0.3214285714285714,-0.3214285714285714,0.035714285714285705,3.089795918367347
2ED2-2CEC,Kendricks,Durtnell,Male,44,Frequent Traveller,Technology,18,CA,Black,Bachelors,Computer Science,Senior Software Engineer,Single,102708,0,Yes,2014-11-03,No,8,3,4,7,Mid,102708.0,2022-09-02,3,4,5,3,2,2,3,3,2022,0,10,3.3333333333333335,3.7777777777777777,4.088888888888889,3.1777777777777776,0.7333333333333333,3.0222222222222217,0.22857142857142876,-3.83681252152851e-17,-0.28571428571428575,3.0222222222222217
2EF6-8D96,Lelia,Giles,Female,24,Some Travel,Technology,12,CA,White,Masters,Information Systems,Software Engineer,Married,22965,3,No,2018-06-12,No,4,4,4,4,Mid,22965.0,2022-08-10,3,2,3,3,2,5,3,3,2022,0,10,4.407407407407407,4.2592592592592595,3.888888888888889,4.2592592592592595,1.4074074074074074,3.644444444444445,-1.4999999999999998,0.9999999999999997,0.49999999999999983,3.644444444444445
2F04-931F,Carlyle,Catt,Male,23,Some Travel,Technology,25,CA,Mixed,Bachelors,Business Studies,Data Scientist,Single,37121,0,Yes,2018-10-02,Yes,1,0,0,0,Junior,37121.0,2022-04-29,5,5,5,3,1,5,4,4,2022,0,10,3.9444444444444446,3.6481481481481484,4.037037037037037,3.740740740740741,1.537037037037037,3.3814814814814818,0.2333333333333334,0.15,0.21666666666666665,3.3814814814814818
2F85-AF81,Cassandre,Joubert,Non-Binary,42,Some Travel,Technology,12,CA,White,Masters,Business Studies,Senior Software Engineer,Married,167089,1,No,2012-05-24,No,10,7,9,8,Senior,167089.0,2022-07-04,4,3,5,3,0,2,5,5,2022,0,10,2.8846153846153846,3.8461538461538463,3.326923076923077,4.096153846153846,1.2692307692307692,3.0846153846153848,0.2500000000000001,-0.14285714285714288,-0.047619047619047665,3.0846153846153848
2F98-E645,Monah,Fivey,Female,29,Frequent Traveller,Technology,17,CA,Black,Bachelors,Computer Science,Data Scientist,Married,105554,1,Yes,2014-02-25,Yes,5,2,5,2,Mid,105554.0,2022-05-26,4,2,1,3,0,1,4,3,2022,-1,10,2.909090909090909,3.8363636363636364,2.9454545454545453,2.690909090909091,0.7818181818181819,2.632727272727273,-0.03636363636363637,-0.393939393939394,-0.13333333333333336,2.632727272727273
2FAE-9278,Ettore,Gorusso,Male,24,Some Travel,Technology,23,NY,White,Doctorate,Computer Science,Senior Software Engineer,Single,92798,0,Yes,2016-05-23,No,6,4,4,1,Mid,92798.0,2022-05-30,5,4,2,3,1,5,4,3,2022,-1,10,3.588235294117647,4.588235294117647,4.088235294117647,3.6470588235294117,0.7647058823529411,3.3352941176470585,0.5999999999999999,0.5999999999999998,0.10000000000000003,3.3352941176470585
2FC6-7ED5,Deena,Deegan,Female,44,Frequent Traveller,Technology,29,CA,Mixed,No Formal Qualifications,Computer Science,Machine Learning Engineer,Married,303779,1,No,2018-08-24,No,4,0,0,0,Junior,303779.0,2015-04-07,3,5,5,1,0,4,4,4,2015,0,3,3.3333333333333335,3.5,3.5,3.8333333333333335,1.1666666666666667,3.066666666666667,1.4999999999999998,1.187575654052147e-16,4.886831086417666e-17,3.066666666666667
2FC8-999D,Terrie,Barnish,Female,27,Some Travel,Technology,30,CA,Mixed,High School,Information Systems,Analytics Manager,Divorced,240633,1,No,2015-01-22,No,7,1,6,7,Junior,240633.0,2020-09-19,5,3,2,2,1,3,3,2,2020,-1,8,2.7333333333333334,4.6,3.533333333333333,3.6,1.4333333333333333,3.18,0.4,0.39999999999999997,7.092334654213315e-18,3.18
3012-1A41,Leonelle,Simco,Female,30,Some Travel,Sales,27,IL,White,Doctorate,Marketing,Sales Executive,Divorced,102059,1,No,2012-01-03,No,10,4,9,7,Mid,102059.0,2022-10-29,4,2,4,1,0,2,5,4,2022,-1,10,3.185185185185185,3.5185185185185186,3.462962962962963,3.6481481481481484,0.2777777777777778,2.818518518518519,-0.1833333333333334,-0.13333333333333336,0.08333333333333336,2.818518518518519
3044-EB49,Rolando,Pioch,Male,23,Some Travel,Sales,44,NY,White,High School,Economics,Sales Executive,Married,100314,3,Yes,2019-09-25,No,3,2,3,3,Mid,100314.0,2020-03-05,3,2,5,3,2,5,5,4,2020,-1,8,4.066666666666666,3.933333333333333,2.0,3.6,1.5333333333333334,3.0266666666666664,0.0,1.9999999999999993,0.0,3.0266666666666664
30CB-BCD0,Saraann,Justice,Female,38,Frequent Traveller,Technology,31,NY,Black,Bachelors,Computer Science,Data Scientist,Married,90187,1,Yes,2014-06-27,No,8,4,5,2,Mid,90187.0,2022-10-15,4,2,5,3,0,2,4,3,2022,-1,10,3.3555555555555556,4.022222222222222,2.4,3.5555555555555554,0.9777777777777777,2.8622222222222224,-0.2571428571428572,-0.3714285714285715,-0.22857142857142862,2.8622222222222224
30CC-9AD8,Maximo,Poundford,Male,22,Some Travel,Technology,20,IL,White,High School,Information Systems,Senior Software Engineer,Married,54899,1,Yes,2020-12-18,No,2,0,1,0,Junior,54899.0,2022-05-06,4,5,5,1,1,4,5,4,2022,-1,10,4.0,4.0,5.0,5.0,1.0,3.8,0.0,0.0,0.0,3.8
3120-B11F,Allister,Noads,Male,28,Frequent Traveller,Technology,7,CA,White,Masters,Business Studies,Senior Software Engineer,Married,140538,1,No,2015-01-21,No,7,3,5,0,Mid,140538.0,2019-02-24,5,5,4,3,1,4,4,4,2019,0,7,4.04,4.6,4.24,3.36,0.28,3.3040000000000007,0.09999999999999996,0.09999999999999999,0.1,3.3040000000000007
3182-7F44,Bethany,Dawks,Female,21,Some Travel,Technology,19,NY,White,Masters,Information Systems,Software Engineer,Single,25114,0,No,2021-01-16,No,1,1,1,1,Junior,25114.0,2022-01-31,3,3,3,1,0,2,5,5,2022,0,10,2.0,3.0,3.0,3.0,0.0,2.2,0.0,0.0,0.0,2.2
31E1-001F,Stevy,McArthur,Male,21,Frequent Traveller,Technology,33,CA,White,High School,Information Systems,Software Engineer,Married,37954,1,Yes,2021-06-07,No,1,0,0,1,Junior,37954.0,2019-07-18,5,5,5,1,1,2,3,3,2019,0,7,2.0,5.0,5.0,5.0,1.0,3.6,0.0,0.0,0.0,3.6
31FB-D496,Rakel,Ruston,Female,25,Some Travel,Technology,5,CA,Mixed,Masters,Other,Software Engineer,Single,51454,0,No,2015-04-17,No,7,1,6,7,Junior,51454.0,2022-10-21,5,4,5,2,1,4,5,4,2022,-1,10,3.6,3.925,3.875,3.825,1.175,3.2800000000000002,0.29999999999999993,3.574873224334839e-17,0.2,3.2800000000000002
3261-373A,Dorey,Arpur,Female,26,Frequent Traveller,Technology,5,IL,White,Bachelors,Computer Science,Senior Software Engineer,Married,99203,1,Yes,2016-12-28,No,6,3,3,4,Mid,99203.0,2022-02-15,4,2,4,2,1,4,5,4,2022,-1,10,4.029411764705882,4.705882352941177,3.8529411764705883,4.0,1.2058823529411764,3.5588235294117645,-0.9999999999999998,0.19999999999999996,5.613212389875622e-17,3.5588235294117645
327B-F6D3,Codee,Jean,Female,37,Some Travel,Technology,6,CA,Mixed,High School,Computer Science,Data Scientist,Married,42188,1,No,2013-10-04,Yes,8,3,5,6,Mid,42188.0,2022-04-30,5,5,2,3,1,4,5,4,2022,-1,10,3.6363636363636362,4.4,3.618181818181818,3.1454545454545455,1.0545454545454545,3.170909090909091,-0.12121212121212124,0.09090909090909095,-0.04242424242424241,3.170909090909091
32AE-C02F,Hilly,Giocannoni,Male,24,No Travel,Sales,8,CA,White,Bachelors,Marketing,Sales Executive,Single,82405,0,Yes,2016-06-19,Yes,5,1,4,1,Junior,82405.0,2022-01-16,2,1,2,3,3,1,3,3,2022,0,10,3.090909090909091,3.1818181818181817,3.090909090909091,3.090909090909091,0.8727272727272727,2.665454545454545,0.0606060606060606,-0.2060606060606061,-0.06060606060606062,2.665454545454545
342B-0932,Giorgio,Ginger,Male,21,Some Travel,Technology,18,CA,Asian,High School,Computer Science,Software Engineer,Married,29558,1,Yes,2019-06-17,No,3,2,3,2,Mid,29558.0,2022-06-27,5,5,5,3,0,4,3,3,2022,0,10,3.526315789473684,4.052631578947368,4.526315789473684,4.526315789473684,0.0,3.3263157894736843,0.9999999999999997,0.9999999999999997,0.9999999999999997,3.3263157894736843
3476-CA56,Minette,Florey,Female,24,Some Travel,Sales,16,CA,White,Bachelors,Economics,Sales Representative,Single,25102,0,No,2019-06-05,Yes,1,0,0,0,Junior,25102.0,2022-09-20,4,2,2,1,3,4,4,3,2022,-1,10,2.685185185185185,3.611111111111111,3.1481481481481484,3.9074074074074074,0.8333333333333334,2.837037037037037,-0.06666666666666676,0.11666666666666667,-0.13333333333333336,2.837037037037037
34FB-D8F3,Sheffie,McCrum,Male,25,Some Travel,Technology,11,NY,White,High School,Computer Science,Engineering Manager,Married,285138,1,No,2018-03-21,No,4,0,3,4,Junior,285138.0,2022-03-10,5,2,4,3,1,3,3,3,2022,0,10,3.037037037037037,4.37037037037037,3.0,4.296296296296297,1.0,3.1407407407407413,-2.346337633521146e-16,0.4999999999999998,-0.9999999999999997,3.1407407407407413
354B-3BC6,Luci,Penburton,Female,21,Some Travel,Technology,4,NY,White,Bachelors,Business Studies,Software Engineer,Single,67900,0,No,2019-06-24,No,3,3,3,2,Mid,67900.0,2022-04-30,4,3,4,2,3,2,4,3,2022,-1,10,2.473684210526316,4.0,2.526315789473684,3.526315789473684,3.0,3.105263157894737,0.9999999999999997,-0.9999999999999997,-1.9999999999999993,3.105263157894737
3560-C117,Allyson,Kordas,Female,28,Frequent Traveller,Technology,4,CA,Mixed,Bachelors,Computer Science,Data Scientist,Married,65659,1,Yes,2012-05-09,Yes,2,0,0,0,Junior,65659.0,2022-02-25,4,5,2,3,0,3,3,2,2022,-1,10,3.4363636363636365,3.6363636363636362,3.3454545454545452,2.709090909090909,1.0,2.825454545454545,0.030303030303030287,-0.24242424242424246,-0.042424242424242434,2.825454545454545
35D2-818A,Sonja,Crone,Female,26,Frequent Traveller,Technology,16,CA,White,Masters,Other,Software Engineer,Married,62602,0,Yes,2017-11-24,No,5,2,3,2,Mid,62602.0,2022-06-26,2,1,1,1,1,4,5,5,2022,0,10,3.6666666666666665,3.5555555555555554,2.925925925925926,2.2962962962962963,0.9629629629629629,2.681481481481481,-0.9999999999999998,4.886831086417666e-17,1.0,2.681481481481481
3642-EEAE,Eleanore,Gundrey,Female,48,Some Travel,Technology,43,CA,White,Bachelors,Information Systems,Data Scientist,Married,56053,1,No,2014-06-27,No,8,6,8,4,Senior,56053.0,2022-11-07,4,5,4,2,1,2,3,2,2022,-1,10,3.533333333333333,4.488888888888889,3.7333333333333334,4.777777777777778,0.7111111111111111,3.4488888888888893,0.6,-0.34285714285714275,-0.4571428571428573,3.4488888888888893
3653-D544,Adria,Smurfit,Female,25,Frequent Traveller,Sales,21,IL,Black,High School,Technical Degree,Sales Executive,Married,91332,1,No,2018-01-03,No,4,3,3,3,Mid,91332.0,2022-07-23,5,3,3,3,0,3,3,2,2022,-1,10,3.037037037037037,4.333333333333333,3.925925925925926,3.2962962962962963,0.8888888888888888,3.096296296296296,-0.9999999999999997,0.4999999999999998,-0.5000000000000001,3.096296296296296
36A3-F0A5,Hirsch,Broadnicke,Male,23,Frequent Traveller,Technology,40,CA,White,Bachelors,Computer Science,Senior Software Engineer,Divorced,79724,1,No,2020-09-23,No,2,0,2,0,Junior,79724.0,2022-11-21,4,5,5,3,0,5,4,3,2022,-1,10,5.0,4.0,5.0,5.0,0.0,3.8,0.0,0.0,0.0,3.8
36E1-3DDF,Connie,Widocks,Non-Binary,24,Some Travel,Technology,26,CA,Black,High School,Computer Science,Software Engineer,Single,34657,0,No,2017-11-21,No,5,5,5,2,Senior,34657.0,2022-03-04,4,5,4,2,1,5,4,3,2022,-1,10,4.703703703703703,3.962962962962963,3.4444444444444446,4.0,1.3333333333333333,3.4888888888888885,1.4999999999999998,0.4999999999999999,-4.886831086417666e-17,3.4888888888888885
3747-3110,Sarge,Antowski,Male,23,Some Travel,Technology,12,NY,Black,Bachelors,Computer Science,Software Engineer,Married,35776,2,Yes,2017-12-22,No,5,0,3,4,Junior,35776.0,2022-07-01,4,4,3,3,0,5,4,4,2022,0,10,5.0,4.296296296296297,3.7037037037037037,3.5925925925925926,0.6666666666666666,3.4518518518518526,0.49999999999999983,0.0,0.49999999999999983,3.4518518518518526
37D7-54B9,Kimberli,Porritt,Female,37,Some Travel,Sales,20,IL,White,Bachelors,Economics,Sales Executive,Married,195447,1,Yes,2019-10-22,No,3,3,3,3,Mid,195447.0,2014-06-10,4,4,5,2,1,3,5,4,2014,-1,2,3.0,4.0,4.0,5.0,1.0,3.4,0.0,0.0,0.0,3.4
37EE-004B,Dyan,Boud,Female,22,Some Travel,Technology,29,CA,White,Bachelors,Information Systems,Data Scientist,Divorced,28790,1,No,2019-01-09,Yes,3,1,1,2,Junior,28790.0,2022-08-16,4,5,2,1,1,5,5,4,2022,-1,10,4.0,3.5185185185185186,3.5185185185185186,3.074074074074074,0.8518518518518519,2.992592592592593,-0.033333333333333305,0.20000000000000004,-0.03333333333333333,2.992592592592593
380E-44B4,Esdras,Hallitt,Male,21,Some Travel,Technology,19,IL,White,Masters,Computer Science,Data Scientist,Single,25255,0,No,2022-08-01,Yes,0,0,0,0,Junior,25255.0,2022-04-29,5,4,2,2,3,4,3,2,2022,-1,10,3.537037037037037,3.6481481481481484,3.8333333333333335,2.5555555555555554,1.4259259259259258,3.0,0.1499999999999999,0.08333333333333336,-0.016666666666666663,3.0
380F-A08A,Evvy,Labbez,Female,32,Frequent Traveller,Sales,22,NY,White,Bachelors,Marketing,Sales Executive,Married,142488,1,No,2014-11-22,No,8,0,6,7,Junior,142488.0,2022-07-08,3,3,4,2,1,5,4,3,2022,-1,10,3.488888888888889,3.3555555555555556,2.933333333333333,2.7555555555555555,0.4888888888888889,2.604444444444445,-0.17142857142857146,0.39999999999999997,0.02857142857142856,2.604444444444445
388D-DB68,Maybelle,Hurler,Female,27,Some Travel,Human Resources,40,CA,White,Bachelors,Human Resources,Recruiter,Married,34320,1,No,2015-06-07,No,7,5,6,5,Senior,34320.0,2022-02-12,5,5,5,2,0,4,5,5,2022,0,10,3.75,4.35,4.25,3.75,1.425,3.5050000000000003,0.2,-0.2,-0.10000000000000006,3.5050000000000003
38EB-ADBD,Berton,Jorissen,Male,48,Some Travel,Technology,20,CA,White,Bachelors,Information Systems,Software Engineer,Married,56546,1,No,2013-11-01,No,9,4,6,3,Mid,56546.0,2022-01-08,4,3,2,1,2,4,4,4,2022,0,10,3.5714285714285716,3.183673469387755,3.061224489795918,2.204081632653061,0.6530612244897959,2.5346938775510206,-0.14285714285714282,-0.24999999999999992,0.21428571428571422,2.5346938775510206
3992-22AD,Kristal,le Keux,Female,25,Some Travel,Sales,4,CA,Other,Bachelors,Marketing,Sales Executive,Single,48917,0,No,2017-08-19,No,5,2,4,3,Mid,48917.0,2022-01-13,3,2,5,1,0,2,5,4,2022,-1,10,2.888888888888889,2.962962962962963,2.5555555555555554,3.4074074074074074,0.0,2.3629629629629627,-1.4999999999999993,-1.4999999999999991,0.9999999999999996,2.3629629629629627
39A2-9B0A,Leesa,Wittke,Female,19,Frequent Traveller,Sales,35,CA,White,Masters,Marketing,Sales Representative,Single,24959,1,No,2022-10-25,Yes,0,0,0,0,Junior,24959.0,2022-09-03,3,4,2,1,0,4,4,4,2022,0,10,3.6666666666666665,3.462962962962963,3.1666666666666665,3.6666666666666665,0.5555555555555556,2.9037037037037035,-0.049999999999999996,-0.10000000000000003,-0.18333333333333335,2.9037037037037035
39FC-7149,Kathye,Balden,Female,27,Some Travel,Technology,1,CA,White,Bachelors,Computer Science,Software Engineer,Single,31450,0,No,2015-01-10,No,7,3,5,7,Mid,31450.0,2018-12-13,4,3,2,2,1,2,4,4,2018,0,6,2.7,3.75,3.55,3.6,1.25,2.9699999999999998,0.3000000000000001,0.20000000000000004,0.20000000000000004,2.9699999999999998
3A20-7C3E,Jerrie,Carlos,Male,25,Some Travel,Technology,44,CA,White,Masters,Other,Software Engineer,Divorced,52210,3,No,2016-07-01,No,6,0,1,0,Junior,52210.0,2022-05-17,4,5,2,3,0,2,5,4,2022,-1,10,3.0294117647058822,3.764705882352941,3.8823529411764706,2.411764705882353,0.47058823529411764,2.711764705882353,0.8999999999999997,0.19999999999999984,2.806606194937811e-17,2.711764705882353
3A2C-ABB8,Gawain,Dewdney,Male,25,Some Travel,Technology,5,CA,White,Bachelors,Computer Science,Software Engineer,Married,28646,1,No,2015-07-02,No,7,6,6,3,Senior,28646.0,2022-06-01,4,4,4,2,0,5,4,3,2022,-1,10,3.825,3.675,4.075,3.925,1.0,3.3,0.3,0.09999999999999994,-0.3,3.3
3A36-DA50,Leia,Jackes,Female,24,Some Travel,Technology,26,CA,White,Bachelors,Information Systems,Senior Software Engineer,Married,80374,2,No,2017-10-14,No,5,4,4,4,Mid,80374.0,2022-12-15,5,4,3,1,1,2,3,2,2022,-1,10,2.0,4.0,3.6296296296296298,3.0,0.9629629629629629,2.718518518518519,-0.49999999999999983,0.0,-1.0,2.718518518518519
3A96-07A5,Teena,Nassey,Female,24,No Travel,Sales,14,CA,Black,Bachelors,Marketing,Sales Executive,Divorced,52975,1,Yes,2019-04-18,No,3,1,3,3,Junior,52975.0,2022-11-03,3,5,4,2,1,3,3,2,2022,-1,10,2.526315789473684,3.0,4.526315789473684,4.473684210526316,1.0,3.105263157894737,0.9999999999999997,0.9999999999999997,-0.9999999999999997,3.105263157894737
3B11-DF28,Helge,Exley,Female,23,Frequent Traveller,Technology,28,CA,White,High School,Computer Science,Data Scientist,Single,57133,0,No,2019-08-23,Yes,3,0,0,1,Junior,57133.0,2022-04-04,4,1,1,2,1,3,5,4,2022,-1,10,3.2962962962962963,4.074074074074074,3.111111111111111,3.0555555555555554,1.1296296296296295,2.933333333333333,4.308133393634657e-18,-0.033333333333333305,-0.13333333333333336,2.933333333333333
3B2D-9E60,Flora,Kowalski,Female,37,Some Travel,Technology,33,CA,White,No Formal Qualifications,Information Systems,Senior Software Engineer,Married,236732,1,No,2020-06-30,No,2,2,2,2,Mid,236732.0,2022-01-17,4,5,2,3,1,4,3,2,2022,-1,10,4.0,4.0,5.0,2.0,1.0,3.2,0.0,0.0,0.0,3.2
3B90-B998,Giffy,Rofe,Male,33,No Travel,Technology,26,CA,White,Bachelors,Computer Science,Data Scientist,Divorced,43998,3,No,2014-09-29,No,8,6,7,2,Senior,43998.0,2022-05-22,4,4,3,1,0,2,3,3,2022,0,10,2.7333333333333334,3.7555555555555555,3.466666666666667,3.577777777777778,0.8444444444444444,2.8755555555555556,0.34285714285714286,-0.2571428571428571,0.14285714285714302,2.8755555555555556
3C31-30CB,Roxy,Firpi,Female,24,Some Travel,Technology,3,CA,White,Bachelors,Business Studies,Software Engineer,Married,41664,1,No,2016-06-08,No,6,3,4,2,Mid,41664.0,2022-03-13,3,2,2,3,1,5,5,5,2022,0,10,4.5,3.9411764705882355,3.8529411764705883,3.6470588235294117,1.0,3.388235294117647,-0.9999999999999998,2.806606194937811e-17,0.5999999999999999,3.388235294117647
3C73-12A0,Andee,Kenen,Female,22,Some Travel,Technology,6,CA,White,High School,Information Systems,Senior Software Engineer,Single,70766,0,No,2020-02-15,No,2,0,2,1,Junior,70766.0,2022-06-09,5,2,5,3,2,4,4,4,2022,0,10,4.0,5.0,2.0,5.0,2.0,3.6,0.0,0.0,0.0,3.6
3C78-06E7,Konstantin,Muldownie,Male,24,Some Travel,Technology,7,CA,Asian,Masters,Information Systems,Software Engineer,Married,85074,1,No,2018-01-15,No,4,1,2,4,Junior,85074.0,2022-01-06,4,5,2,1,0,4,4,4,2022,0,10,3.962962962962963,4.296296296296297,4.703703703703703,2.3333333333333335,1.2962962962962963,3.3185185185185184,0.4999999999999999,-0.4999999999999998,0.4999999999999998,3.3185185185185184
3C7D-86ED,Joyan,Brason,Female,40,Some Travel,Sales,3,CA,Pacific Islander,High School,Other,Sales Executive,Divorced,104426,1,No,2012-01-11,No,10,3,4,6,Mid,104426.0,2021-02-17,3,3,3,1,2,3,5,4,2021,-1,9,3.6,4.088888888888889,3.1333333333333333,3.111111111111111,2.2222222222222223,3.231111111111111,0.016666666666666684,-0.13333333333333336,-0.1,3.231111111111111
3CD6-5587,Dorise,Klishin,Female,31,Some Travel,Technology,20,CA,White,High School,Computer Science,Software Engineer,Single,59697,0,Yes,2012-02-02,Yes,7,5,6,0,Senior,59697.0,2022-03-22,2,4,1,2,2,4,3,2,2022,-1,10,3.727272727272727,3.581818181818182,3.6363636363636362,2.7818181818181817,1.509090909090909,3.0472727272727274,0.024242424242424232,0.018181818181818184,0.04242424242424242,3.0472727272727274
3CFD-6622,Adelina,Bittlestone,Female,40,Frequent Traveller,Technology,19,CA,Black,Bachelors,Information Systems,Analytics Manager,Single,513325,0,No,2019-03-10,No,3,0,0,1,Junior,513325.0,2022-05-17,4,4,2,2,0,4,3,2,2022,-1,10,4.473684210526316,4.473684210526316,4.473684210526316,3.4210526315789473,0.9473684210526315,3.5578947368421057,-0.9999999999999997,-0.9999999999999997,0.0,3.5578947368421057
3D47-6A75,Burch,Albers,Male,45,Some Travel,Sales,20,CA,White,Bachelors,Marketing,Manager,Married,374781,1,No,2021-04-30,No,1,1,1,1,Junior,374781.0,2021-08-29,4,2,3,2,2,5,3,3,2021,0,9,5.0,4.0,2.0,3.0,2.0,3.2,0.0,0.0,0.0,3.2
3D71-8DC2,Alix,Blazejewski,Male,38,Some Travel,Sales,20,IL,Black,Masters,Marketing,Sales Executive,Married,147098,1,No,2012-01-11,No,10,5,8,2,Senior,147098.0,2022-12-04,3,3,2,3,1,3,5,5,2022,0,10,3.6481481481481484,3.7962962962962963,3.111111111111111,3.0,1.0555555555555556,2.922222222222222,-0.10000000000000002,-0.1166666666666667,0.15000000000000005,2.922222222222222
3D9E-FB05,Raynor,Deane,Male,25,Some Travel,Sales,2,CA,Black,Masters,Economics,Sales Executive,Married,75555,1,No,2016-11-08,No,6,5,6,4,Senior,75555.0,2022-11-20,4,4,3,3,0,3,4,4,2022,0,10,3.176470588235294,3.235294117647059,3.5294117647058822,2.5,1.1470588235294117,2.7176470588235295,0.19999999999999993,-0.49999999999999983,-0.5,2.7176470588235295
3DB7-2942,Cordula,Upjohn,Female,27,Some Travel,Technology,3,CA,Asian,High School,Computer Science,Engineering Manager,Married,137012,1,No,2015-08-16,No,7,6,7,7,Senior,137012.0,2022-10-03,3,5,5,3,1,4,4,3,2022,-1,10,3.275,3.575,3.775,4.025,1.65,3.2600000000000002,0.7000000000000001,0.30000000000000004,0.20000000000000004,3.2600000000000002
3DCC-7FA4,Sherrie,Chantler,Female,34,Frequent Traveller,Sales,30,CA,Mixed,High School,Marketing,Manager,Married,311448,2,Yes,2019-04-12,No,3,1,2,2,Junior,311448.0,2022-02-06,5,2,5,2,0,4,4,4,2022,0,10,3.0526315789473686,5.0,3.4210526315789473,3.5789473684210527,0.47368421052631576,3.1052631578947367,-2.9999999999999996,1.9999999999999993,1.9999999999999993,3.1052631578947367
3E3B-681D,Franz,Brighouse,Male,23,Some Travel,Technology,30,CA,White,High School,Information Systems,Data Scientist,Single,24518,0,No,2019-04-25,No,3,2,2,3,Mid,24518.0,2022-05-26,3,4,3,3,1,3,5,4,2022,-1,10,3.0,3.473684210526316,4.0,2.526315789473684,1.9473684210526316,2.9894736842105263,0.0,0.0,0.0,2.9894736842105263
3E42-57C8,Quinton,McAllister,Male,23,Some Travel,Sales,12,IL,White,Bachelors,Marketing,Sales Executive,Single,84985,0,No,2020-05-01,Yes,1,0,0,0,Junior,84985.0,2022-06-13,3,4,5,1,0,2,3,2,2022,-1,10,3.611111111111111,3.5925925925925926,3.759259259259259,4.12962962962963,1.3703703703703705,3.292592592592593,0.08333333333333333,-0.05,-0.3666666666666667,3.292592592592593
3E4A-F28F,Rubi,Hawkwood,Female,20,Some Travel,Technology,45,IL,Black,High School,Information Systems,Senior Software Engineer,Married,41877,0,No,2022-11-02,Yes,0,0,0,0,Junior,41877.0,2022-11-10,5,2,4,1,1,4,4,4,2022,0,10,3.4444444444444446,4.518518518518518,3.388888888888889,3.537037037037037,1.7222222222222223,3.322222222222222,0.05,0.20000000000000004,0.0666666666666667,3.322222222222222
3E50-011E,Carol,Burgill,Female,24,No Travel,Technology,29,CA,White,Masters,Information Systems,Machine Learning Engineer,Married,158330,3,Yes,2017-08-18,No,5,1,3,0,Junior,158330.0,2022-09-17,5,4,4,2,3,4,5,5,2022,0,10,3.962962962962963,4.074074074074074,4.0,3.3703703703703702,1.4074074074074074,3.362962962962963,0.0,-0.4999999999999998,1.4999999999999998,3.362962962962963
3EAA-95E5,Beatrix,Epelett,Non-Binary,40,Some Travel,Technology,40,CA,White,Masters,Computer Science,Machine Learning Engineer,Divorced,265523,1,No,2018-07-20,No,4,1,3,1,Junior,265523.0,2022-08-22,3,3,4,2,1,3,5,5,2022,0,10,3.2962962962962963,3.3333333333333335,3.259259259259259,3.7037037037037037,0.9629629629629629,2.9111111111111114,-0.9999999999999993,-0.49999999999999983,0.9999999999999997,2.9111111111111114
3EB2-9111,Ginger,Blinde,Male,48,Some Travel,Technology,26,IL,White,Masters,Information Systems,Data Scientist,Divorced,35749,2,No,2012-05-17,No,10,7,7,8,Senior,35749.0,2022-06-22,4,2,3,3,0,5,3,2,2022,-1,10,3.9423076923076925,3.7884615384615383,2.9615384615384617,3.423076923076923,0.5,2.9230769230769234,-0.3571428571428572,0.2380952380952381,0.08333333333333336,2.9230769230769234
3EDA-3BDE,Raynard,Revie,Male,31,Some Travel,Technology,19,CA,White,No Formal Qualifications,Information Systems,Engineering Manager,Single,371727,0,No,2019-04-09,No,3,2,3,2,Mid,371727.0,2022-08-07,3,3,5,3,1,3,3,2,2022,-1,10,2.526315789473684,3.9473684210526314,3.9473684210526314,3.5789473684210527,0.5263157894736842,2.905263157894737,-1.9999999999999993,0.9999999999999997,-0.9999999999999997,2.905263157894737
3F0C-41A7,Mendie,Readie,Male,24,Some Travel,Sales,27,CA,Mixed,Masters,Marketing,Sales Executive,Single,79828,0,No,2016-01-27,No,6,2,3,0,Mid,79828.0,2017-06-12,3,5,2,3,0,4,5,5,2017,0,5,3.7142857142857144,3.7142857142857144,3.7142857142857144,2.5714285714285716,0.8571428571428571,2.914285714285714,-0.10000000000000007,0.5999999999999999,0.5999999999999998,2.914285714285714
3F19-FC5A,Hy,Trevance,Male,35,Some Travel,Sales,29,NY,White,Doctorate,Marketing,Sales Executive,Divorced,182764,2,Yes,2012-03-10,No,10,7,9,9,Senior,182764.0,2022-09-15,3,2,1,2,1,4,3,2,2022,-1,10,3.6538461538461537,3.8653846153846154,3.019230769230769,3.6923076923076925,1.6346153846153846,3.173076923076923,-0.130952380952381,0.19047619047619058,-0.22619047619047633,3.173076923076923
3F25-EF5E,Tybalt,Horlick,Male,23,Some Travel,Sales,9,NY,White,High School,Marketing,Sales Representative,Married,33750,1,No,2020-07-10,No,2,0,2,0,Junior,33750.0,2022-05-15,3,5,5,3,1,5,5,5,2022,0,10,5.0,3.0,5.0,5.0,1.0,3.8,0.0,0.0,0.0,3.8
3F3F-E438,Kathleen,Wanjek,Female,21,No Travel,Technology,24,CA,White,Doctorate,Information Systems,Software Engineer,Married,53912,2,Yes,2021-04-02,No,1,1,1,0,Junior,53912.0,2022-03-17,5,5,2,2,2,4,3,2,2022,-1,10,4.0,5.0,5.0,2.0,2.0,3.6,0.0,0.0,0.0,3.6
3F5B-6277,Katerine,Fredi,Female,19,Some Travel,Technology,36,CA,White,High School,Information Systems,Software Engineer,Single,23385,2,No,2021-01-06,No,1,0,1,1,Junior,23385.0,2022-03-03,5,2,5,1,2,2,5,5,2022,0,10,2.0,5.0,2.0,5.0,2.0,3.2,0.0,0.0,0.0,3.2
4049-CF88,Jose,Davydzenko,Male,20,Some Travel,Technology,25,NY,White,Masters,Information Systems,Data Scientist,Married,40341,1,Yes,2020-04-18,No,2,1,1,2,Junior,40341.0,2022-01-25,1,4,3,3,1,1,3,2,2022,-1,10,1.0,1.0,4.0,3.0,1.0,2.0,0.0,0.0,0.0,2.0
40A9-8EB0,Joannes,McFadden,Female,39,Some Travel,Technology,31,CA,White,Bachelors,Information Systems,Software Engineer,Single,90017,0,Yes,2012-02-07,No,10,7,7,3,Senior,90017.0,2022-03-08,5,3,4,1,1,4,3,2,2022,-1,10,3.269230769230769,4.480769230769231,2.519230769230769,3.6153846153846154,1.3653846153846154,3.05,0.02380952380952382,0.33333333333333337,-0.011904761904761906,3.05
40BE-EEAF,Adriano,Purselowe,Male,24,Frequent Traveller,Technology,45,CA,White,Bachelors,Computer Science,Data Scientist,Single,85422,0,Yes,2021-03-28,Yes,1,0,0,0,Junior,85422.0,2021-12-30,5,2,5,2,0,4,3,3,2021,0,9,3.5208333333333335,4.604166666666667,4.0625,4.0,0.7291666666666666,3.3833333333333337,-0.13333333333333336,0.06666666666666668,-0.03333333333333334,3.3833333333333337
40CC-6231,Rodi,McGerraghty,Female,25,Frequent Traveller,Technology,17,CA,Pacific Islander,Bachelors,Computer Science,Software Engineer,Married,54566,1,No,2016-06-15,No,6,3,6,5,Mid,54566.0,2022-03-20,4,3,2,2,1,2,5,5,2022,0,10,2.588235294117647,3.9705882352941178,2.735294117647059,2.676470588235294,1.2352941176470589,2.641176470588235,-0.09999999999999998,-1.0999999999999999,0.09999999999999996,2.641176470588235
411F-6325,Fabio,Metham,Male,27,Frequent Traveller,Technology,45,CA,White,High School,Information Systems,Data Scientist,Single,34579,0,No,2016-06-17,No,6,4,4,4,Mid,34579.0,2022-09-13,4,3,1,3,1,4,3,2,2022,-1,10,3.264705882352941,3.764705882352941,3.0,3.1470588235294117,0.7647058823529411,2.788235294117647,2.682524990494393e-17,0.09999999999999998,-0.39999999999999986,2.788235294117647
4188-C61D,Fanny,Yoell,Female,22,No Travel,Technology,27,CA,White,No Formal Qualifications,Information Systems,Data Scientist,Single,23039,0,No,2018-03-08,Yes,0,0,0,0,Junior,23039.0,2022-04-21,5,5,3,3,2,3,3,3,2022,0,10,3.581818181818182,3.8,4.2,3.272727272727273,0.8363636363636363,3.138181818181818,0.13333333333333341,-0.14545454545454548,-0.054545454545454494,3.138181818181818
41A7-9C19,Ginevra,Edson,Female,23,Some Travel,Sales,8,NY,Mixed,Masters,Economics,Sales Executive,Married,78937,1,No,2018-04-10,No,4,0,3,0,Junior,78937.0,2022-11-05,3,2,5,3,0,5,3,3,2022,0,10,4.0,3.925925925925926,3.0,3.7777777777777777,1.2222222222222223,3.1851851851851847,-2.346337633521146e-16,2.346337633521146e-16,0.4999999999999998,3.1851851851851847
41DC-E8B5,Ware,Casbon,Male,47,Some Travel,Sales,17,CA,White,Bachelors,Other,Sales Executive,Single,106840,0,No,2014-12-06,No,8,3,4,8,Mid,106840.0,2022-08-15,4,5,4,3,2,3,5,5,2022,0,10,3.1333333333333333,4.2444444444444445,3.3333333333333335,4.777777777777778,1.6,3.4177777777777782,8.504985095384073e-18,-0.08571428571428572,0.028571428571428577,3.4177777777777782
41EC-F2AA,Antoinette,Dreamer,Female,26,Frequent Traveller,Technology,42,CA,Asian,No Formal Qualifications,Computer Science,Data Scientist,Married,56966,1,No,2015-05-04,No,7,4,5,2,Mid,56966.0,2021-12-31,5,3,5,2,3,5,3,2,2021,-1,9,3.6315789473684212,4.7894736842105265,3.710526315789474,3.8947368421052633,1.4210526315789473,3.4894736842105267,-0.5,0.10000000000000003,-0.09999999999999996,3.4894736842105267
41FE-D257,Murdock,Heinsius,Male,23,Frequent Traveller,Sales,31,CA,Mixed,Bachelors,Technical Degree,Sales Representative,Single,23505,0,No,2017-07-12,Yes,1,0,0,0,Junior,23505.0,2022-05-11,3,5,3,2,0,4,5,4,2022,-1,10,3.2181818181818183,3.7818181818181817,3.709090909090909,3.418181818181818,0.7636363636363637,2.978181818181818,0.07272727272727274,0.012121212121212106,0.09090909090909091,2.978181818181818
4236-4F51,Nico,Playden,Male,21,No Travel,Technology,42,CA,White,Bachelors,Computer Science,Data Scientist,Married,57118,3,No,2019-03-05,No,3,1,3,0,Junior,57118.0,2022-09-04,3,4,4,1,3,5,4,3,2022,-1,10,5.0,3.473684210526316,3.526315789473684,4.473684210526316,2.0526315789473686,3.705263157894737,0.9999999999999997,0.0,0.0,3.705263157894737
425F-4D2D,Kimberlyn,Preston,Female,25,Some Travel,Sales,30,CA,Mixed,Masters,Marketing,Sales Executive,Divorced,57742,2,Yes,2018-05-10,No,4,3,4,1,Mid,57742.0,2022-10-27,4,3,3,2,2,3,3,2,2022,-1,10,4.2592592592592595,4.0,2.6666666666666665,3.259259259259259,1.3333333333333333,3.1037037037037036,4.886831086417666e-17,-0.9999999999999997,-1.187575654052147e-16,3.1037037037037036
427A-8C69,Pasquale,Abreheart,Male,32,Some Travel,Technology,15,CA,Mixed,Bachelors,Other,Analytics Manager,Married,393294,1,No,2012-02-04,No,10,2,2,2,Mid,393294.0,2022-07-05,4,3,2,1,1,3,3,2,2022,-1,10,3.3846153846153846,4.153846153846154,3.9038461538461537,2.8461538461538463,1.2692307692307692,3.111538461538461,0.035714285714285726,0.01190476190476189,-0.16666666666666669,3.111538461538461
4294-03D1,Lettie,D'Emanuele,Female,43,Some Travel,Sales,12,CA,White,Masters,Marketing,Manager,Married,513262,0,No,2016-06-30,No,6,1,3,1,Junior,513262.0,2022-08-11,4,4,2,2,3,4,3,2,2022,-1,10,3.5294117647058822,3.9705882352941178,4.176470588235294,2.9411764705882355,1.588235294117647,3.2411764705882353,-0.49999999999999983,0.19999999999999996,-0.39999999999999986,3.2411764705882353
42CC-040A,Stace,Savege,Female,29,Some Travel,Human Resources,29,CA,White,High School,Technical Degree,Recruiter,Single,49606,0,No,2012-01-05,Yes,6,1,1,6,Junior,49606.0,2021-05-12,3,4,3,1,2,5,3,2,2021,-1,9,4.333333333333333,3.7111111111111112,3.688888888888889,3.7111111111111112,1.3333333333333333,3.3555555555555556,0.18333333333333335,-4.1143959144760354e-18,-0.0666666666666667,3.3555555555555556
42F5-707F,Wilburt,Feldhuhn,Male,23,Some Travel,Technology,44,NY,White,Bachelors,Information Systems,Senior Software Engineer,Married,81034,2,Yes,2018-03-25,No,4,1,1,0,Junior,81034.0,2022-08-24,1,3,2,2,1,4,3,2,2022,-1,10,3.6296296296296298,2.5925925925925926,2.3703703703703702,3.259259259259259,0.37037037037037035,2.444444444444444,0.49999999999999983,-0.49999999999999983,-0.49999999999999983,2.444444444444444
4304-4B4E,Lonni,McConnel,Female,29,Some Travel,Sales,8,NY,White,Bachelors,Marketing,Sales Executive,Married,163950,1,No,2019-04-30,No,3,3,3,0,Mid,163950.0,2022-01-07,5,5,5,1,1,5,3,3,2022,0,10,4.526315789473684,4.526315789473684,4.052631578947368,4.052631578947368,0.5263157894736842,3.5368421052631573,1.9999999999999993,0.9999999999999997,-1.9999999999999993,3.5368421052631573
4316-C080,Padraig,Carnell,Male,34,No Travel,Technology,25,CA,Mixed,No Formal Qualifications,Computer Science,Senior Software Engineer,Married,238630,1,No,2013-08-05,No,9,0,3,6,Junior,238630.0,2022-07-21,5,4,5,1,0,3,3,2,2022,-1,10,3.693877551020408,4.122448979591836,2.979591836734694,3.7755102040816326,0.8571428571428571,3.085714285714286,-0.035714285714285685,-0.03571428571428566,-0.4999999999999999,3.085714285714286
437C-4AD0,Cosmo,Viney,Male,40,Frequent Traveller,Technology,2,NY,White,Masters,Computer Science,Analytics Manager,Married,260835,2,No,2020-05-14,No,2,1,2,0,Junior,260835.0,2022-07-21,3,2,4,3,2,5,3,3,2022,0,10,5.0,3.0,2.0,4.0,2.0,3.2,0.0,0.0,0.0,3.2
43DD-6998,Angelia,Letrange,Female,48,Some Travel,Technology,9,CA,White,Masters,Business Studies,Analytics Manager,Divorced,517695,1,No,2019-10-29,No,3,2,2,3,Mid,517695.0,2021-01-18,3,3,4,1,0,5,3,3,2021,0,9,5.0,3.0,3.0,4.0,0.0,3.0,0.0,0.0,0.0,3.0
4404-DE5A,Karina,Weddup,Female,32,Some Travel,Technology,39,CA,Asian,No Formal Qualifications,Computer Science,Software Engineer,Single,68256,0,No,2012-05-10,No,10,7,9,6,Senior,68256.0,2022-09-11,4,5,5,2,1,3,3,2,2022,-1,10,3.019230769230769,3.6923076923076925,3.8846153846153846,3.423076923076923,1.0192307692307692,3.007692307692308,0.011904761904761939,0.023809523809523784,-0.1785714285714286,3.007692307692308
4467-6B8F,Shandeigh,Plott,Female,26,Frequent Traveller,Technology,28,NY,Mixed,Masters,Information Systems,Machine Learning Engineer,Divorced,79324,0,Yes,2017-09-29,No,5,2,3,5,Mid,79324.0,2022-10-21,3,4,1,2,1,4,3,3,2022,0,10,3.074074074074074,3.962962962962963,3.6666666666666665,2.5555555555555554,1.0,2.8518518518518516,4.886831086417666e-17,0.9999999999999997,4.886831086417666e-17,2.8518518518518516
449E-0EB7,Dniren,Muddiman,Female,23,Frequent Traveller,Sales,26,NY,White,No Formal Qualifications,Marketing,Sales Executive,Married,44646,1,No,2019-11-15,No,3,1,2,2,Junior,44646.0,2021-01-28,4,2,2,3,0,2,4,3,2021,-1,9,2.0,4.0,2.0,2.0,0.0,2.0,0.0,0.0,0.0,2.0
4500-37EB,Haydon,Bastable,Male,30,Frequent Traveller,Sales,40,CA,Mixed,High School,Marketing,Sales Representative,Divorced,44632,1,No,2013-03-26,Yes,1,0,0,0,Junior,44632.0,2022-03-15,2,4,3,2,0,4,4,3,2022,-1,10,3.7818181818181817,3.4,3.981818181818182,3.5090909090909093,0.5454545454545454,3.043636363636364,0.12121212121212123,0.25454545454545463,-0.08484848484848487,3.043636363636364
450D-13A9,Arlene,Warstall,Female,26,Some Travel,Sales,29,NY,Black,Bachelors,Economics,Sales Representative,Single,28024,0,No,2015-11-30,No,7,0,7,5,Junior,28024.0,2019-06-26,3,2,5,3,1,4,4,3,2019,-1,7,3.4,3.96,2.6,3.52,0.92,2.88,-1.0,-6.572400532559152e-17,-0.4000000000000001,2.88
4563-8637,Vernor,Farrell,Male,25,Some Travel,Sales,44,CA,Mixed,High School,Marketing,Sales Executive,Married,75635,2,No,2017-06-07,No,5,2,2,5,Mid,75635.0,2020-01-09,1,3,1,2,1,4,5,4,2020,-1,8,3.423076923076923,2.3461538461538463,3.4615384615384617,2.230769230769231,1.6153846153846154,2.615384615384615,-0.19999999999999996,-0.3999999999999999,0.2999999999999999,2.615384615384615
4565-62DE,Travis,Janota,Male,37,Some Travel,Technology,29,IL,Mixed,Bachelors,Computer Science,Machine Learning Engineer,Single,155506,0,No,2014-03-18,No,8,8,8,8,Senior,155506.0,2022-11-14,3,2,3,1,2,3,3,2,2022,-1,10,3.6222222222222222,3.1333333333333333,2.8444444444444446,3.311111111111111,1.1333333333333333,2.8088888888888888,-0.40000000000000013,-0.11428571428571441,-0.17142857142857143,2.8088888888888888
45A4-C1D0,Baxy,Goodliff,Male,22,Some Travel,Technology,11,IL,Mixed,Bachelors,Computer Science,Software Engineer,Divorced,74314,1,No,2018-03-14,No,4,0,1,3,Junior,74314.0,2022-02-03,5,5,2,1,1,3,3,3,2022,0,10,2.740740740740741,3.4444444444444446,3.7037037037037037,2.5925925925925926,0.7037037037037037,2.637037037037037,0.5000000000000001,0.9999999999999993,-0.9999999999999993,2.637037037037037
45BA-6683,Hort,Rawstron,Male,23,Some Travel,Technology,1,IL,Black,No Formal Qualifications,Other,Data Scientist,Divorced,47648,1,Yes,2017-08-29,No,5,2,4,5,Mid,47648.0,2022-10-08,1,2,3,3,0,4,4,3,2022,-1,10,4.296296296296297,2.925925925925926,2.3333333333333335,2.7037037037037037,1.0,2.6518518518518523,-4.886831086417666e-17,-0.4999999999999999,0.49999999999999983,2.6518518518518523
45D2-369E,Melvin,McGeneay,Male,30,Some Travel,Technology,7,CA,White,No Formal Qualifications,Information Systems,Data Scientist,Married,70182,1,No,2013-06-07,No,9,8,9,8,Senior,70182.0,2022-01-20,4,5,2,3,3,2,5,5,2022,0,10,3.306122448979592,3.4693877551020407,3.857142857142857,2.877551020408163,1.1224489795918366,2.926530612244898,2.4611635893524147e-17,0.03571428571428571,0.035714285714285726,2.926530612244898
45D7-5C8A,Artemus,Boyet,Male,26,Some Travel,Sales,45,CA,Black,Bachelors,Technical Degree,Sales Representative,Married,20650,1,No,2014-05-10,Yes,2,0,0,1,Junior,20650.0,2022-01-23,4,4,2,3,0,3,5,5,2022,0,10,3.6545454545454548,4.4,3.618181818181818,3.3636363636363638,0.5454545454545454,3.1163636363636362,0.01212121212121213,0.10303030303030306,-0.01212121212121209,3.1163636363636362
45F9-3A37,Talbot,Sturgess,Male,21,Some Travel,Technology,34,CA,Black,Masters,Information Systems,Software Engineer,Single,61758,0,No,2022-11-22,Yes,0,0,0,0,Junior,61758.0,2022-05-22,1,4,1,3,0,4,4,3,2022,-1,10,4.333333333333333,3.425925925925926,3.5925925925925926,2.4814814814814814,0.6666666666666666,2.8999999999999995,0.03333333333333334,6.7528063091899174e-18,-0.13333333333333333,2.8999999999999995
45FF-ACE6,Korrie,Plampin,Female,28,Some Travel,Sales,13,CA,White,Bachelors,Marketing,Sales Executive,Married,207479,3,No,2020-07-19,Yes,1,0,0,0,Junior,207479.0,2022-10-16,3,4,4,1,2,4,3,2,2022,-1,10,3.2962962962962963,3.6666666666666665,3.6666666666666665,3.5555555555555554,1.7037037037037037,3.177777777777778,-2.5491551408861472e-17,-0.03333333333333333,-0.21666666666666667,3.177777777777778
462E-03DF,Muffin,Ellcome,Female,45,Some Travel,Technology,20,NY,White,No Formal Qualifications,Computer Science,Software Engineer,Married,90264,0,Yes,2012-03-19,No,10,2,4,4,Mid,90264.0,2022-05-25,2,3,3,3,0,4,3,3,2022,0,10,3.769230769230769,4.038461538461538,3.6346153846153846,3.519230769230769,0.9038461538461539,3.1730769230769225,-0.14285714285714288,0.1785714285714286,-0.13095238095238096,3.1730769230769225
4657-FE18,Staford,Perrins,Non-Binary,29,Some Travel,Technology,25,CA,Native American,High School,Information Systems,Senior Software Engineer,Married,145716,1,No,2018-02-22,Yes,1,0,1,1,Junior,145716.0,2022-05-08,5,5,4,3,1,5,5,5,2022,0,10,3.4,4.072727272727272,4.036363636363636,2.3454545454545452,1.0727272727272728,2.9854545454545454,0.02424242424242425,0.20000000000000004,0.12727272727272726,2.9854545454545454
465A-91D1,Ranna,Crosbie,Female,42,Some Travel,Sales,36,NY,Other,No Formal Qualifications,Marketing,Sales Representative,Single,43753,0,No,2013-05-01,No,9,0,1,1,Junior,43753.0,2022-10-18,5,4,4,1,0,5,4,4,2022,0,10,3.4489795918367347,3.7755102040816326,3.7551020408163267,4.081632653061225,1.1020408163265305,3.2326530612244895,0.3214285714285713,0.2857142857142857,2.622154670248244e-17,3.2326530612244895
4673-EBEC,Ollie,Chellam,Male,28,Some Travel,Sales,24,NY,Mixed,High School,Marketing,Sales Executive,Married,78735,1,No,2015-07-23,No,7,0,2,4,Junior,78735.0,2022-07-24,4,3,4,2,3,5,3,3,2022,0,10,3.75,4.225,2.25,3.175,1.1,2.8999999999999995,0.2,-0.20000000000000007,-0.39999999999999997,2.8999999999999995
468A-E249,Ninon,Leathwood,Female,26,Some Travel,Technology,22,CA,Mixed,Bachelors,Business Studies,Engineering Manager,Married,206137,1,No,2015-06-27,No,7,1,1,5,Junior,206137.0,2022-03-04,4,5,5,3,1,5,5,5,2022,0,10,4.05,4.175,4.4,3.925,0.65,3.44,-3.2900083040741064e-17,0.19999999999999998,0.09999999999999999,3.44
469A-8121,Baxie,Rising,Male,30,Some Travel,Technology,36,CA,Native American,Masters,Information Systems,Engineering Manager,Married,328415,0,No,2012-01-20,No,10,1,10,1,Junior,328415.0,2022-09-26,3,5,4,2,2,3,5,5,2022,0,10,3.4423076923076925,3.7884615384615383,3.7115384615384617,3.3461538461538463,0.8076923076923077,3.0192307692307696,0.41666666666666685,-0.07142857142857144,0.08333333333333333,3.0192307692307696
46C8-1E24,Anjela,Berns,Female,47,Some Travel,Technology,32,CA,White,Bachelors,Information Systems,Machine Learning Engineer,Single,243869,0,No,2020-10-04,No,2,1,1,0,Junior,243869.0,2022-03-30,4,3,4,1,2,2,4,3,2022,-1,10,2.0,4.0,3.0,4.0,2.0,3.0,0.0,0.0,0.0,3.0
46D6-CA7A,Vanya,Gittoes,Male,27,Frequent Traveller,Technology,16,CA,Mixed,Masters,Information Systems,Senior Software Engineer,Single,75275,0,No,2016-01-19,No,6,4,5,5,Mid,75275.0,2020-09-22,3,3,2,1,0,2,4,3,2020,-1,8,3.1153846153846154,3.4615384615384617,2.730769230769231,3.8461538461538463,0.7307692307692307,2.776923076923077,-0.09999999999999996,-0.6999999999999998,2.806606194937811e-17,2.776923076923077
46ED-4007,Ulysses,Wathan,Male,34,Frequent Traveller,Sales,40,IL,Asian,Bachelors,Economics,Sales Executive,Married,140097,0,No,2013-09-27,No,9,2,8,6,Mid,140097.0,2022-08-12,5,5,5,3,0,2,4,3,2022,-1,10,3.7346938775510203,4.1020408163265305,3.5510204081632653,3.63265306122449,1.2448979591836735,3.253061224489796,0.21428571428571427,0.035714285714285664,0.07142857142857141,3.253061224489796
473C-EA4E,Myron,Millard,Male,26,Some Travel,Technology,28,CA,Mixed,Doctorate,Computer Science,Engineering Manager,Married,246505,1,No,2017-09-04,No,5,1,3,2,Junior,246505.0,2022-08-25,4,5,2,2,1,4,4,3,2022,-1,10,3.074074074074074,4.62962962962963,4.074074074074074,2.6666666666666665,1.0,3.088888888888889,0.9999999999999997,0.9999999999999997,0.4999999999999998,3.088888888888889
47A0-559B,Ermentrude,Berrie,Non-Binary,39,Some Travel,Technology,12,IL,White,Bachelors,Computer Science,Engineering Manager,Married,293132,0,No,2012-01-05,No,10,10,10,0,Senior,293132.0,2022-03-26,1,4,3,2,2,3,3,3,2022,0,10,2.8518518518518516,2.888888888888889,3.740740740740741,3.0555555555555554,1.4259259259259258,2.7925925925925923,-0.23333333333333336,0.06666666666666665,-0.21666666666666673,2.7925925925925923
47C9-BD11,Conrad,Soule,Prefer Not To Say,43,Frequent Traveller,Technology,37,CA,White,No Formal Qualifications,Information Systems,Senior Software Engineer,Married,199718,0,No,2020-08-03,No,2,1,2,2,Junior,199718.0,2022-10-29,4,2,5,1,1,4,5,4,2022,-1,10,4.0,4.0,2.0,5.0,1.0,3.2,0.0,0.0,0.0,3.2
4846-2EC2,Luise,Ornillos,Female,26,Some Travel,Technology,31,CA,White,High School,Information Systems,Software Engineer,Married,56187,1,No,2020-05-26,No,2,2,2,2,Mid,56187.0,2022-07-10,3,5,5,2,1,2,4,4,2022,0,10,2.0,3.0,5.0,5.0,1.0,3.2,0.0,0.0,0.0,3.2
4862-E40F,Cob,Stewart,Male,46,Some Travel,Technology,39,CA,Mixed,Bachelors,Computer Science,Analytics Manager,Single,381759,0,No,2018-06-15,No,4,2,4,4,Mid,381759.0,2022-03-22,3,4,2,1,1,3,4,3,2022,-1,10,3.2962962962962963,3.6296296296296298,2.740740740740741,3.2222222222222223,1.2962962962962963,2.837037037037037,1.0,-0.49999999999999983,0.49999999999999983,2.837037037037037
4875-109B,Molly,Lawdham,Female,23,Some Travel,Sales,40,IL,White,Masters,Marketing,Sales Executive,Married,52039,0,Yes,2018-09-03,No,4,1,1,0,Junior,52039.0,2021-07-22,5,5,4,2,0,3,3,3,2021,0,9,2.9583333333333335,5.0,4.666666666666667,3.3333333333333335,0.6666666666666666,3.325,6.988925454103805e-17,-0.4999999999999998,0.0,3.325
4886-62DF,Gabey,Trethowan,Female,48,Some Travel,Technology,45,IL,White,Bachelors,Other,Senior Software Engineer,Single,207456,0,No,2013-10-18,No,9,2,6,4,Mid,207456.0,2022-12-01,3,2,3,3,1,3,3,3,2022,0,10,3.510204081632653,3.4285714285714284,2.938775510204082,3.5510204081632653,0.8367346938775511,2.8530612244897955,-0.10714285714285711,-0.10714285714285711,-0.14285714285714282,2.8530612244897955
489B-14EC,Harley,Angelini,Female,21,Some Travel,Technology,15,IL,White,High School,Computer Science,Machine Learning Engineer,Married,62882,0,Yes,2021-01-09,Yes,0,0,0,0,Junior,62882.0,2022-04-10,3,5,2,3,1,3,3,2,2022,-1,10,3.185185185185185,3.7962962962962963,3.4074074074074074,2.888888888888889,1.037037037037037,2.862962962962963,0.26666666666666666,-0.43333333333333346,-0.0333333333333333,2.862962962962963
48B9-8A61,Clarita,Chetter,Female,19,Some Travel,Technology,44,CA,White,Masters,Computer Science,Machine Learning Engineer,Single,42900,2,Yes,2021-02-28,No,1,0,1,0,Junior,42900.0,2022-06-07,4,1,4,3,1,3,5,5,2022,0,10,3.0,4.0,1.0,4.0,1.0,2.6,0.0,0.0,0.0,2.6
4938-402A,Gherardo,Stratiff,Male,24,No Travel,Sales,6,CA,Black,Bachelors,Economics,Manager,Divorced,135407,1,No,2018-07-05,No,4,2,4,2,Mid,135407.0,2022-05-26,3,4,2,3,0,3,4,3,2022,-1,10,3.6296296296296298,3.3333333333333335,4.0,3.888888888888889,0.8888888888888888,3.1481481481481484,0.0,-0.49999999999999983,-1.187575654052147e-16,3.1481481481481484
494B-7047,Nicolina,Cordelle,Non-Binary,22,No Travel,Technology,32,NY,White,High School,Computer Science,Software Engineer,Single,38358,0,No,2019-07-05,No,3,2,2,3,Mid,38358.0,2022-05-18,5,4,2,3,0,2,4,4,2022,0,10,3.4210526315789473,4.052631578947368,4.0,2.473684210526316,0.0,2.789473684210526,0.0,-2.9999999999999996,0.9999999999999997,2.789473684210526
4971-33F9,Fremont,Ackenson,Male,41,Some Travel,Technology,28,NY,Native American,Masters,Business Studies,Senior Software Engineer,Divorced,184411,3,No,2017-10-17,No,5,5,5,4,Senior,184411.0,2022-04-26,4,2,2,3,0,5,4,4,2022,0,10,3.074074074074074,3.0,2.888888888888889,2.6666666666666665,0.6296296296296297,2.4518518518518517,-1.4999999999999991,0.9999999999999998,0.49999999999999983,2.4518518518518517
4A0E-3728,Nancy,Summerton,Female,28,No Travel,Human Resources,4,IL,White,Doctorate,Economics,HR Executive,Married,152909,1,No,2019-02-15,No,3,1,3,2,Junior,152909.0,2022-08-05,3,4,2,1,1,5,3,2,2022,-1,10,5.0,3.473684210526316,3.0526315789473686,2.473684210526316,0.5263157894736842,2.905263157894737,1.9999999999999993,0.0,-0.9999999999999997,2.905263157894737
4A0E-9958,Axel,Aicheson,Male,26,Some Travel,Technology,6,CA,Black,Masters,Information Systems,Machine Learning Engineer,Married,89771,2,Yes,2016-10-04,Yes,1,0,0,0,Junior,89771.0,2022-03-10,4,5,5,2,1,3,5,5,2022,0,10,3.109090909090909,3.981818181818182,3.4363636363636365,3.6,1.6,3.1454545454545455,0.09090909090909098,0.006060606060606063,0.1636363636363637,3.1454545454545455
4A39-E8E6,Hernando,Larkings,Male,35,Some Travel,Technology,26,CA,White,Bachelors,Information Systems,Engineering Manager,Married,311475,0,No,2014-04-15,No,8,0,0,2,Junior,311475.0,2022-12-04,1,1,3,2,1,2,4,3,2022,-1,10,2.7111111111111112,2.7555555555555555,3.511111111111111,3.7333333333333334,1.0888888888888888,2.7600000000000002,-0.4,-0.3142857142857143,-0.25714285714285706,2.7600000000000002
4B6E-3C21,Heidie,McCrone,Female,32,Some Travel,Sales,29,CA,White,Masters,Economics,Sales Executive,Divorced,68043,0,No,2013-09-25,Yes,8,0,1,6,Junior,68043.0,2022-03-08,4,5,5,2,0,3,5,5,2022,0,10,3.8545454545454545,3.672727272727273,3.8363636363636364,3.5454545454545454,0.6181818181818182,3.1054545454545455,-0.17575757575757575,0.103030303030303,0.03636363636363637,3.1054545454545455
4B7E-9DE5,Tanner,Syplus,Male,21,Some Travel,Technology,5,NY,White,Bachelors,Computer Science,Software Engineer,Married,25060,1,No,2021-03-22,No,1,1,1,1,Junior,25060.0,2022-04-14,3,3,4,1,0,3,4,4,2022,0,10,3.0,3.0,3.0,4.0,0.0,2.6,0.0,0.0,0.0,2.6
4BE1-4A7B,Alexander,Winstone,Male,23,Frequent Traveller,Technology,10,NY,White,Bachelors,Information Systems,Software Engineer,Divorced,44566,0,Yes,2020-01-29,Yes,1,0,0,0,Junior,44566.0,2022-04-16,3,2,2,2,2,3,5,5,2022,0,10,3.5925925925925926,3.462962962962963,3.574074074074074,3.037037037037037,1.462962962962963,3.025925925925926,0.11666666666666665,-0.1666666666666667,0.08333333333333334,3.025925925925926
4BED-C7C2,Kahlil,Kelso,Male,24,Some Travel,Technology,18,CA,White,Bachelors,Information Systems,Software Engineer,Married,29722,1,No,2019-11-06,No,3,1,3,2,Junior,29722.0,2020-02-11,3,5,5,3,2,4,4,3,2020,-1,8,4.0,3.0,5.0,5.0,2.0,3.8,0.0,0.0,0.0,3.8
4C06-7031,Jaine,Pashan,Female,43,Some Travel,Technology,35,CA,White,Doctorate,Computer Science,Engineering Manager,Single,286660,0,No,2021-04-26,No,1,0,0,1,Junior,286660.0,2019-10-02,3,4,4,1,0,4,3,2,2019,-1,7,4.0,3.0,4.0,4.0,0.0,3.0,0.0,0.0,0.0,3.0
4C41-7F73,Libby,Mustoe,Female,24,Some Travel,Technology,30,CA,White,Bachelors,Computer Science,Machine Learning Engineer,Divorced,94318,1,Yes,2016-09-21,No,6,3,6,5,Mid,94318.0,2022-05-08,4,5,4,2,0,4,4,3,2022,-1,10,3.5588235294117645,3.7058823529411766,3.3529411764705883,4.705882352941177,0.8823529411764706,3.2411764705882353,0.7,0.3999999999999999,-0.2999999999999999,3.2411764705882353
4C62-5BE8,Cristine,Lambdon,Non-Binary,39,Frequent Traveller,Technology,4,CA,White,No Formal Qualifications,Business Studies,Software Engineer,Single,87879,0,Yes,2013-05-25,No,9,6,8,9,Senior,87879.0,2022-11-06,4,2,3,3,2,2,5,4,2022,-1,10,3.836734693877551,3.877551020408163,3.306122448979592,3.36734693877551,1.6938775510204083,3.216326530612245,0.03571428571428571,-0.03571428571428569,0.10714285714285714,3.216326530612245
4C66-6E16,Niki,Boseley,Male,33,Some Travel,Technology,4,CA,Black,Masters,Information Systems,Engineering Manager,Single,335261,0,No,2017-08-03,No,5,5,5,0,Senior,335261.0,2022-01-02,5,4,5,1,1,3,4,4,2022,0,10,3.6666666666666665,4.407407407407407,3.3333333333333335,3.111111111111111,1.2592592592592593,3.155555555555556,1.187575654052147e-16,-1.187575654052147e-16,0.49999999999999983,3.155555555555556
4C72-E72F,Sharlene,MacGuffog,Female,24,Some Travel,Sales,43,CA,White,High School,Economics,Sales Executive,Divorced,54841,3,Yes,2018-05-31,No,4,3,4,0,Mid,54841.0,2022-01-06,5,2,4,3,0,4,4,4,2022,0,10,3.6296296296296298,4.037037037037037,3.888888888888889,3.740740740740741,0.5925925925925926,3.177777777777778,-1.4999999999999998,-0.49999999999999983,1.187575654052147e-16,3.177777777777778
4C88-27A1,Eleonora,Grosier,Female,21,Some Travel,Technology,38,CA,White,No Formal Qualifications,Information Systems,Senior Software Engineer,Married,63049,0,Yes,2021-03-01,Yes,0,0,0,0,Junior,63049.0,2022-06-30,4,4,3,3,1,5,4,3,2022,-1,10,3.388888888888889,3.537037037037037,3.7777777777777777,2.611111111111111,1.2777777777777777,2.9185185185185185,0.10000000000000002,-0.05000000000000005,0.05000000000000002,2.9185185185185185
4C99-E626,Friederike,Wandrey,Female,25,No Travel,Technology,11,CA,Black,Bachelors,Computer Science,Data Scientist,Single,96779,0,No,2018-05-14,No,4,0,0,3,Junior,96779.0,2022-07-31,3,4,3,3,1,5,4,4,2022,0,10,4.074074074074074,3.6666666666666665,4.62962962962963,3.6296296296296298,1.0,3.4,-0.49999999999999983,0.9999999999999997,0.9999999999999996,3.4
4CA1-F139,Rockwell,Draysay,Male,24,Frequent Traveller,Technology,34,NY,Black,High School,Computer Science,Software Engineer,Single,28484,0,Yes,2019-05-01,Yes,1,1,1,1,Junior,28484.0,2022-12-25,3,3,4,3,0,3,3,3,2022,0,10,3.740740740740741,3.8333333333333335,3.5185185185185186,3.888888888888889,0.4444444444444444,3.0851851851851855,-0.13333333333333336,-0.03333333333333332,0.13333333333333333,3.0851851851851855
4CCA-B1E6,Dolf,Featenby,Male,43,Some Travel,Sales,39,CA,White,High School,Marketing,Sales Executive,Divorced,176705,1,No,2012-05-05,No,10,5,7,7,Senior,176705.0,2022-06-25,3,2,2,3,0,4,4,4,2022,0,10,2.980769230769231,2.8461538461538463,2.5961538461538463,2.519230769230769,0.8269230769230769,2.353846153846154,-0.03571428571428578,0.13095238095238104,-0.011904761904761915,2.353846153846154
4CD7-B91C,Jaime,Luca,Male,21,Some Travel,Technology,43,CA,White,High School,Computer Science,Machine Learning Engineer,Single,71698,0,No,2019-06-05,No,3,0,3,3,Junior,71698.0,2022-07-12,5,3,2,2,2,5,5,5,2022,0,10,4.526315789473684,4.526315789473684,3.9473684210526314,2.0,1.5263157894736843,3.305263157894737,-1.9999999999999993,0.9999999999999997,1.9999999999999993,3.305263157894737
4D07-1452,Duke,Whittenbury,Male,21,Frequent Traveller,Sales,42,NY,White,High School,Marketing,Sales Executive,Single,46750,0,No,2020-03-23,No,2,0,0,0,Junior,46750.0,2022-10-05,2,2,4,2,0,4,5,5,2022,0,10,4.0,2.0,2.0,4.0,0.0,2.4,0.0,0.0,0.0,2.4
4D59-B831,Nell,Teague,Female,25,Some Travel,Human Resources,14,CA,Other,No Formal Qualifications,Human Resources,Recruiter,Married,22150,1,No,2018-06-25,Yes,2,0,1,1,Junior,22150.0,2022-05-18,4,4,3,2,0,5,5,5,2022,0,10,3.5454545454545454,3.909090909090909,4.127272727272727,3.309090909090909,0.9090909090909091,3.1599999999999997,0.1515151515151515,0.296969696969697,0.06666666666666667,3.1599999999999997
4D7E-BDA4,Asher,Esson,Male,34,Some Travel,Sales,19,CA,Asian,Bachelors,Marketing,Sales Representative,Single,46740,0,No,2014-03-06,No,8,1,6,1,Junior,46740.0,2022-12-27,3,2,4,3,0,5,3,3,2022,0,10,4.644444444444445,4.0,3.111111111111111,3.3777777777777778,0.6222222222222222,3.151111111111111,-0.14285714285714288,-0.05714285714285716,0.05714285714285717,3.151111111111111
4D95-ECAD,Daffy,Borlease,Female,23,Some Travel,Technology,32,CA,White,Masters,Computer Science,Data Scientist,Divorced,47294,3,No,2019-12-18,No,3,0,2,0,Junior,47294.0,2017-08-02,5,2,2,1,1,3,5,5,2017,0,5,3.0,5.0,2.0,2.0,1.0,2.6,0.0,0.0,0.0,2.6
4DA0-81D7,Cole,Vost,Male,28,Some Travel,Human Resources,34,CA,Asian,High School,Marketing,HR Executive,Single,94534,0,No,2013-05-11,No,9,3,3,1,Mid,94534.0,2022-11-17,3,5,2,2,1,4,3,3,2022,0,10,3.0408163265306123,3.4285714285714284,3.857142857142857,3.0,1.1224489795918366,2.889795918367347,8.04955404479146e-19,0.07142857142857141,-0.35714285714285704,2.889795918367347
4E65-CCD0,Billie,Sanday,Non-Binary,26,Some Travel,Technology,16,CA,White,No Formal Qualifications,Computer Science,Senior Software Engineer,Married,54746,1,Yes,2015-01-27,No,7,2,4,4,Mid,54746.0,2017-04-26,5,2,5,3,2,5,3,2,2017,-1,5,4.466666666666667,4.0,2.4,3.533333333333333,1.6666666666666667,3.2133333333333334,-0.6000000000000001,0.4000000000000001,2.997527308224313e-17,3.2133333333333334
4F22-FF67,Care,Ireland,Male,24,Some Travel,Technology,24,NY,White,Bachelors,Computer Science,Software Engineer,Single,28156,0,Yes,2016-11-18,No,6,6,6,5,Senior,28156.0,2022-01-29,4,2,5,2,0,5,5,5,2022,0,10,3.3529411764705883,3.5588235294117645,2.764705882352941,4.0588235294117645,0.7058823529411765,2.8882352941176466,0.09999999999999996,0.7,0.8999999999999999,2.8882352941176466
4F28-CFAF,Juditha,Burdell,Female,25,Some Travel,Sales,11,IL,Black,Bachelors,Marketing,Sales Executive,Single,53930,0,Yes,2018-09-13,Yes,3,2,3,1,Mid,53930.0,2022-03-13,3,4,5,1,2,3,5,5,2022,0,10,3.925925925925926,4.203703703703703,3.9814814814814814,3.6296296296296298,1.4444444444444444,3.4370370370370367,0.08333333333333334,0.033333333333333354,0.08333333333333333,3.4370370370370367
4FA9-D343,Consolata,Risom,Female,21,Frequent Traveller,Sales,33,NY,White,Bachelors,Marketing,Sales Executive,Divorced,60810,1,No,2021-05-18,No,1,0,1,1,Junior,60810.0,2019-11-06,3,4,4,2,3,4,5,4,2019,-1,7,4.0,3.0,4.0,4.0,3.0,3.6,0.0,0.0,0.0,3.6
4FAC-96CB,Dwayne,Sturror,Male,24,Some Travel,Sales,9,CA,White,Masters,Marketing,Sales Executive,Divorced,110542,1,No,2019-08-23,No,3,3,3,2,Mid,110542.0,2022-03-25,5,4,5,1,2,2,3,2,2022,-1,10,2.0,4.526315789473684,3.526315789473684,3.1052631578947367,2.0,3.0315789473684207,0.9999999999999997,0.0,-1.9999999999999993,3.0315789473684207
4FBA-4591,Sib,Coughan,Female,42,Some Travel,Sales,20,CA,Black,Masters,Marketing,Sales Executive,Married,241646,3,Yes,2019-01-07,No,3,0,1,3,Junior,241646.0,2022-03-25,3,5,4,2,0,5,5,5,2022,0,10,4.526315789473684,2.526315789473684,3.1052631578947367,4.0,0.47368421052631576,2.926315789473684,3.9999999999999987,0.9999999999999997,1.9999999999999993,2.926315789473684
4FC2-A40D,Gayle,Riseley,Female,32,No Travel,Technology,12,NY,Black,Bachelors,Computer Science,Engineering Manager,Married,316725,1,No,2012-02-02,No,10,6,10,2,Senior,316725.0,2022-11-09,5,4,2,1,3,3,3,2,2022,-1,10,2.8461538461538463,4.134615384615385,3.480769230769231,3.1346153846153846,1.3461538461538463,2.988461538461539,-0.02380952380952385,-0.19047619047619052,0.2023809523809524,2.988461538461539
4FCD-7D65,Frannie,Dunrige,Female,24,No Travel,Technology,26,CA,Asian,Masters,Computer Science,Senior Software Engineer,Divorced,77358,1,Yes,2017-05-30,No,5,0,0,4,Junior,77358.0,2022-05-22,3,1,4,1,1,1,3,3,2022,0,10,2.323529411764706,3.1470588235294117,2.8823529411764706,3.0294117647058822,1.2058823529411764,2.5176470588235293,-0.7999999999999998,-1.2,-0.49999999999999983,2.5176470588235293
4FD5-CC71,Sibley,Jeans,Female,22,Some Travel,Technology,31,CA,Black,Masters,Information Systems,Software Engineer,Married,75738,3,Yes,2019-02-23,Yes,3,1,2,0,Junior,75738.0,2022-08-26,5,3,4,1,2,5,3,2,2022,-1,10,4.074074074074074,3.574074074074074,3.888888888888889,3.8518518518518516,1.537037037037037,3.3851851851851853,0.10000000000000002,0.06666666666666671,1.3669124092167682e-17,3.3851851851851853
5000-8203,Otha,Lehrmann,Female,38,Some Travel,Technology,10,CA,White,Masters,Information Systems,Analytics Manager,Divorced,445906,2,Yes,2020-01-13,No,2,0,1,2,Junior,445906.0,2022-06-22,3,5,4,2,1,4,4,4,2022,0,10,4.0,3.0,5.0,4.0,1.0,3.4,0.0,0.0,0.0,3.4
5021-95FC,Louie,Trowsdall,Male,29,Some Travel,Sales,44,CA,White,Bachelors,Marketing,Manager,Single,377203,0,Yes,2013-07-16,Yes,5,4,4,0,Mid,377203.0,2022-02-16,5,5,5,2,1,2,4,3,2022,-1,10,3.6363636363636362,3.5454545454545454,3.4545454545454546,4.3090909090909095,1.3454545454545455,3.258181818181818,0.16969696969696968,-0.10909090909090913,-0.19393939393939388,3.258181818181818
503B-AACE,Cherilynn,Swafford,Female,25,Some Travel,Technology,10,CA,Mixed,Bachelors,Information Systems,Data Scientist,Single,23198,0,No,2018-07-26,No,4,0,3,0,Junior,23198.0,2022-09-11,5,3,3,2,3,4,4,3,2022,-1,10,3.074074074074074,4.333333333333333,2.962962962962963,3.2962962962962963,1.1111111111111112,2.9555555555555553,-0.4999999999999998,0.9999999999999997,-0.49999999999999983,2.9555555555555553
5060-A677,Zebulen,Rubrow,Male,26,Frequent Traveller,Technology,45,CA,Mixed,Bachelors,Information Systems,Machine Learning Engineer,Divorced,108865,2,No,2016-01-21,Yes,1,0,0,1,Junior,108865.0,2022-05-18,5,3,3,1,0,4,3,2,2022,-1,10,3.418181818181818,4.1454545454545455,3.1818181818181817,3.3454545454545452,0.6,2.9381818181818184,0.12121212121212127,0.07878787878787878,-0.036363636363636355,2.9381818181818184
50FB-5702,Betty,Greetland,Female,31,No Travel,Sales,7,NY,White,High School,Marketing,Sales Executive,Married,186215,1,No,2021-01-04,No,1,0,1,1,Junior,186215.0,2022-09-30,5,5,2,2,1,4,3,3,2022,0,10,4.0,5.0,5.0,2.0,1.0,3.4,0.0,0.0,0.0,3.4
5160-53BD,Conrado,Tomaini,Non-Binary,29,Some Travel,Technology,24,NY,Black,Bachelors,Computer Science,Software Engineer,Single,41307,0,No,2014-08-19,Yes,0,0,0,0,Junior,41307.0,2022-03-23,5,4,3,2,2,5,4,4,2022,0,10,3.6,4.109090909090909,3.4,3.581818181818182,1.8,3.2981818181818183,0.06666666666666665,0.13333333333333336,1.365461029070998e-17,3.2981818181818183
51A4-EA6E,Jo,Medlar,Non-Binary,46,Some Travel,Sales,17,CA,White,Bachelors,Marketing,Sales Executive,Married,223874,1,No,2021-07-19,Yes,1,0,0,0,Junior,223874.0,2022-04-23,4,2,2,2,0,2,4,4,2022,0,10,3.0185185185185186,4.074074074074074,3.5,3.1481481481481484,0.5185185185185185,2.851851851851852,-0.05000000000000001,-0.08333333333333331,0.15000000000000002,2.851851851851852
5222-EBE1,Saxe,Theodoris,Male,30,Some Travel,Technology,14,CA,Asian,Masters,Computer Science,Machine Learning Engineer,Married,194823,1,No,2012-04-01,No,10,4,9,8,Mid,194823.0,2022-03-04,4,3,5,2,2,4,4,4,2022,0,10,3.576923076923077,4.096153846153846,3.6346153846153846,3.6923076923076925,1.1923076923076923,3.2384615384615385,-0.29761904761904767,0.25000000000000017,-0.011904761904761892,3.2384615384615385
5237-1B85,Faydra,Losbie,Female,28,Some Travel,Technology,9,NY,Asian,Masters,Computer Science,Software Engineer,Single,43578,0,Yes,2012-04-27,Yes,5,3,5,5,Mid,43578.0,2022-02-20,4,4,5,1,1,3,4,4,2022,0,10,3.327272727272727,4.181818181818182,3.6363636363636362,3.618181818181818,1.690909090909091,3.2909090909090906,0.15757575757575756,0.0848484848484849,0.12121212121212123,3.2909090909090906
528C-3E0D,Giffer,Raspin,Male,30,Some Travel,Technology,4,CA,Pacific Islander,No Formal Qualifications,Information Systems,Data Scientist,Married,42045,0,Yes,2013-10-15,Yes,6,0,3,3,Junior,42045.0,2022-03-15,2,4,3,3,0,2,4,4,2022,0,10,3.1818181818181817,3.109090909090909,3.036363636363636,2.7636363636363637,0.9272727272727272,2.603636363636364,0.09090909090909091,-0.07878787878787878,0.0666666666666667,2.603636363636364
5293-AC5C,Sydney,Metham,Male,44,Some Travel,Sales,27,NY,Asian,Bachelors,Economics,Sales Executive,Single,101906,0,No,2014-03-15,No,8,3,4,7,Mid,101906.0,2022-07-13,5,3,3,3,1,3,4,3,2022,-1,10,2.911111111111111,4.288888888888889,3.2888888888888888,3.7555555555555555,1.2222222222222223,3.093333333333333,-0.5428571428571428,-0.22857142857142856,0.08571428571428572,3.093333333333333
52CC-3E9E,Ogdon,Madsen,Male,30,Frequent Traveller,Technology,13,CA,Mixed,Masters,Computer Science,Software Engineer,Divorced,40321,1,Yes,2013-08-26,Yes,5,0,0,3,Junior,40321.0,2022-04-11,5,3,2,3,1,4,3,2,2022,-1,10,3.672727272727273,4.054545454545455,3.418181818181818,3.4,0.8,3.0690909090909093,-0.05454545454545456,-0.08484848484848478,-0.1090909090909091,3.0690909090909093
52DD-757F,Danielle,Viste,Female,48,No Travel,Technology,40,CA,White,High School,Information Systems,Machine Learning Engineer,Divorced,92884,1,No,2012-05-30,No,10,5,9,2,Senior,92884.0,2022-08-16,4,3,5,3,1,5,3,2,2022,-1,10,3.769230769230769,3.9038461538461537,3.423076923076923,3.769230769230769,0.9423076923076923,3.161538461538462,0.05952380952380954,0.17857142857142858,-0.01190476190476191,3.161538461538462
531D-788E,Durand,Boord,Male,21,Frequent Traveller,Technology,16,CA,White,High School,Computer Science,Data Scientist,Single,42569,0,No,2022-04-13,Yes,0,0,0,0,Junior,42569.0,2022-04-08,3,2,3,1,0,3,3,3,2022,0,10,3.462962962962963,3.8518518518518516,2.8703703703703702,4.0,1.1481481481481481,3.066666666666667,-0.01666666666666666,-0.18333333333333335,-0.08333333333333331,3.066666666666667
533B-938D,Morris,Bente,Male,28,Some Travel,Sales,43,NY,Mixed,Masters,Marketing,Sales Executive,Divorced,157549,1,No,2015-10-20,No,7,0,0,3,Junior,157549.0,2022-12-11,3,3,4,2,0,1,5,4,2022,-1,10,3.625,3.925,2.75,3.675,1.05,3.0050000000000003,-0.20000000000000007,-0.6999999999999998,0.3,3.0050000000000003
5381-86E4,Walker,Tribble,Male,24,Some Travel,Technology,11,CA,White,Bachelors,Computer Science,Senior Software Engineer,Single,57054,0,No,2018-11-28,No,4,4,4,4,Mid,57054.0,2022-03-16,3,3,4,2,1,5,5,4,2022,-1,10,4.052631578947368,3.0,2.526315789473684,3.0526315789473686,1.9473684210526316,2.9157894736842103,0.9999999999999997,1.9999999999999993,0.9999999999999997,2.9157894736842103
5395-75A1,Ludwig,Ferrara,Male,26,Some Travel,Sales,41,NY,Asian,Masters,Marketing,Sales Executive,Single,61238,0,No,2016-04-11,No,6,4,6,3,Mid,61238.0,2022-07-04,5,5,4,3,0,4,3,3,2022,0,10,3.5588235294117645,4.117647058823529,2.8823529411764706,4.264705882352941,0.9411764705882353,3.1529411764705886,0.8999999999999999,0.3999999999999999,-0.5999999999999998,3.1529411764705886
5416-F925,John,Tempest,Male,43,No Travel,Technology,14,NY,White,No Formal Qualifications,Computer Science,Data Scientist,Married,76331,0,No,2014-06-18,No,8,2,4,3,Mid,76331.0,2022-06-14,5,5,5,2,3,4,5,5,2022,0,10,2.7555555555555555,4.4222222222222225,4.177777777777778,4.044444444444444,1.3777777777777778,3.3555555555555556,0.02857142857142855,0.22857142857142856,0.08571428571428569,3.3555555555555556
541F-3E19,Dot,Aherne,Female,27,Some Travel,Technology,30,CA,White,No Formal Qualifications,Information Systems,Data Scientist,Single,49374,0,Yes,2014-04-02,Yes,1,0,0,1,Junior,49374.0,2022-01-02,5,2,4,2,3,5,3,3,2022,0,10,3.672727272727273,4.290909090909091,3.290909090909091,3.709090909090909,0.8727272727272727,3.167272727272727,-0.006060606060606036,0.048484848484848485,-0.12121212121212123,3.167272727272727
5468-EEE1,Forbes,Toretta,Male,28,No Travel,Technology,44,NY,White,High School,Computer Science,Senior Software Engineer,Married,218406,1,No,2012-02-17,No,10,10,10,10,Senior,218406.0,2022-06-20,3,5,4,2,1,2,4,4,2022,0,10,3.5384615384615383,3.6346153846153846,3.4038461538461537,3.1923076923076925,0.8461538461538461,2.9230769230769234,0.035714285714285754,-0.261904761904762,0.035714285714285726,2.9230769230769234
5476-CA0D,Kayley,Snoad,Female,31,Frequent Traveller,Technology,4,NY,Pacific Islander,High School,Information Systems,Data Scientist,Single,69747,0,No,2012-01-12,Yes,6,5,5,1,Senior,69747.0,2022-02-04,5,4,3,1,2,5,3,3,2022,0,10,3.4909090909090907,3.7454545454545456,3.709090909090909,3.1454545454545455,1.4545454545454546,3.109090909090909,-0.0606060606060606,-0.07272727272727274,-0.19999999999999998,3.109090909090909
549F-B3E7,Arlyne,Paylie,Female,41,No Travel,Sales,34,NY,White,High School,Marketing,Sales Executive,Married,109747,1,No,2013-07-20,No,9,8,9,5,Senior,109747.0,2022-06-16,5,3,3,2,1,3,4,3,2022,-1,10,3.36734693877551,3.857142857142857,3.795918367346939,3.2244897959183674,0.8571428571428571,3.0204081632653064,-0.35714285714285704,0.14285714285714285,0.07142857142857142,3.0204081632653064
54D0-5A71,Dur,Lebarree,Male,24,Some Travel,Technology,9,CA,White,Bachelors,Business Studies,Software Engineer,Married,33443,1,Yes,2019-09-24,No,3,3,3,0,Mid,33443.0,2022-03-06,3,3,2,3,1,4,3,2,2022,-1,10,3.0526315789473686,3.0,2.526315789473684,3.4210526315789473,1.0,2.5999999999999996,0.9999999999999997,1.9999999999999993,-0.9999999999999997,2.5999999999999996
5544-4583,Jennee,Proske,Female,41,Some Travel,Sales,42,CA,Asian,Bachelors,Technical Degree,Sales Executive,Married,142853,1,No,2014-05-27,No,8,7,8,7,Senior,142853.0,2022-06-22,3,4,2,1,0,4,3,2,2022,-1,10,4.2,3.4,3.577777777777778,3.2222222222222223,0.7111111111111111,3.0222222222222217,0.2,0.08571428571428576,0.2000000000000001,3.0222222222222217
55A7-8D82,Allyn,Glyde,Non-Binary,23,Frequent Traveller,Human Resources,34,NY,White,Masters,Human Resources,HR Executive,Married,75948,0,No,2020-09-26,No,2,0,0,2,Junior,75948.0,2022-09-11,1,3,2,3,0,1,4,3,2022,-1,10,1.0,1.0,3.0,2.0,0.0,1.4,0.0,0.0,0.0,1.4
55B1-3712,Katine,Fielder,Female,26,Some Travel,Technology,36,CA,White,Masters,Information Systems,Data Scientist,Married,22162,1,Yes,2016-10-15,No,6,4,5,6,Mid,22162.0,2022-02-13,4,2,2,3,2,4,4,3,2022,-1,10,3.5294117647058822,3.764705882352941,3.2058823529411766,3.0,2.088235294117647,3.1176470588235294,-0.29999999999999993,0.19999999999999993,0.09999999999999995,3.1176470588235294
55D6-1423,Benyamin,Wasielewicz,Male,43,No Travel,Technology,15,CA,Asian,High School,Other,Machine Learning Engineer,Divorced,76826,1,No,2012-04-14,No,10,9,9,7,Senior,76826.0,2022-08-03,5,2,5,2,1,3,3,2,2022,-1,10,2.6153846153846154,4.615384615384615,3.25,3.730769230769231,0.75,2.992307692307692,-0.15476190476190482,-0.1666666666666667,-0.1785714285714286,2.992307692307692
55DC-C0F0,Marysa,Stannislawski,Female,23,Some Travel,Sales,26,NY,White,Bachelors,Economics,Sales Executive,Single,67718,0,No,2020-08-07,No,2,1,2,1,Junior,67718.0,2022-02-18,5,3,3,3,2,3,4,3,2022,-1,10,3.0,5.0,3.0,3.0,2.0,3.2,0.0,0.0,0.0,3.2
55FD-42E9,Johnna,Knotton,Female,42,Some Travel,Technology,13,CA,White,Bachelors,Computer Science,Machine Learning Engineer,Single,293303,0,No,2021-04-25,No,1,0,0,1,Junior,293303.0,2018-04-14,5,2,4,1,1,5,5,4,2018,-1,6,5.0,5.0,2.0,4.0,1.0,3.4,0.0,0.0,0.0,3.4
5605-237E,Linell,Lack,Female,26,Some Travel,Technology,7,NY,Black,Bachelors,Computer Science,Data Scientist,Married,34047,1,Yes,2015-12-03,No,7,4,4,2,Mid,34047.0,2018-08-25,5,2,2,2,2,4,4,3,2018,-1,6,3.3,4.3,3.0,2.95,1.0,2.91,2.997527308224313e-17,-0.20000000000000007,-0.5,2.91
5609-8585,Matthieu,Oulet,Male,24,No Travel,Sales,2,CA,Native American,Masters,Marketing,Sales Executive,Single,64277,0,No,2017-10-15,No,5,4,4,5,Mid,64277.0,2022-01-02,5,3,2,1,0,2,4,4,2022,0,10,2.962962962962963,4.37037037037037,3.5925925925925926,2.888888888888889,0.2962962962962963,2.822222222222222,-0.9999999999999996,-0.4999999999999999,-0.4999999999999998,2.822222222222222
5634-9D10,Estelle,Chung,Female,25,Some Travel,Technology,23,CA,Mixed,No Formal Qualifications,Information Systems,Software Engineer,Single,42656,0,No,2018-07-15,No,4,1,4,2,Junior,42656.0,2022-03-24,3,3,3,2,0,4,3,2,2022,-1,10,3.4705882352941178,3.2058823529411766,3.911764705882353,3.9411764705882355,1.2352941176470589,3.1529411764705886,-0.6,-0.19999999999999993,-0.6999999999999998,3.1529411764705886
5639-70C0,Trudi,Evens,Female,36,Some Travel,Human Resources,31,IL,Black,Masters,Human Resources,HR Manager,Divorced,509940,3,No,2018-01-15,No,4,4,4,2,Mid,509940.0,2022-04-29,4,3,4,3,0,2,3,2,2022,-1,10,2.888888888888889,4.62962962962963,3.0,3.740740740740741,0.9629629629629629,3.0444444444444447,0.0,-1.4999999999999991,-1.4999999999999998,3.0444444444444447
5642-6F1E,Lisette,Govett,Non-Binary,26,No Travel,Sales,18,IL,White,High School,Economics,Sales Executive,Single,65194,0,No,2017-08-22,No,5,3,4,5,Mid,65194.0,2022-08-10,4,5,3,3,0,5,4,3,2022,-1,10,3.740740740740741,4.037037037037037,3.7777777777777777,3.6296296296296298,1.8888888888888888,3.4148148148148154,1.4999999999999998,1.0,-0.49999999999999983,3.4148148148148154
565B-C207,Seline,Ganny,Female,30,No Travel,Technology,3,IL,White,Bachelors,Information Systems,Data Scientist,Married,47338,1,No,2013-05-08,No,9,4,9,1,Mid,47338.0,2022-05-02,4,3,5,1,2,5,5,4,2022,-1,10,4.224489795918367,3.5714285714285716,3.2448979591836733,4.183673469387755,1.3673469387755102,3.3183673469387758,0.17857142857142852,0.14285714285714282,-0.07142857142857142,3.3183673469387758
566A-FC64,Loria,Pursey,Female,27,Some Travel,Sales,4,CA,Asian,Masters,Marketing,Manager,Divorced,255718,3,No,2016-10-15,No,6,0,5,4,Junior,255718.0,2022-05-24,4,4,1,1,3,2,5,4,2022,-1,10,3.3823529411764706,4.0588235294117645,3.3823529411764706,2.2058823529411766,1.5,2.905882352941177,0.8999999999999999,-0.7999999999999999,-0.09999999999999996,2.905882352941177
56A5-271B,Chadwick,Buist,Non-Binary,33,Some Travel,Technology,15,CA,White,Masters,Other,Senior Software Engineer,Married,108095,0,Yes,2013-10-10,No,9,8,9,9,Senior,108095.0,2022-03-12,5,4,2,2,2,2,4,3,2022,-1,10,2.63265306122449,3.836734693877551,3.0408163265306123,2.9183673469387754,1.5510204081632653,2.795918367346938,0.07142857142857141,-0.3928571428571428,-0.07142857142857141,2.795918367346938
56FC-5C6E,Donovan,Sycamore,Male,28,Some Travel,Sales,42,CA,White,Bachelors,Marketing,Sales Executive,Married,128192,1,No,2021-02-05,No,1,1,1,0,Junior,128192.0,2022-02-06,3,4,2,2,1,3,5,4,2022,-1,10,3.0,3.0,4.0,2.0,1.0,2.6,0.0,0.0,0.0,2.6
5731-90E6,Leonidas,Clarke-Williams,Non-Binary,35,No Travel,Technology,27,CA,Asian,Bachelors,Computer Science,Analytics Manager,Single,542695,0,No,2012-03-02,No,10,5,5,1,Senior,542695.0,2022-06-30,5,2,4,1,1,4,4,4,2022,0,10,3.5961538461538463,4.423076923076923,2.9423076923076925,3.5961538461538463,1.3269230769230769,3.176923076923077,-0.07142857142857147,-0.19047619047619055,-0.10714285714285718,3.176923076923077
5741-0022,Rosene,Larmett,Female,25,Some Travel,Technology,43,CA,Asian,No Formal Qualifications,Computer Science,Engineering Manager,Divorced,190198,2,No,2015-05-18,No,7,0,2,3,Junior,190198.0,2022-09-18,3,2,4,2,3,4,3,2,2022,-1,10,3.425,3.475,3.625,3.725,1.25,3.1,-0.7000000000000001,0.10000000000000009,-0.0999999999999999,3.1
576B-6628,Bing,O'Heyne,Male,22,Some Travel,Sales,41,CA,White,Masters,Economics,Sales Representative,Married,22778,1,No,2020-06-27,No,2,0,2,2,Junior,22778.0,2022-01-10,4,2,2,1,1,5,5,5,2022,0,10,5.0,4.0,2.0,2.0,1.0,2.8,0.0,0.0,0.0,2.8
5795-08D3,Staffard,Ramard,Male,21,Some Travel,Technology,23,CA,White,High School,Information Systems,Machine Learning Engineer,Divorced,56541,2,No,2020-12-10,No,2,0,1,0,Junior,56541.0,2022-03-11,4,2,3,3,1,4,5,4,2022,-1,10,4.0,4.0,2.0,3.0,1.0,2.8,0.0,0.0,0.0,2.8
5802-2A7E,Martyn,Watt,Prefer Not To Say,27,Some Travel,Technology,37,NY,White,Bachelors,Information Systems,Analytics Manager,Single,130012,0,No,2016-07-25,No,6,6,6,0,Senior,130012.0,2022-07-31,3,2,5,3,1,2,5,4,2022,-1,10,3.6470588235294117,3.735294117647059,3.4411764705882355,3.6176470588235294,1.2941176470588236,3.147058823529412,-0.39999999999999997,-0.7,0.5999999999999999,3.147058823529412
5818-560C,Donny,Tosh,Female,30,Some Travel,Technology,26,CA,Black,No Formal Qualifications,Computer Science,Senior Software Engineer,Divorced,159438,2,No,2013-05-22,No,9,4,4,7,Mid,159438.0,2022-02-09,3,4,3,1,1,4,4,3,2022,-1,10,2.9183673469387754,3.9591836734693877,3.061224489795918,2.857142857142857,1.163265306122449,2.7918367346938777,0.35714285714285704,0.10714285714285711,-1.609910808958292e-18,2.7918367346938777
5839-7AE2,Maxwell,Labrone,Male,25,Some Travel,Technology,24,NY,Black,High School,Business Studies,Senior Software Engineer,Single,175342,0,Yes,2018-09-04,No,4,3,4,3,Mid,175342.0,2016-08-07,3,4,4,1,1,3,4,4,2016,0,4,3.4444444444444446,3.888888888888889,4.555555555555555,3.888888888888889,1.2222222222222223,3.4,-0.49999999999999983,-0.9999999999999996,4.886831086417666e-17,3.4
586E-5C14,Gunther,Keays,Male,40,Some Travel,Technology,9,NY,Black,No Formal Qualifications,Computer Science,Software Engineer,Single,58551,0,No,2012-02-27,No,10,6,7,3,Senior,58551.0,2022-02-02,4,3,2,1,0,3,5,5,2022,0,10,3.4615384615384617,4.0576923076923075,3.673076923076923,2.923076923076923,0.6730769230769231,2.957692307692308,-0.09523809523809529,-0.20238095238095244,0.28571428571428575,2.957692307692308
58C8-63FA,Pierce,Birkby,Male,38,Some Travel,Technology,40,CA,White,Masters,Computer Science,Senior Software Engineer,Divorced,126505,1,No,2012-04-15,No,10,1,5,8,Junior,126505.0,2022-12-08,4,4,2,2,1,3,5,4,2022,-1,10,3.269230769230769,4.403846153846154,3.673076923076923,2.980769230769231,1.1346153846153846,3.0923076923076924,0.21428571428571438,-0.130952380952381,0.10714285714285718,3.0923076923076924
58F5-C8FC,Julina,Coatsworth,Female,37,Some Travel,Sales,19,NY,White,Bachelors,Marketing,Sales Executive,Married,230381,1,No,2014-12-19,No,8,3,3,7,Mid,230381.0,2022-01-06,3,4,5,1,2,4,4,3,2022,-1,10,3.066666666666667,3.8222222222222224,3.8222222222222224,3.7111111111111112,1.3555555555555556,3.155555555555556,-0.02857142857142861,-0.2571428571428571,0.05714285714285706,3.155555555555556
58FA-C451,Wayne,Beekmann,Non-Binary,48,Some Travel,Technology,26,NY,Mixed,No Formal Qualifications,Information Systems,Software Engineer,Married,42008,2,No,2014-03-24,No,8,7,7,0,Senior,42008.0,2022-07-08,3,2,2,1,0,4,3,2,2022,-1,10,3.2444444444444445,3.9555555555555557,3.0444444444444443,3.2888888888888888,0.9555555555555556,2.8977777777777773,0.11428571428571428,-0.22857142857142868,-0.11428571428571427,2.8977777777777773
5919-4ADE,Lelah,Blackney,Female,24,Some Travel,Technology,11,CA,White,Bachelors,Computer Science,Senior Software Engineer,Married,65486,1,No,2018-08-14,No,4,4,4,0,Mid,65486.0,2022-07-04,4,4,5,2,1,4,3,2,2022,-1,10,3.6296296296296298,4.0,3.962962962962963,3.4444444444444446,1.5925925925925926,3.325925925925926,-0.4999999999999998,-0.49999999999999983,-0.5000000000000001,3.325925925925926
596B-33F4,Shell,McPeck,Male,26,Some Travel,Technology,2,IL,White,Bachelors,Computer Science,Data Scientist,Divorced,30207,1,Yes,2016-09-01,Yes,5,1,3,0,Junior,30207.0,2022-02-26,4,3,3,2,0,2,5,5,2022,0,10,3.4,3.381818181818182,2.7818181818181817,3.0545454545454547,0.7454545454545455,2.672727272727273,-0.21212121212121213,-1.9984502881522223e-17,0.08484848484848487,2.672727272727273
5988-3855,Marthe,Mattisson,Female,43,Some Travel,Technology,31,CA,Black,No Formal Qualifications,Information Systems,Software Engineer,Single,98693,0,No,2014-07-04,No,8,5,8,6,Senior,98693.0,2022-05-20,2,3,4,3,1,3,4,3,2022,-1,10,2.8,3.1555555555555554,3.2666666666666666,2.8666666666666667,0.6222222222222222,2.542222222222222,0.2571428571428572,-0.08571428571428572,-0.14285714285714285,2.542222222222222
598D-E3B4,Karlis,Brisard,Male,19,No Travel,Technology,9,CA,White,Bachelors,Information Systems,Software Engineer,Single,29798,0,Yes,2022-03-19,Yes,0,0,0,0,Junior,29798.0,2022-12-07,5,3,4,1,1,2,4,4,2022,0,10,3.611111111111111,4.685185185185185,2.9444444444444446,3.0,1.0555555555555556,3.0592592592592593,-0.05,-0.05,0.05,3.0592592592592593
59DB-8465,Nancey,Luetkemeyers,Female,47,Frequent Traveller,Human Resources,3,CA,White,Bachelors,Marketing,HR Executive,Married,85744,2,No,2013-03-02,No,9,0,9,8,Junior,85744.0,2022-05-01,5,5,5,1,2,3,5,4,2022,-1,10,2.795918367346939,4.63265306122449,4.469387755102041,3.4489795918367347,1.4489795918367347,3.3591836734693876,0.07142857142857142,-0.10714285714285711,0.14285714285714282,3.3591836734693876
59F5-F57D,Lilly,Nancarrow,Female,26,Frequent Traveller,Technology,17,CA,White,High School,Information Systems,Senior Software Engineer,Married,59981,1,Yes,2015-05-25,No,7,1,5,2,Junior,59981.0,2022-03-20,3,4,4,2,2,4,4,3,2022,-1,10,4.525,3.35,3.8,3.075,1.525,3.255,-1.286579381531857e-17,-0.3,-0.09999999999999999,3.255
5A04-0EB4,Debbie,Martinho,Female,27,Frequent Traveller,Sales,43,CA,Mixed,Bachelors,Marketing,Sales Representative,Single,24583,0,Yes,2014-08-16,Yes,7,0,1,6,Junior,24583.0,2022-02-14,5,5,4,1,0,2,3,2,2022,-1,10,3.2181818181818183,4.472727272727273,3.709090909090909,3.0727272727272728,1.1454545454545455,3.1236363636363635,0.20606060606060606,0.01212121212121211,0.10303030303030303,3.1236363636363635
5A0B-7F31,Nevil,Callaby,Male,26,Some Travel,Sales,24,CA,White,Bachelors,Marketing,Sales Executive,Single,85982,0,No,2015-03-13,Yes,5,1,1,0,Junior,85982.0,2022-01-27,3,5,2,3,0,2,4,4,2022,0,10,3.6363636363636362,3.4909090909090907,3.581818181818182,2.8,0.9454545454545454,2.8909090909090907,0.2545454545454546,0.024242424242424232,-0.030303030303030307,2.8909090909090907
5A29-B9F4,Nicoli,Shavel,Female,28,Some Travel,Human Resources,14,CA,White,Masters,Marketing,HR Executive,Single,149734,0,No,2020-01-02,No,2,0,1,1,Junior,149734.0,2021-10-23,4,2,5,3,2,4,4,4,2021,0,9,4.0,4.0,2.0,5.0,2.0,3.4,0.0,0.0,0.0,3.4
5A65-768A,Felicity,Hayler,Female,43,Frequent Traveller,Sales,40,CA,White,Masters,Economics,Sales Executive,Married,86038,3,No,2014-07-06,No,8,1,3,3,Junior,86038.0,2022-05-07,3,2,2,2,0,2,4,3,2022,-1,10,2.888888888888889,3.577777777777778,3.6444444444444444,3.7111111111111112,0.9777777777777777,2.96,-0.05714285714285714,-0.7142857142857143,-0.34285714285714297,2.96
5A78-0F17,Wilfred,Jasik,Male,26,Some Travel,Sales,39,CA,Black,Bachelors,Marketing,Sales Executive,Married,104176,1,No,2017-11-03,No,5,2,3,3,Mid,104176.0,2022-09-12,5,5,5,2,1,4,5,5,2022,0,10,3.3703703703703702,4.333333333333333,4.37037037037037,4.407407407407407,0.37037037037037035,3.3703703703703702,0.49999999999999983,0.49999999999999983,1.4999999999999998,3.3703703703703702
5AA7-C7BA,Reggis,Greenset,Male,26,Some Travel,Technology,35,CA,Native American,Masters,Information Systems,Engineering Manager,Divorced,292386,2,No,2017-08-14,No,5,2,2,5,Mid,292386.0,2022-03-03,3,3,2,2,1,5,3,3,2022,0,10,4.0,3.925925925925926,3.925925925925926,3.888888888888889,1.0,3.348148148148148,-0.9999999999999997,2.346337633521146e-16,0.49999999999999983,3.348148148148148
5AC6-91D4,Terese,Burdess,Female,23,Some Travel,Technology,16,CA,White,High School,Information Systems,Machine Learning Engineer,Married,56946,1,No,2018-11-22,No,4,2,4,4,Mid,56946.0,2020-05-13,5,3,2,2,0,3,3,3,2020,0,8,3.933333333333333,5.0,3.466666666666667,2.466666666666667,0.0,2.9733333333333336,-0.9999999999999997,-1.9999999999999993,0.9999999999999997,2.9733333333333336
5AD2-3B02,Bourke,Laird-Craig,Male,25,Frequent Traveller,Technology,40,NY,White,Masters,Business Studies,Senior Software Engineer,Married,67200,3,No,2020-04-05,No,2,2,2,2,Mid,67200.0,2022-02-05,3,4,5,1,0,3,5,5,2022,0,10,3.0,3.0,4.0,5.0,0.0,3.0,0.0,0.0,0.0,3.0
5B08-EF96,Karlen,Gulston,Female,36,No Travel,Technology,28,CA,Asian,Masters,Other,Data Scientist,Divorced,77136,2,No,2012-05-28,No,10,10,10,10,Senior,77136.0,2022-02-21,4,2,3,3,3,2,5,5,2022,0,10,2.826923076923077,3.980769230769231,3.326923076923077,3.6153846153846154,1.0,2.95,0.2500000000000001,-0.05952380952380954,0.035714285714285754,2.95
5B0B-B105,Richard,Titchen,Male,35,Some Travel,Sales,30,CA,White,High School,Marketing,Manager,Married,360384,1,No,2020-07-04,No,2,2,2,2,Mid,360384.0,2022-07-19,3,3,2,3,1,3,3,2,2022,-1,10,3.0,3.0,3.0,2.0,1.0,2.4,0.0,0.0,0.0,2.4
5B0E-31FB,Hasheem,Mance,Male,37,Some Travel,Technology,22,NY,White,High School,Information Systems,Software Engineer,Single,45927,0,No,2013-08-26,No,9,5,6,6,Senior,45927.0,2022-08-08,3,4,2,3,2,4,3,2,2022,-1,10,3.4489795918367347,3.5306122448979593,3.6530612244897958,2.938775510204082,2.0408163265306123,3.1224489795918364,-0.10714285714285714,0.035714285714285705,-0.3214285714285714,3.1224489795918364
5B11-3DB3,Melicent,Papworth,Female,24,Some Travel,Sales,43,CA,Asian,Masters,Economics,Sales Executive,Married,144335,0,No,2018-10-11,Yes,0,0,0,0,Junior,144335.0,2022-11-24,4,2,2,3,0,2,3,2,2022,-1,10,2.7037037037037037,3.5185185185185186,2.5,3.6296296296296298,1.0,2.67037037037037,-0.15000000000000002,0.13333333333333336,-0.05000000000000002,2.67037037037037
5B38-57D2,Dennie,Morrel,Male,20,Frequent Traveller,Technology,28,CA,White,Bachelors,Information Systems,Software Engineer,Married,29835,3,Yes,2020-07-05,No,2,0,0,0,Junior,29835.0,2022-11-27,5,3,5,1,1,5,5,4,2022,-1,10,5.0,5.0,3.0,5.0,1.0,3.8,0.0,0.0,0.0,3.8
5BDE-7102,Rafaela,Smurfit,Female,25,Some Travel,Technology,16,CA,Black,High School,Computer Science,Engineering Manager,Married,184441,1,No,2016-11-13,No,6,6,6,3,Senior,184441.0,2022-04-19,3,2,5,1,1,2,5,4,2022,-1,10,3.3823529411764706,3.6176470588235294,2.9411764705882355,3.088235294117647,1.0,2.8058823529411763,-0.39999999999999986,-0.7999999999999998,0.5999999999999998,2.8058823529411763
5C03-1009,Willetta,Lurriman,Female,42,Some Travel,Technology,21,IL,Black,Bachelors,Information Systems,Engineering Manager,Married,316208,1,No,2012-01-17,No,10,8,8,7,Senior,316208.0,2022-04-12,3,4,2,2,1,3,5,4,2022,-1,10,4.0,3.9615384615384617,3.7884615384615383,3.9423076923076925,1.3269230769230769,3.403846153846154,0.20238095238095244,-0.15476190476190482,-0.059523809523809555,3.403846153846154
5C48-9106,Darwin,Capelle,Male,37,Frequent Traveller,Technology,15,NY,Black,Masters,Computer Science,Data Scientist,Married,53929,2,No,2014-11-15,No,8,7,7,5,Senior,53929.0,2022-10-14,4,3,5,3,1,5,5,5,2022,0,10,3.8222222222222224,4.2,3.466666666666667,3.1555555555555554,0.9555555555555556,3.12,-0.0857142857142857,0.4000000000000001,-0.11428571428571431,3.12
5C7B-86C0,Jeanie,Geater,Female,32,Some Travel,Technology,31,NY,White,Masters,Business Studies,Senior Software Engineer,Married,186169,0,No,2014-07-26,No,8,2,6,0,Mid,186169.0,2022-09-29,4,4,3,1,1,5,5,4,2022,-1,10,3.911111111111111,4.266666666666667,3.977777777777778,3.1333333333333333,0.35555555555555557,3.1288888888888886,-0.057142857142857106,0.6285714285714287,-8.883108086078947e-17,3.1288888888888886
5C87-D7BB,Malory,Dumbelton,Female,25,Frequent Traveller,Technology,5,CA,Mixed,Masters,Computer Science,Software Engineer,Single,67151,0,Yes,2017-04-22,No,5,4,5,4,Mid,67151.0,2022-05-31,4,5,4,1,0,3,3,3,2022,0,10,3.9705882352941178,3.9705882352941178,3.823529411764706,4.205882352941177,0.7058823529411765,3.3352941176470594,0.5,-0.19999999999999996,0.19999999999999996,3.3352941176470594
5D69-D350,Lyle,Waby,Male,24,Frequent Traveller,Technology,7,IL,White,Bachelors,Information Systems,Data Scientist,Divorced,104649,2,No,2016-09-23,Yes,4,4,4,3,Mid,104649.0,2022-04-16,3,2,4,2,2,3,4,3,2022,-1,10,2.9454545454545453,3.8363636363636364,3.381818181818182,2.963636363636364,1.7272727272727273,2.970909090909091,-0.01212121212121213,-0.3030303030303031,-0.19999999999999998,2.970909090909091
5D73-961A,Padraig,Pabel,Male,27,Some Travel,Technology,1,CA,Other,High School,Computer Science,Senior Software Engineer,Divorced,90487,1,No,2016-05-25,No,6,4,4,4,Mid,90487.0,2022-04-28,3,3,2,1,1,3,5,5,2022,0,10,4.205882352941177,4.411764705882353,3.176470588235294,3.0,0.9705882352941176,3.152941176470588,-0.49999999999999983,-0.29999999999999993,0.0,3.152941176470588
5E53-1897,Hamish,Carlsen,Male,23,Some Travel,Technology,6,CA,Mixed,Masters,Other,Software Engineer,Married,87483,1,Yes,2017-03-06,No,5,1,2,0,Junior,87483.0,2022-12-22,5,3,2,2,0,3,4,3,2022,-1,10,3.7058823529411766,4.794117647058823,4.147058823529412,3.4705882352941178,0.0,3.223529411764706,-0.6999999999999998,-0.29999999999999993,-0.29999999999999993,3.223529411764706
5E9A-FE30,Lindy,Carratt,Female,30,Some Travel,Technology,38,CA,White,Masters,Computer Science,Data Scientist,Married,88609,1,Yes,2014-11-24,No,8,4,4,1,Mid,88609.0,2022-06-30,4,4,3,2,1,2,3,3,2022,0,10,3.4,4.066666666666666,3.488888888888889,3.9555555555555557,0.7555555555555555,3.1333333333333337,0.4,-0.2571428571428571,-0.08571428571428572,3.1333333333333337
5EB3-47F6,Cthrine,Harg,Female,24,Some Travel,Sales,41,NY,White,No Formal Qualifications,Economics,Sales Executive,Married,73498,0,Yes,2019-10-28,No,3,2,2,0,Mid,73498.0,2021-07-18,3,3,4,2,1,2,4,4,2021,0,9,2.0,3.0,3.0,4.0,1.0,2.6,0.0,0.0,0.0,2.6
5EE9-CFCF,April,Brunicke,Female,48,Frequent Traveller,Technology,15,CA,White,Masters,Computer Science,Engineering Manager,Married,309371,0,Yes,2020-05-18,No,2,1,1,1,Junior,309371.0,2022-11-16,4,2,3,2,3,3,3,3,2022,0,10,3.0,4.0,2.0,3.0,3.0,3.0,0.0,0.0,0.0,3.0
5F06-D3F6,Calv,Pearcehouse,Male,28,No Travel,Technology,24,NY,White,Masters,Computer Science,Machine Learning Engineer,Divorced,193347,2,Yes,2018-05-09,No,4,4,4,0,Mid,193347.0,2022-02-01,5,2,4,3,1,4,3,2,2022,-1,10,4.0,4.37037037037037,3.259259259259259,3.962962962962963,1.037037037037037,3.325925925925926,-1.0,0.0,-1.4999999999999998,3.325925925925926
5F2E-A68B,Evangelin,Desantis,Prefer Not To Say,26,Some Travel,Technology,16,CA,White,Masters,Other,Software Engineer,Single,60834,0,No,2015-06-01,No,7,0,0,5,Junior,60834.0,2022-03-25,4,5,4,3,0,4,5,5,2022,0,10,3.875,4.325,4.05,3.8,1.3,3.47,0.19999999999999993,0.3000000000000001,0.09999999999999994,3.47
5F4E-EE5A,Mamie,Neagle,Prefer Not To Say,28,No Travel,Technology,45,IL,Mixed,Masters,Information Systems,Machine Learning Engineer,Married,87762,0,No,2015-10-02,No,7,2,7,2,Mid,87762.0,2022-03-13,4,3,3,1,1,2,3,3,2022,0,10,3.2,4.025,3.65,3.75,0.475,3.02,0.20000000000000004,-0.7999999999999999,0.3000000000000001,3.02
5F5B-83B1,Michelina,Chester,Female,38,Frequent Traveller,Technology,44,CA,White,High School,Computer Science,Engineering Manager,Single,293425,0,Yes,2017-09-05,No,5,4,4,4,Mid,293425.0,2022-03-06,5,5,5,1,1,2,5,4,2022,-1,10,2.2962962962962963,4.0,4.074074074074074,3.7777777777777777,1.3333333333333333,3.0962962962962965,0.9999999999999997,-0.49999999999999983,0.49999999999999983,3.0962962962962965
6010-A052,Florry,Pohlak,Female,20,Some Travel,Technology,26,NY,White,Masters,Business Studies,Software Engineer,Single,37094,0,No,2020-03-02,Yes,1,0,0,0,Junior,37094.0,2022-03-24,4,3,5,1,1,5,3,2,2022,-1,10,3.611111111111111,3.7222222222222223,3.0,3.7777777777777777,0.9629629629629629,3.014814814814815,0.10000000000000002,-0.05000000000000001,-0.11666666666666668,3.014814814814815
606E-A262,Parke,Loxton,Male,28,Some Travel,Technology,27,CA,White,No Formal Qualifications,Information Systems,Analytics Manager,Married,277344,0,Yes,2013-07-02,Yes,3,1,1,1,Junior,277344.0,2022-01-18,4,4,3,2,1,5,4,3,2022,-1,10,3.2,4.036363636363636,3.4363636363636365,2.6363636363636362,1.5272727272727273,2.9672727272727273,-0.04242424242424244,-0.06666666666666665,0.03030303030303031,2.9672727272727273
60A3-AFA2,Gracie,Horley,Female,23,Some Travel,Technology,20,NY,White,Bachelors,Information Systems,Software Engineer,Divorced,85006,2,No,2019-08-18,No,3,2,3,0,Mid,85006.0,2022-09-25,3,1,2,2,1,3,3,2,2022,-1,10,2.526315789473684,3.9473684210526314,2.4210526315789473,3.4210526315789473,1.4736842105263157,2.757894736842105,-2.9999999999999996,0.9999999999999997,-0.9999999999999997,2.757894736842105
60B5-48ED,Hayden,Jacox,Male,30,Frequent Traveller,Sales,25,CA,White,High School,Marketing,Sales Executive,Divorced,135919,1,No,2013-11-08,No,9,6,6,0,Senior,135919.0,2022-08-20,3,4,3,2,2,5,4,3,2022,-1,10,3.816326530612245,3.877551020408163,3.63265306122449,2.5306122448979593,1.0,2.9714285714285715,-0.14285714285714282,0.17857142857142852,0.14285714285714285,2.9714285714285715
6112-8476,Kore,Munn,Female,43,Some Travel,Technology,18,IL,Other,No Formal Qualifications,Computer Science,Software Engineer,Married,49882,1,No,2014-02-02,No,8,3,8,2,Mid,49882.0,2021-08-14,4,5,2,1,1,4,3,3,2021,0,9,3.238095238095238,4.166666666666667,3.5,3.642857142857143,1.0476190476190477,3.119047619047619,0.32142857142857134,-0.07142857142857141,0.035714285714285664,3.119047619047619
6125-FEC8,Myrtie,Corbie,Non-Binary,27,No Travel,Technology,36,CA,Pacific Islander,Masters,Business Studies,Software Engineer,Married,50046,1,No,2015-12-20,No,7,1,6,2,Junior,50046.0,2017-01-26,5,2,5,3,2,4,4,3,2017,-1,5,4.2,4.733333333333333,2.7333333333333334,3.8,1.2,3.3333333333333335,-0.7000000000000002,0.6000000000000001,2.2882938428029817e-17,3.3333333333333335
6135-885F,Edeline,Knevett,Female,18,Frequent Traveller,Technology,8,CA,White,Bachelors,Computer Science,Software Engineer,Single,31894,0,Yes,2022-08-31,Yes,0,0,0,0,Junior,31894.0,2022-09-13,5,3,4,2,1,2,5,4,2022,-1,10,2.9074074074074074,4.2592592592592595,3.1666666666666665,3.759259259259259,1.6296296296296295,3.144444444444445,-0.05000000000000002,-0.18333333333333338,-0.03333333333333332,3.144444444444445
6151-4A92,Milicent,Kiossel,Non-Binary,25,No Travel,Technology,29,CA,White,Masters,Computer Science,Machine Learning Engineer,Single,105411,0,No,2018-04-01,No,4,2,4,2,Mid,105411.0,2022-04-17,4,4,3,1,0,3,5,4,2022,-1,10,3.962962962962963,3.7037037037037037,2.740740740740741,3.5925925925925926,0.2962962962962963,2.859259259259259,1.0,-0.4999999999999999,0.0,2.859259259259259
6176-3BEE,Trumaine,Nevett,Male,29,Some Travel,Sales,20,NY,Black,Bachelors,Marketing,Sales Executive,Single,149688,0,Yes,2013-02-04,Yes,2,2,2,2,Mid,149688.0,2022-03-26,4,1,2,2,0,2,4,4,2022,0,10,3.7636363636363637,3.4727272727272727,2.7818181818181817,3.0727272727272728,0.9090909090909091,2.8,-0.27878787878787886,-0.02424242424242425,0.19393939393939394,2.8
617A-5092,Arnoldo,Lerer,Male,39,No Travel,Technology,30,CA,White,Masters,Computer Science,Senior Software Engineer,Single,152771,1,No,2021-04-24,No,1,1,1,1,Junior,152771.0,2021-07-19,3,4,3,1,0,1,3,2,2021,-1,9,1.0,3.0,4.0,3.0,0.0,2.2,0.0,0.0,0.0,2.2
618D-7685,Maridel,O'Hederscoll,Female,30,Some Travel,Technology,26,CA,White,Bachelors,Information Systems,Data Scientist,Single,96170,0,No,2013-04-15,No,9,4,9,1,Mid,96170.0,2022-01-25,1,2,3,2,1,2,4,3,2022,-1,10,3.142857142857143,3.816326530612245,2.4081632653061225,3.3469387755102042,0.8163265306122449,2.706122448979592,-0.03571428571428571,-2.4611635893524147e-17,-0.14285714285714285,2.706122448979592
619D-D78F,Leesa,Gauford,Female,20,Some Travel,Technology,24,NY,White,High School,Business Studies,Data Scientist,Single,38138,0,No,2020-08-29,No,2,2,2,1,Mid,38138.0,2022-04-22,5,5,4,1,0,3,3,2,2022,-1,10,3.0,5.0,5.0,4.0,0.0,3.4,0.0,0.0,0.0,3.4
61CC-2C1D,Jayme,Desseine,Male,25,Some Travel,Technology,2,CA,White,Bachelors,Computer Science,Engineering Manager,Married,217544,0,No,2016-04-25,No,6,5,6,6,Senior,217544.0,2022-12-23,3,5,2,1,3,3,4,3,2022,-1,10,2.911764705882353,3.264705882352941,4.294117647058823,2.4411764705882355,2.088235294117647,2.9999999999999996,0.29999999999999993,-0.5999999999999999,-0.29999999999999993,2.9999999999999996
61E2-6540,Holmes,Disdel,Non-Binary,24,Some Travel,Technology,7,CA,Black,Masters,Computer Science,Senior Software Engineer,Married,44256,2,No,2018-05-18,No,4,2,4,3,Mid,44256.0,2022-04-08,4,2,2,1,2,3,3,2,2022,-1,10,2.925925925925926,3.3703703703703702,2.0,2.2962962962962963,1.037037037037037,2.3259259259259255,0.0,-0.9999999999999996,-0.49999999999999983,2.3259259259259255
61E5-836E,Frederigo,Wichard,Non-Binary,24,Some Travel,Technology,1,CA,White,Bachelors,Business Studies,Software Engineer,Divorced,35199,1,No,2018-08-16,No,4,0,0,1,Junior,35199.0,2021-07-14,4,5,4,3,2,4,4,3,2021,-1,9,3.4166666666666665,3.375,4.083333333333333,3.375,1.375,3.125,0.9999999999999997,0.9999999999999996,0.0,3.125
61F3-DE78,Dehlia,Fullerton,Female,23,Some Travel,Technology,40,CA,White,Bachelors,Computer Science,Data Scientist,Single,23632,0,No,2020-08-24,No,2,2,2,0,Mid,23632.0,2022-05-14,3,4,2,2,2,2,5,5,2022,0,10,2.0,3.0,4.0,2.0,2.0,2.6,0.0,0.0,0.0,2.6
6227-9D9E,Malina,Chivrall,Female,26,Some Travel,Human Resources,5,CA,Mixed,Masters,Human Resources,HR Manager,Married,315071,1,Yes,2015-01-25,No,7,7,7,1,Senior,315071.0,2021-01-25,4,3,3,3,1,2,5,4,2021,-1,9,3.657142857142857,3.8285714285714287,3.085714285714286,3.2285714285714286,0.8571428571428571,2.9314285714285715,0.3,-0.5,0.5,2.9314285714285715
626A-9377,Blaire,Dinneen,Female,27,No Travel,Technology,19,NY,Black,High School,Business Studies,Senior Software Engineer,Single,89785,0,No,2015-12-19,Yes,0,0,0,0,Junior,89785.0,2022-02-12,4,3,5,1,3,2,4,4,2022,0,10,3.7454545454545456,3.9272727272727272,3.1272727272727274,4.163636363636364,1.5272727272727273,3.2981818181818183,-0.1151515151515151,-0.10303030303030306,0.10303030303030306,3.2981818181818183
626D-4669,Gerardo,Geggus,Male,23,Frequent Traveller,Technology,35,CA,White,Masters,Information Systems,Senior Software Engineer,Single,51906,0,No,2020-01-14,No,2,1,1,1,Junior,51906.0,2022-10-19,1,3,4,1,2,1,3,2,2022,-1,10,1.0,1.0,3.0,4.0,2.0,2.2,0.0,0.0,0.0,2.2
6280-B47F,Durward,Buzek,Male,25,Frequent Traveller,Technology,39,NY,White,Masters,Computer Science,Software Engineer,Single,26545,1,Yes,2022-06-21,Yes,0,0,0,0,Junior,26545.0,2022-10-30,1,2,4,3,2,1,5,4,2022,-1,10,2.240740740740741,2.740740740740741,3.240740740740741,3.111111111111111,1.3148148148148149,2.5296296296296297,-0.08333333333333338,-0.08333333333333336,-0.21666666666666673,2.5296296296296297
62A3-DEA7,Meade,Quinnelly,Male,25,Some Travel,Technology,8,CA,Mixed,No Formal Qualifications,Information Systems,Software Engineer,Single,30931,0,Yes,2015-08-13,Yes,1,0,0,1,Junior,30931.0,2022-02-02,5,4,3,2,1,5,5,4,2022,-1,10,3.290909090909091,3.890909090909091,3.4909090909090907,3.109090909090909,1.7272727272727273,3.1018181818181816,-0.00606060606060605,-0.006060606060606057,0.0484848484848485,3.1018181818181816
6313-8E62,Addy,Shambrook,Male,23,Frequent Traveller,Sales,41,NY,White,No Formal Qualifications,Marketing,Sales Representative,Single,26508,0,Yes,2020-05-01,Yes,1,0,0,0,Junior,26508.0,2022-05-30,4,5,4,2,0,4,4,3,2022,-1,10,4.055555555555555,4.037037037037037,4.037037037037037,4.444444444444445,1.0,3.514814814814815,0.2333333333333334,0.25000000000000006,-0.033333333333333354,3.514814814814815
6345-2F33,Ignacius,Streeter,Non-Binary,46,Some Travel,Technology,36,NY,Black,High School,Computer Science,Machine Learning Engineer,Married,102964,2,No,2012-03-17,No,10,10,10,2,Senior,102964.0,2022-07-10,5,2,4,1,0,4,4,3,2022,-1,10,3.4423076923076925,4.4423076923076925,3.5384615384615383,4.115384615384615,1.0192307692307692,3.3115384615384613,0.04761904761904764,0.08333333333333336,-0.15476190476190482,3.3115384615384613
6376-F58F,Ashil,Kenwrick,Female,22,Some Travel,Technology,4,CA,White,High School,Computer Science,Senior Software Engineer,Single,73653,0,No,2018-12-19,No,4,2,3,3,Mid,73653.0,2022-08-15,4,4,3,3,2,3,3,3,2022,0,10,3.0,4.0,3.526315789473684,3.9473684210526314,1.5263157894736843,3.2,0.9999999999999997,0.0,-0.9999999999999997,3.2
637B-DBAD,Lovell,Larmor,Male,44,Some Travel,Technology,31,CA,White,High School,Computer Science,Software Engineer,Divorced,81297,2,Yes,2013-12-14,No,9,1,8,9,Junior,81297.0,2022-12-23,4,4,5,3,0,5,3,3,2022,0,10,3.510204081632653,4.346938775510204,3.816326530612245,3.816326530612245,0.2653061224489796,3.151020408163265,0.17857142857142852,0.14285714285714282,-0.32142857142857134,3.151020408163265
63B0-1036,Persis,Christon,Female,25,Some Travel,Technology,12,NY,Mixed,Bachelors,Business Studies,Software Engineer,Divorced,52957,1,No,2017-07-10,No,5,3,5,4,Mid,52957.0,2017-12-27,5,2,5,1,0,4,3,2,2017,-1,5,4.333333333333333,4.666666666666667,2.0,4.416666666666667,1.25,3.3333333333333335,0.0,-6.988925454103805e-17,-1.4999999999999991,3.3333333333333335
63B8-CCC0,Rafaela,Hadigate,Female,25,Some Travel,Technology,34,CA,White,Bachelors,Information Systems,Data Scientist,Single,37053,0,No,2016-02-05,No,6,5,5,0,Senior,37053.0,2022-01-14,5,5,3,3,2,5,4,3,2022,-1,10,3.8529411764705883,4.764705882352941,3.1470588235294117,3.235294117647059,1.5588235294117647,3.3117647058823527,0.9999999999999998,0.7,-0.3,3.3117647058823527
63BF-A86A,Ava,Galland,Female,39,Frequent Traveller,Human Resources,16,CA,White,Bachelors,Human Resources,HR Executive,Single,201564,3,Yes,2022-10-12,Yes,0,0,0,0,Junior,201564.0,2022-12-08,5,4,5,2,1,3,3,2,2022,-1,10,3.462962962962963,4.222222222222222,3.185185185185185,3.8333333333333335,1.2407407407407407,3.188888888888889,-0.03333333333333337,-0.08333333333333336,0.06666666666666665,3.188888888888889
63D2-F412,Bab,Antonelli,Female,25,Some Travel,Sales,3,CA,White,No Formal Qualifications,Marketing,Sales Executive,Married,58631,3,Yes,2017-09-26,No,5,4,4,3,Mid,58631.0,2022-10-13,3,3,3,2,0,2,5,5,2022,0,10,3.259259259259259,2.3333333333333335,2.7037037037037037,2.3703703703703702,0.9259259259259259,2.3185185185185184,0.49999999999999983,-1.0,1.0,2.3185185185185184
63DA-AA21,Diannne,Choules,Female,43,Some Travel,Technology,35,CA,White,Bachelors,Computer Science,Engineering Manager,Divorced,436813,2,No,2012-03-07,No,10,8,9,7,Senior,436813.0,2022-02-22,3,3,2,2,0,5,5,5,2022,0,10,3.2884615384615383,3.480769230769231,3.4423076923076925,2.9615384615384617,0.9807692307692307,2.8307692307692305,0.23809523809523817,0.04761904761904759,0.03571428571428574,2.8307692307692305
63E0-439B,Kirbee,Pawelek,Female,22,Some Travel,Technology,36,CA,White,Masters,Computer Science,Software Engineer,Single,31072,0,No,2020-09-15,No,2,2,2,1,Mid,31072.0,2022-01-06,5,4,3,1,1,5,3,3,2022,0,10,5.0,5.0,4.0,3.0,1.0,3.6,0.0,0.0,0.0,3.6
63E9-F74A,Amos,Simcox,Male,25,Frequent Traveller,Technology,11,NY,Mixed,No Formal Qualifications,Business Studies,Machine Learning Engineer,Married,67708,1,No,2015-11-02,No,7,7,7,0,Senior,67708.0,2022-12-23,5,4,4,3,1,4,3,3,2022,0,10,4.025,3.95,4.225,3.725,0.775,3.34,0.10000000000000007,0.09999999999999999,-0.39999999999999997,3.34
6413-42F1,Gui,Olivello,Female,27,Some Travel,Human Resources,24,CA,Mixed,High School,Other,HR Executive,Divorced,55206,0,No,2016-07-13,No,6,1,3,4,Junior,55206.0,2022-11-24,4,2,5,2,1,2,5,5,2022,0,10,2.7058823529411766,3.9411764705882355,3.1176470588235294,3.3529411764705883,1.4411764705882353,2.9117647058823533,-0.8999999999999999,-0.29999999999999993,0.19999999999999996,2.9117647058823533
648E-FE5F,Tabb,McInnes,Male,25,Some Travel,Sales,11,CA,Black,Bachelors,Marketing,Sales Executive,Single,58914,0,No,2018-07-11,No,4,0,1,0,Junior,58914.0,2022-06-13,4,5,3,2,3,2,5,5,2022,0,10,2.3333333333333335,3.962962962962963,4.666666666666667,3.259259259259259,2.074074074074074,3.2592592592592586,6.988925454103805e-17,-4.886831086417666e-17,0.5000000000000001,3.2592592592592586
64BA-99F0,Kristina,Chanson,Female,43,Some Travel,Technology,14,CA,White,Bachelors,Computer Science,Engineering Manager,Married,309141,0,No,2013-10-19,No,9,6,6,9,Senior,309141.0,2022-05-31,4,4,5,3,0,5,4,3,2022,-1,10,4.122448979591836,3.857142857142857,3.510204081632653,3.5306122448979593,0.8775510204081632,3.1795918367346934,0.14285714285714282,0.21428571428571427,-0.07142857142857138,3.1795918367346934
64D6-0D5F,Sherwood,Furlow,Non-Binary,37,Some Travel,Technology,28,CA,Black,Bachelors,Information Systems,Analytics Manager,Single,368494,0,Yes,2012-05-14,No,10,8,9,6,Senior,368494.0,2022-05-15,3,4,3,3,0,5,4,4,2022,0,10,3.6923076923076925,3.8653846153846154,3.576923076923077,3.6346153846153846,1.0384615384615385,3.161538461538462,0.25000000000000017,0.08333333333333334,-0.11904761904761908,3.161538461538462
6542-3E93,Kelley,Yakovl,Male,25,No Travel,Technology,44,CA,Native American,Masters,Information Systems,Machine Learning Engineer,Married,57765,0,No,2018-10-25,No,4,1,3,2,Junior,57765.0,2020-06-24,3,4,4,1,1,2,3,3,2020,0,8,3.4,3.0,4.0,3.066666666666667,1.4666666666666666,2.986666666666667,0.0,-2.9999999999999996,-0.9999999999999997,2.986666666666667
6543-091E,Balduin,Vonasek,Male,24,No Travel,Technology,42,CA,White,Masters,Computer Science,Senior Software Engineer,Married,58717,1,No,2019-05-20,No,3,0,2,1,Junior,58717.0,2022-09-15,3,5,5,3,0,4,3,3,2022,0,10,3.0526315789473686,3.9473684210526314,4.052631578947368,4.052631578947368,0.9473684210526315,3.2105263157894735,1.9999999999999993,1.9999999999999993,-1.9999999999999993,3.2105263157894735
656C-09EA,Anna-maria,Diegan,Female,24,Some Travel,Technology,20,NY,Black,Bachelors,Information Systems,Senior Software Engineer,Married,52850,1,No,2019-01-20,No,3,3,3,0,Mid,52850.0,2022-07-16,3,5,3,1,2,5,4,4,2022,0,10,4.052631578947368,3.9473684210526314,4.052631578947368,3.473684210526316,1.0526315789473684,3.315789473684211,1.9999999999999993,1.9999999999999993,1.9999999999999993,3.315789473684211
65A0-5D04,Ginnifer,Grigoletti,Female,28,Frequent Traveller,Technology,20,CA,Black,No Formal Qualifications,Computer Science,Data Scientist,Married,62016,3,No,2015-06-02,No,7,6,6,4,Senior,62016.0,2022-08-25,1,4,2,1,0,2,5,4,2022,-1,10,3.6,3.7,3.2,3.6,0.2,2.86,-4.5765876856059633e-17,-0.7999999999999999,-0.4,2.86
65C9-0885,Kain,Libero,Male,25,Frequent Traveller,Technology,24,CA,White,No Formal Qualifications,Computer Science,Senior Software Engineer,Divorced,121373,1,No,2018-03-21,No,4,0,2,1,Junior,121373.0,2022-10-28,5,5,3,2,1,5,4,4,2022,0,10,4.333333333333333,5.0,3.111111111111111,2.962962962962963,1.6666666666666667,3.4148148148148145,1.4999999999999998,9.773662172835332e-17,0.49999999999999983,3.4148148148148145
6653-BD41,Selle,Barrington,Female,27,Some Travel,Technology,5,NY,Black,Bachelors,Computer Science,Engineering Manager,Married,238435,1,No,2015-08-07,No,7,2,4,1,Mid,238435.0,2022-04-03,4,4,3,2,0,4,4,3,2022,-1,10,3.475,3.275,4.025,3.575,0.525,2.9750000000000005,0.10000000000000003,0.30000000000000004,0.09999999999999995,2.9750000000000005
6661-FA04,Clive,Sherwen,Male,44,Some Travel,Technology,28,CA,Mixed,Bachelors,Computer Science,Software Engineer,Married,49447,1,No,2014-10-09,No,8,7,7,8,Senior,49447.0,2022-04-16,3,2,5,2,1,5,3,3,2022,0,10,3.7555555555555555,3.911111111111111,3.3333333333333335,4.222222222222222,0.8222222222222222,3.2088888888888887,-0.42857142857142855,0.22857142857142856,-0.2285714285714286,3.2088888888888887
666A-B076,Huberto,Coppins,Male,26,No Travel,Technology,10,NY,White,High School,Computer Science,Software Engineer,Single,62828,0,No,2020-02-28,No,2,0,2,1,Junior,62828.0,2022-08-23,3,4,5,2,0,5,5,4,2022,-1,10,5.0,3.0,4.0,5.0,0.0,3.4,0.0,0.0,0.0,3.4
66BC-7AC0,Maynord,Trinke,Male,22,Frequent Traveller,Sales,33,NY,White,Bachelors,Marketing,Sales Representative,Married,33657,1,No,2018-07-23,Yes,3,0,2,0,Junior,33657.0,2022-08-03,3,3,5,1,2,5,4,4,2022,0,10,3.814814814814815,4.314814814814815,3.4814814814814814,4.092592592592593,1.1851851851851851,3.3777777777777773,-0.16666666666666669,0.1333333333333334,-0.03333333333333334,3.3777777777777773
6731-1425,Robyn,Takis,Female,43,Frequent Traveller,Technology,4,CA,White,Bachelors,Information Systems,Machine Learning Engineer,Single,262392,0,Yes,2021-06-08,No,1,1,1,1,Junior,262392.0,2021-08-07,3,4,4,3,0,3,4,4,2021,0,9,3.0,3.0,4.0,4.0,0.0,2.8,0.0,0.0,0.0,2.8
676C-C884,Ettie,Watt,Female,24,Some Travel,Technology,17,IL,Mixed,Bachelors,Information Systems,Software Engineer,Married,26937,1,No,2019-03-31,No,3,2,2,1,Mid,26937.0,2022-04-05,3,5,4,2,1,2,4,3,2022,-1,10,2.473684210526316,3.473684210526316,5.0,3.526315789473684,1.4736842105263157,3.189473684210526,0.0,-0.9999999999999997,-0.9999999999999997,3.189473684210526
67D7-9785,Corinne,Andreaccio,Female,38,Frequent Traveller,Technology,6,CA,Black,Bachelors,Information Systems,Senior Software Engineer,Single,126515,0,No,2013-02-27,No,9,7,9,4,Senior,126515.0,2022-08-05,1,3,3,1,3,2,3,3,2022,0,10,2.6122448979591835,3.36734693877551,3.5306122448979593,2.979591836734694,1.3673469387755102,2.7714285714285714,0.17857142857142852,-0.17857142857142852,-0.035714285714285685,2.7714285714285714
67ED-A630,Adan,Fradgley,Male,29,Some Travel,Sales,38,CA,Asian,Masters,Marketing,Sales Executive,Married,102061,1,No,2013-01-17,No,9,5,9,5,Senior,102061.0,2021-11-05,3,4,3,1,2,2,3,2,2021,-1,9,2.9761904761904763,3.5238095238095237,4.261904761904762,3.619047619047619,1.0714285714285714,3.0904761904761906,0.17857142857142852,-0.035714285714285705,0.03571428571428573,3.0904761904761906
6819-65F3,Derward,Darco,Male,21,Some Travel,Technology,34,NY,White,High School,Computer Science,Software Engineer,Married,26137,1,No,2021-06-26,No,1,0,0,1,Junior,26137.0,2021-03-02,5,3,3,3,2,5,4,4,2021,0,9,5.0,5.0,3.0,3.0,2.0,3.6,0.0,0.0,0.0,3.6
6828-1F30,Filide,Summerlie,Female,46,Some Travel,Sales,8,CA,Mixed,Bachelors,Marketing,Sales Executive,Married,249505,3,Yes,2019-08-14,No,3,2,2,1,Mid,249505.0,2022-02-12,3,5,2,3,2,3,4,4,2022,0,10,2.526315789473684,3.473684210526316,5.0,3.4210526315789473,1.5263157894736843,3.1894736842105265,0.0,0.9999999999999997,-0.9999999999999997,3.1894736842105265
682D-8FD8,Maridel,Valentin,Female,25,Some Travel,Technology,37,NY,Mixed,High School,Information Systems,Engineering Manager,Married,188516,1,No,2018-07-20,No,4,1,3,1,Junior,188516.0,2022-08-12,5,3,2,3,1,3,4,3,2022,-1,10,2.6666666666666665,4.407407407407407,3.6296296296296298,2.888888888888889,0.7037037037037037,2.8592592592592596,-0.49999999999999983,4.886831086417666e-17,-4.886831086417666e-17,2.8592592592592596
68C4-272C,Torey,Emanueli,Female,21,No Travel,Technology,22,NY,Black,High School,Other,Software Engineer,Married,25208,0,Yes,2019-07-19,No,3,0,0,1,Junior,25208.0,2022-07-04,3,4,5,3,0,2,4,3,2022,-1,10,2.0,3.473684210526316,4.473684210526316,4.052631578947368,0.0,2.8,-0.9999999999999997,0.0,-1.9999999999999993,2.8
68D1-F434,Alick,Heasley,Male,40,Frequent Traveller,Technology,1,CA,White,Masters,Information Systems,Engineering Manager,Divorced,314668,1,No,2020-03-23,No,2,0,2,2,Junior,314668.0,2022-04-24,4,2,4,2,1,2,5,5,2022,0,10,2.0,4.0,2.0,4.0,1.0,2.6,0.0,0.0,0.0,2.6
68FB-06A7,Elle,Balcombe,Female,43,Frequent Traveller,Sales,1,NY,Mixed,Bachelors,Marketing,Sales Executive,Single,180996,0,No,2012-04-10,No,10,8,10,9,Senior,180996.0,2022-03-12,5,3,2,2,0,5,3,3,2022,0,10,3.6538461538461537,3.923076923076923,3.5576923076923075,3.769230769230769,0.46153846153846156,3.073076923076923,0.07142857142857142,0.19047619047619058,0.02380952380952382,3.073076923076923
6925-864E,Lilith,Cargen,Female,25,No Travel,Technology,30,CA,White,High School,Computer Science,Senior Software Engineer,Divorced,43644,2,No,2017-06-02,No,5,3,3,5,Mid,43644.0,2022-08-08,3,5,4,1,2,4,5,5,2022,0,10,3.823529411764706,4.176470588235294,2.8823529411764706,3.5294117647058822,0.5882352941176471,3.0,0.8999999999999999,0.49999999999999983,0.6999999999999998,3.0
692B-7152,Murry,Dominici,Male,47,Some Travel,Sales,42,CA,Asian,Bachelors,Marketing,Sales Executive,Married,249553,1,No,2012-05-20,No,10,3,4,9,Mid,249553.0,2022-05-07,4,5,3,3,1,2,3,3,2022,0,10,2.9615384615384617,3.8461538461538463,3.25,3.8653846153846154,0.9423076923076923,2.973076923076923,1.6351680710574922e-17,-0.2023809523809524,-0.2738095238095239,2.973076923076923
6957-5180,Ania,Osboldstone,Female,28,Some Travel,Sales,18,IL,White,Bachelors,Economics,Sales Executive,Married,113501,1,Yes,2020-09-22,No,2,2,2,2,Mid,113501.0,2022-03-22,5,5,2,3,1,5,4,3,2022,-1,10,5.0,5.0,5.0,2.0,1.0,3.6,0.0,0.0,0.0,3.6
6965-C170,Joya,Hefford,Female,48,Some Travel,Sales,32,NY,White,Bachelors,Technical Degree,Manager,Married,354336,1,Yes,2013-04-18,No,9,1,2,9,Junior,354336.0,2022-05-28,3,2,5,3,2,3,5,4,2022,-1,10,3.2653061224489797,3.4693877551020407,2.979591836734694,3.020408163265306,0.9795918367346939,2.742857142857143,0.21428571428571427,-0.03571428571428574,0.21428571428571427,2.742857142857143
6987-6124,Virgil,Lippini,Male,25,Frequent Traveller,Technology,21,CA,White,Masters,Information Systems,Engineering Manager,Single,182961,0,No,2016-11-15,No,6,3,5,1,Mid,182961.0,2022-12-01,4,3,2,3,1,5,5,5,2022,0,10,3.8823529411764706,4.705882352941177,3.5,2.764705882352941,1.0294117647058822,3.176470588235294,2.806606194937811e-17,0.8999999999999997,0.7,3.176470588235294
69EC-7B13,Mariska,Iashvili,Female,27,Some Travel,Sales,1,CA,Other,High School,Technical Degree,Sales Representative,Single,62496,0,No,2015-10-27,No,7,6,6,1,Senior,62496.0,2022-08-11,4,2,4,3,1,4,3,3,2022,0,10,3.675,3.825,3.45,3.975,0.65,3.1149999999999998,-0.6000000000000001,0.3,0.2,3.1149999999999998
6A09-C910,Arri,Brooking,Male,24,Some Travel,Technology,19,CA,Mixed,Masters,Computer Science,Software Engineer,Divorced,35270,1,No,2016-08-16,No,6,0,5,2,Junior,35270.0,2022-05-22,4,2,3,2,0,2,3,2,2022,-1,10,2.8529411764705883,4.029411764705882,2.6176470588235294,2.6470588235294117,1.2352941176470589,2.6764705882352944,-0.8999999999999999,-0.9999999999999997,-0.7999999999999999,2.6764705882352944
6A2B-42DB,Catrina,Cufflin,Female,21,Frequent Traveller,Technology,41,CA,White,High School,Information Systems,Software Engineer,Married,23612,1,Yes,2022-09-28,Yes,0,0,0,0,Junior,23612.0,2022-11-24,1,3,1,3,1,1,3,2,2022,-1,10,3.1296296296296298,3.1666666666666665,3.8518518518518516,3.111111111111111,0.6666666666666666,2.7851851851851848,-0.13333333333333336,0.01666666666666664,-0.15000000000000005,2.7851851851851848
6A67-EC2C,Fionnula,Charsley,Female,23,Some Travel,Sales,21,CA,White,Masters,Marketing,Sales Executive,Single,37626,0,No,2017-02-04,No,5,4,4,2,Mid,37626.0,2022-11-27,4,3,3,3,1,4,4,4,2022,0,10,4.205882352941177,3.7941176470588234,3.4705882352941178,2.9705882352941178,0.5,2.988235294117647,-0.19999999999999993,-0.2999999999999999,-0.3999999999999999,2.988235294117647
6A8B-EC82,Averill,Dwyr,Male,26,Some Travel,Sales,24,CA,Native American,No Formal Qualifications,Marketing,Sales Executive,Single,82312,0,Yes,2015-04-11,No,7,2,7,6,Mid,82312.0,2022-01-17,4,3,5,2,0,4,4,3,2022,-1,10,2.85,3.775,2.925,3.55,0.55,2.7300000000000004,-0.3,0.2,-0.20000000000000004,2.7300000000000004
6AD1-5EE8,Donetta,Duberry,Female,24,Some Travel,Technology,12,CA,White,Bachelors,Information Systems,Data Scientist,Married,47183,1,No,2016-10-04,No,6,6,6,6,Senior,47183.0,2022-07-10,5,2,2,1,0,5,4,3,2022,-1,10,4.323529411764706,4.264705882352941,3.0,2.911764705882353,0.0,2.9,0.0,0.4999999999999999,-0.19999999999999998,2.9
6B20-FFDF,Cloris,Orgee,Female,24,No Travel,Sales,39,CA,Mixed,High School,Marketing,Sales Executive,Married,151986,1,Yes,2016-07-09,No,6,5,6,3,Senior,151986.0,2022-08-13,4,3,5,3,2,5,5,4,2022,-1,10,4.764705882352941,4.235294117647059,3.0588235294117645,4.0,1.0,3.411764705882353,0.39999999999999986,0.09999999999999998,0.09999999999999996,3.411764705882353
6B5B-8080,Maxie,Housego,Female,24,Frequent Traveller,Technology,26,CA,Pacific Islander,Masters,Other,Software Engineer,Divorced,35885,2,No,2019-04-03,No,3,1,2,2,Junior,35885.0,2022-05-15,4,5,3,3,2,4,3,3,2022,0,10,4.0,3.526315789473684,4.526315789473684,2.526315789473684,1.5263157894736843,3.221052631578947,0.9999999999999997,0.0,0.9999999999999997,3.221052631578947
6B7D-82DB,Niko,Purvess,Male,40,No Travel,Technology,15,NY,White,No Formal Qualifications,Information Systems,Analytics Manager,Single,465219,0,No,2020-08-17,No,2,2,2,0,Mid,465219.0,2022-04-08,4,5,2,3,0,2,4,3,2022,-1,10,2.0,4.0,5.0,2.0,0.0,2.6,0.0,0.0,0.0,2.6
6BAB-8D77,Josh,Tomczykowski,Male,35,Some Travel,Technology,8,CA,Black,Masters,Computer Science,Analytics Manager,Married,405965,1,No,2019-06-07,No,3,1,2,0,Junior,405965.0,2022-01-16,3,2,1,2,0,1,5,4,2022,-1,10,1.9473684210526316,3.0,3.4210526315789473,2.8947368421052633,0.47368421052631576,2.3473684210526313,-2.9999999999999996,-1.9999999999999993,-0.9999999999999997,2.3473684210526313
6BE1-09FB,Dino,Bragge,Male,25,Some Travel,Sales,29,CA,White,Masters,Marketing,Sales Executive,Married,95643,1,No,2018-05-14,No,4,0,3,1,Junior,95643.0,2022-04-17,4,5,4,2,1,2,5,5,2022,0,10,2.925925925925926,4.037037037037037,3.111111111111111,3.3703703703703702,0.9629629629629629,2.8814814814814818,1.4999999999999998,-0.9999999999999997,0.4999999999999999,2.8814814814814818
6C42-A719,Bird,Libbey,Female,22,Some Travel,Technology,37,NY,White,Bachelors,Computer Science,Data Scientist,Single,30442,0,Yes,2020-03-11,Yes,0,0,0,0,Junior,30442.0,2022-12-24,4,3,3,3,0,4,3,2,2022,-1,10,3.425925925925926,3.8333333333333335,2.8333333333333335,3.962962962962963,0.8518518518518519,2.981481481481482,0.05000000000000002,0.08333333333333336,-0.2333333333333334,2.981481481481482
6C7E-91CB,Jamie,Blazejewski,Male,28,No Travel,Sales,37,IL,White,Masters,Marketing,Sales Executive,Single,95591,0,No,2020-03-19,No,2,2,2,2,Mid,95591.0,2022-10-16,5,3,5,3,3,5,3,3,2022,0,10,5.0,5.0,3.0,5.0,3.0,4.2,0.0,0.0,0.0,4.2
6C86-3DC0,Benton,Irdale,Male,31,Some Travel,Technology,20,CA,Black,High School,Computer Science,Senior Software Engineer,Divorced,149482,1,Yes,2014-08-22,No,8,3,7,2,Mid,149482.0,2022-10-03,2,3,3,3,1,1,3,2,2022,-1,10,3.6444444444444444,3.6,3.466666666666667,3.0,1.0666666666666667,2.9555555555555557,-0.5142857142857143,-0.48571428571428577,-0.48571428571428577,2.9555555555555557
6CAD-47F0,Tommy,Cawthorn,Male,39,Some Travel,Technology,33,NY,Mixed,High School,Information Systems,Machine Learning Engineer,Married,99602,0,No,2013-10-29,No,9,5,8,4,Senior,99602.0,2022-06-05,1,2,2,3,1,3,3,2,2022,-1,10,3.9183673469387754,3.3469387755102042,3.693877551020408,3.4081632653061225,1.3061224489795917,3.1346938775510202,-0.035714285714285705,0.10714285714285711,-0.21428571428571422,3.1346938775510202
6CC9-81FC,Anatollo,Dake,Male,25,No Travel,Technology,43,CA,White,Bachelors,Computer Science,Data Scientist,Single,33086,0,No,2018-03-15,No,4,4,4,2,Mid,33086.0,2022-12-29,3,2,5,3,0,2,4,3,2022,-1,10,2.6296296296296298,3.3333333333333335,2.0,3.4444444444444446,0.2962962962962963,2.340740740740741,0.0,-0.49999999999999983,-0.9999999999999996,2.340740740740741
6D3B-AD28,Zsa zsa,Valentin,Female,25,Frequent Traveller,Sales,33,CA,White,Bachelors,Marketing,Sales Executive,Single,94810,0,No,2017-01-18,No,5,0,0,3,Junior,94810.0,2022-08-15,4,2,2,3,2,4,5,5,2022,0,10,3.323529411764706,3.9411764705882355,3.8823529411764706,2.911764705882353,1.8235294117647058,3.1764705882352944,-0.7999999999999999,0.4999999999999999,0.6999999999999998,3.1764705882352944
6DEB-F440,Viviene,Vanezis,Non-Binary,21,Some Travel,Technology,41,CA,Black,Bachelors,Computer Science,Data Scientist,Single,29793,0,Yes,2019-06-22,Yes,3,0,0,2,Junior,29793.0,2022-01-15,3,3,2,3,2,4,4,3,2022,-1,10,3.759259259259259,3.740740740740741,3.9444444444444446,3.111111111111111,0.5740740740740741,3.025925925925926,-0.05000000000000002,0.18333333333333335,-0.2333333333333334,3.025925925925926
6E61-A2BA,Adelaide,Somner,Non-Binary,24,Some Travel,Sales,41,CA,Mixed,High School,Marketing,Sales Executive,Divorced,111750,1,No,2016-06-10,No,6,4,6,2,Mid,111750.0,2022-09-02,3,2,2,1,0,3,4,3,2022,-1,10,3.5588235294117645,3.676470588235294,2.5,3.0294117647058822,0.23529411764705882,2.5999999999999996,-2.806606194937811e-17,0.3999999999999999,0.19999999999999996,2.5999999999999996
6E64-8D30,Libbey,McCreary,Female,32,Some Travel,Sales,42,CA,Mixed,Bachelors,Marketing,Sales Executive,Married,108213,0,No,2014-03-10,No,8,6,6,4,Senior,108213.0,2022-07-22,5,2,2,3,0,2,5,5,2022,0,10,2.4,3.6666666666666665,3.4,2.7333333333333334,0.8,2.6,0.17142857142857137,-0.2571428571428572,0.2857142857142857,2.6
6E7B-D50D,Anet,Dublin,Female,38,Some Travel,Technology,12,CA,White,No Formal Qualifications,Other,Senior Software Engineer,Married,253077,1,No,2013-06-15,No,9,3,3,8,Mid,253077.0,2022-02-27,3,3,4,2,1,2,4,3,2022,-1,10,3.183673469387755,4.346938775510204,2.5510204081632653,4.040816326530612,0.5714285714285714,2.9387755102040813,0.21428571428571422,-0.17857142857142855,0.035714285714285685,2.9387755102040813
6EDB-94B7,Earle,Willowby,Male,25,Some Travel,Technology,6,NY,White,Bachelors,Computer Science,Engineering Manager,Single,195911,0,No,2015-07-09,No,7,0,3,4,Junior,195911.0,2022-02-28,5,2,2,1,1,5,3,3,2022,0,10,3.775,4.45,3.0,3.275,1.1,3.12,-0.7999999999999999,0.6999999999999998,0.3,3.12
6EEF-5B17,Bo,Readitt,Non-Binary,28,Some Travel,Technology,1,CA,Mixed,High School,Business Studies,Engineering Manager,Single,339731,0,No,2015-07-14,No,7,5,7,0,Senior,339731.0,2022-08-02,4,4,3,1,1,4,3,3,2022,0,10,4.175,3.625,4.025,3.625,0.575,3.2049999999999996,0.09999999999999992,-0.10000000000000006,0.2,3.2049999999999996
6F3E-2A75,Ruby,Gurrado,Male,28,Frequent Traveller,Sales,4,CA,Black,Masters,Other,Sales Executive,Single,110839,0,No,2013-11-12,No,9,8,8,4,Senior,110839.0,2022-10-19,2,4,3,2,0,4,4,3,2022,-1,10,3.693877551020408,4.040816326530612,3.510204081632653,3.0816326530612246,0.7959183673469388,3.0244897959183676,0.14285714285714282,-0.03571428571428572,-0.46428571428571414,3.0244897959183676
6F50-08B6,Mick,Tomaschke,Male,25,Frequent Traveller,Sales,25,NY,White,No Formal Qualifications,Marketing,Sales Executive,Single,57030,0,No,2015-03-20,No,7,5,7,6,Senior,57030.0,2022-07-26,5,3,2,3,3,4,5,5,2022,0,10,3.55,4.025,2.7,3.2,1.1,2.915,-0.4,0.6000000000000001,0.5,2.915
6FA6-DBB9,Darya,Itzkovsky,Female,42,Some Travel,Sales,2,NY,White,Bachelors,Economics,Sales Executive,Divorced,260021,1,No,2021-03-22,No,1,1,1,0,Junior,260021.0,2022-06-25,4,2,1,3,1,3,3,3,2022,0,10,3.0,4.0,2.0,1.0,1.0,2.2,0.0,0.0,0.0,2.2
6FE1-C8A8,Marchall,Burnes,Male,29,Some Travel,Sales,35,NY,Black,High School,Economics,Sales Executive,Married,140962,0,Yes,2013-06-13,Yes,4,0,2,4,Junior,140962.0,2022-01-17,4,3,5,1,0,3,5,4,2022,-1,10,2.8181818181818183,3.690909090909091,3.8,3.6,0.8909090909090909,2.96,-3.176606984420245e-17,-0.2545454545454546,-0.060606060606060615,2.96
6FE3-2270,Danita,Paal,Non-Binary,31,Frequent Traveller,Sales,35,CA,White,Bachelors,Marketing,Sales Executive,Married,115982,1,No,2014-04-03,No,8,7,7,4,Senior,115982.0,2022-06-16,3,5,5,2,0,4,3,3,2022,0,10,4.355555555555555,4.022222222222222,3.6,3.8444444444444446,1.0888888888888888,3.3822222222222225,0.2571428571428572,0.05714285714285716,-0.2857142857142858,3.3822222222222225
7054-B62C,Kain,Scoates,Male,33,Frequent Traveller,Technology,32,CA,Black,No Formal Qualifications,Computer Science,Machine Learning Engineer,Married,188180,0,No,2019-04-27,No,3,1,3,3,Junior,188180.0,2022-12-23,2,3,1,3,1,2,3,2,2022,-1,10,2.0,3.4210526315789473,2.526315789473684,1.4736842105263157,0.5263157894736842,1.9894736842105263,0.9999999999999997,0.0,-1.9999999999999993,1.9894736842105263
70CB-4A9B,Rivkah,Hurdle,Non-Binary,24,Some Travel,Technology,2,CA,Black,No Formal Qualifications,Information Systems,Data Scientist,Married,28797,3,Yes,2019-03-04,No,3,0,2,1,Junior,28797.0,2022-03-03,3,5,2,2,0,4,5,4,2022,-1,10,4.0,3.0,5.0,3.4210526315789473,0.9473684210526315,3.2736842105263158,0.0,0.0,0.9999999999999997,3.2736842105263158
71CC-7412,Issi,Early,Prefer Not To Say,25,Some Travel,Technology,4,NY,White,High School,Computer Science,Engineering Manager,Single,179602,0,No,2015-03-01,No,7,6,6,6,Senior,179602.0,2022-09-04,3,3,3,2,0,4,3,3,2022,0,10,3.525,3.5,3.45,3.825,0.575,2.975,0.20000000000000004,0.5,-0.30000000000000004,2.975
7269-88EC,Cristi,Belchem,Female,28,Frequent Traveller,Technology,31,CA,White,No Formal Qualifications,Other,Senior Software Engineer,Single,176282,0,Yes,2019-04-23,Yes,2,0,1,0,Junior,176282.0,2022-10-17,5,3,2,3,2,3,4,4,2022,0,10,3.2777777777777777,3.8333333333333335,3.259259259259259,2.9444444444444446,1.3333333333333333,2.9296296296296296,0.13333333333333333,0.15000000000000005,-0.033333333333333305,2.9296296296296296
7279-6591,Bradan,Rozzier,Male,41,Some Travel,Sales,25,CA,Native American,Bachelors,Marketing,Sales Executive,Single,231843,0,Yes,2017-06-01,Yes,1,1,1,0,Junior,231843.0,2022-01-29,5,4,2,3,0,5,4,3,2022,-1,10,3.8727272727272726,4.127272727272727,3.5454545454545454,2.5454545454545454,0.4727272727272727,2.9127272727272726,0.03030303030303031,0.048484848484848506,-0.01212121212121213,2.9127272727272726
72A2-1105,Mollee,Hartop,Female,22,Some Travel,Sales,36,NY,Black,Bachelors,Marketing,Sales Executive,Single,60699,0,No,2018-03-21,No,4,0,3,0,Junior,60699.0,2022-05-19,3,5,3,2,3,3,5,4,2022,-1,10,3.3333333333333335,3.6666666666666665,4.37037037037037,2.7037037037037037,1.4074074074074074,3.096296296296296,0.49999999999999983,-4.886831086417666e-17,0.49999999999999983,3.096296296296296
72D8-2284,Othelia,Tumber,Female,20,Some Travel,Technology,41,IL,White,Bachelors,Computer Science,Data Scientist,Divorced,40701,1,No,2020-10-11,No,2,1,1,1,Junior,40701.0,2022-06-16,4,2,2,1,1,4,5,4,2022,-1,10,4.0,4.0,2.0,2.0,1.0,2.6,0.0,0.0,0.0,2.6
7335-4656,Cristy,Dumbarton,Female,45,Some Travel,Technology,14,CA,White,High School,Computer Science,Machine Learning Engineer,Divorced,223124,1,No,2013-10-02,No,9,2,3,2,Mid,223124.0,2022-04-21,3,4,5,1,0,5,4,3,2022,-1,10,3.877551020408163,3.36734693877551,3.183673469387755,3.020408163265306,0.6122448979591837,2.812244897959183,-0.17857142857142852,0.28571428571428564,0.14285714285714282,2.812244897959183
7349-CCE0,Elisabeth,Pettyfar,Female,32,Some Travel,Technology,7,CA,Mixed,Masters,Computer Science,Software Engineer,Divorced,85568,1,No,2013-07-31,No,9,7,9,1,Senior,85568.0,2022-05-28,4,3,2,2,0,3,4,3,2022,-1,10,3.4285714285714284,3.183673469387755,3.1020408163265305,2.7142857142857144,0.9183673469387755,2.669387755102041,0.17857142857142852,0.24999999999999994,-0.10714285714285711,2.669387755102041
7378-5351,Alika,Karlik,Female,35,Some Travel,Technology,43,NY,Black,No Formal Qualifications,Business Studies,Engineering Manager,Divorced,243863,1,Yes,2014-02-04,No,8,1,6,6,Junior,243863.0,2020-10-24,4,4,3,3,0,3,4,3,2020,-1,8,3.085714285714286,4.0285714285714285,3.8285714285714287,3.5714285714285716,0.6857142857142857,3.04,0.4999999999999999,-0.07142857142857137,-0.21428571428571422,3.04
73CF-4956,Hannis,Waslin,Female,32,Some Travel,Technology,42,CA,White,Masters,Computer Science,Data Scientist,Single,102022,0,No,2012-01-12,No,10,4,5,8,Mid,102022.0,2021-03-06,1,3,4,2,1,3,5,5,2021,0,9,3.088888888888889,3.1555555555555554,4.022222222222222,3.488888888888889,0.9777777777777777,2.9466666666666663,-0.15000000000000005,-0.18333333333333338,0.033333333333333354,2.9466666666666663
7486-A1B6,Ripley,Woodvine,Male,23,Some Travel,Technology,25,CA,White,High School,Information Systems,Data Scientist,Married,50570,1,No,2017-03-01,No,5,2,3,2,Mid,50570.0,2022-08-03,3,2,5,2,1,4,5,5,2022,0,10,2.823529411764706,4.147058823529412,2.911764705882353,3.1470588235294117,1.411764705882353,2.888235294117647,-0.6,0.5,-0.19999999999999984,2.888235294117647
74B4-CB7A,Eddi,Holywell,Non-Binary,26,No Travel,Human Resources,23,CA,White,Bachelors,Human Resources,HR Business Partner,Single,240035,0,Yes,2017-08-03,No,5,5,5,3,Senior,240035.0,2022-01-18,3,2,2,3,1,5,5,5,2022,0,10,3.4444444444444446,3.037037037037037,2.6296296296296298,3.5925925925925926,1.6296296296296295,2.8666666666666663,-0.49999999999999983,1.4999999999999998,1.4999999999999998,2.8666666666666663
74F3-DF3D,Lian,Ouslem,Female,25,Some Travel,Human Resources,22,NY,Black,High School,Economics,HR Executive,Divorced,49131,1,No,2015-05-30,No,7,2,6,2,Mid,49131.0,2022-06-29,4,4,5,2,0,2,4,3,2022,-1,10,2.5,3.4,3.7,3.4,0.725,2.745,-0.4000000000000001,-0.4,0.09999999999999999,2.745
757F-78FE,Timotheus,Esland,Male,25,No Travel,Technology,32,NY,Mixed,Masters,Information Systems,Machine Learning Engineer,Married,52614,1,No,2016-05-08,No,6,4,5,1,Mid,52614.0,2022-11-21,3,2,2,3,0,4,3,2,2022,-1,10,4.0588235294117645,3.9411764705882355,3.4411764705882355,3.1176470588235294,0.9117647058823529,3.0941176470588236,-0.3999999999999999,0.39999999999999986,-2.806606194937811e-17,3.0941176470588236
75CF-67E0,Andra,Stickney,Female,25,No Travel,Technology,12,NY,Black,High School,Information Systems,Data Scientist,Divorced,28926,2,Yes,2018-03-06,No,4,1,3,4,Junior,28926.0,2022-10-16,5,4,5,1,0,4,3,2,2022,-1,10,4.333333333333333,4.407407407407407,2.740740740740741,3.740740740740741,1.2962962962962963,3.303703703703704,1.0,-6.988925454103805e-17,-0.4999999999999999,3.303703703703704
7623-9AF1,Sosanna,Armstrong,Female,26,Some Travel,Technology,18,CA,Mixed,Bachelors,Information Systems,Data Scientist,Married,46809,1,No,2017-06-29,No,5,0,0,2,Junior,46809.0,2019-09-15,3,4,2,2,2,3,5,4,2019,-1,7,2.388888888888889,3.3333333333333335,3.388888888888889,2.9444444444444446,1.0555555555555556,2.6222222222222222,0.49999999999999983,0.49999999999999983,0.9999999999999997,2.6222222222222222
763B-DE6E,Nat,Fettes,Prefer Not To Say,23,Some Travel,Technology,32,CA,White,Masters,Computer Science,Software Engineer,Divorced,23041,1,Yes,2017-06-30,No,5,1,5,3,Junior,23041.0,2018-01-12,3,4,2,1,0,2,3,3,2018,0,6,2.2666666666666666,3.6,3.466666666666667,3.533333333333333,0.8,2.7333333333333334,0.9999999999999996,-0.49999999999999983,0.49999999999999983,2.7333333333333334
7696-E50D,Mignonne,Dalton,Female,21,Some Travel,Technology,1,NY,White,Masters,Information Systems,Software Engineer,Married,34133,0,Yes,2020-05-30,No,2,2,2,1,Mid,34133.0,2022-12-25,2,4,3,1,1,2,5,5,2022,0,10,2.0,2.0,4.0,3.0,1.0,2.4,0.0,0.0,0.0,2.4
76FD-F574,Chucho,Herries,Male,35,Some Travel,Technology,19,NY,White,Masters,Computer Science,Machine Learning Engineer,Married,286432,1,No,2021-03-03,No,1,0,1,0,Junior,286432.0,2022-06-10,3,5,3,3,2,4,5,5,2022,0,10,4.0,3.0,5.0,3.0,2.0,3.4,0.0,0.0,0.0,3.4
7749-B277,Caryl,Roycroft,Male,24,Some Travel,Human Resources,1,IL,Mixed,Doctorate,Human Resources,HR Executive,Married,44634,0,No,2017-04-25,Yes,4,3,3,2,Mid,44634.0,2022-02-27,4,5,2,3,1,3,5,5,2022,0,10,3.4727272727272727,4.036363636363636,3.1636363636363636,2.4545454545454546,0.8909090909090909,2.8036363636363637,0.042424242424242434,-0.21818181818181817,-0.012121212121212126,2.8036363636363637
774E-685D,Joachim,Popplestone,Male,30,Some Travel,Sales,42,CA,White,Masters,Marketing,Sales Executive,Single,148862,0,Yes,2013-11-03,Yes,2,0,1,1,Junior,148862.0,2022-01-09,3,2,5,1,1,2,3,2,2022,-1,10,3.3636363636363638,3.5454545454545454,3.7818181818181817,3.8727272727272726,0.8727272727272727,3.0872727272727274,-0.0787878787878788,-0.09090909090909093,-0.17575757575757578,3.0872727272727274
776A-CDBC,Catharina,Sandle,Female,26,Some Travel,Sales,4,NY,Black,High School,Economics,Sales Executive,Married,82147,2,No,2016-12-05,No,6,2,4,3,Mid,82147.0,2022-12-18,3,1,4,1,1,3,3,2,2022,-1,10,4.176470588235294,3.235294117647059,2.411764705882353,3.6176470588235294,0.9705882352941176,2.8823529411764706,-0.5999999999999999,-0.5,0.19999999999999984,2.8823529411764706
7805-8A7C,Agna,Grinnov,Non-Binary,28,Some Travel,Technology,15,CA,Pacific Islander,Masters,Computer Science,Engineering Manager,Single,337046,0,No,2018-07-08,No,4,3,4,0,Mid,337046.0,2022-01-08,2,3,1,3,2,4,3,2,2022,-1,10,3.3703703703703702,2.3333333333333335,3.074074074074074,3.2222222222222223,0.7407407407407407,2.5481481481481483,0.9999999999999996,0.49999999999999983,-0.9999999999999996,2.5481481481481483
7816-BF57,Noak,Pointing,Male,37,Some Travel,Sales,22,CA,White,Masters,Marketing,Sales Executive,Divorced,92483,1,Yes,2014-06-23,No,8,5,5,3,Senior,92483.0,2022-02-24,5,5,4,1,2,5,4,3,2022,-1,10,3.7333333333333334,4.288888888888889,3.511111111111111,4.133333333333334,1.1555555555555554,3.3644444444444446,0.028571428571428602,-0.2571428571428572,-0.34285714285714286,3.3644444444444446
781E-4257,Pepi,Clift,Female,21,Some Travel,Technology,39,NY,White,High School,Information Systems,Machine Learning Engineer,Single,63201,0,No,2020-12-13,No,2,2,2,2,Mid,63201.0,2022-09-05,3,2,5,1,1,4,5,4,2022,-1,10,4.0,3.0,2.0,5.0,1.0,3.0,0.0,0.0,0.0,3.0
781F-6C21,Eugenio,Sempill,Male,43,Frequent Traveller,Sales,21,NY,White,Bachelors,Marketing,Manager,Divorced,327587,1,Yes,2020-02-25,No,2,1,1,1,Junior,327587.0,2022-07-06,5,5,4,3,1,5,5,4,2022,-1,10,5.0,5.0,5.0,4.0,1.0,4.0,0.0,0.0,0.0,4.0
7823-0217,Germaine,Clubley,Non-Binary,25,Frequent Traveller,Sales,43,CA,White,Masters,Marketing,Sales Executive,Married,81889,0,Yes,2018-11-02,Yes,0,0,0,0,Junior,81889.0,2022-02-27,4,2,4,3,1,4,4,3,2022,-1,10,3.0555555555555554,4.092592592592593,2.4074074074074074,3.6481481481481484,0.35185185185185186,2.7111111111111112,-0.13333333333333336,0.05,-0.13333333333333336,2.7111111111111112
7839-CA12,Orella,Chappelle,Female,23,Some Travel,Sales,16,CA,White,Bachelors,Marketing,Sales Representative,Single,23794,0,No,2017-03-25,Yes,1,0,0,0,Junior,23794.0,2022-01-10,4,2,4,3,3,4,3,3,2022,0,10,3.1454545454545455,3.4363636363636365,3.8727272727272726,3.381818181818182,1.3818181818181818,3.043636363636364,-0.018181818181818226,0.09696969696969698,-0.03030303030303031,3.043636363636364
7845-EF8F,Marshal,Goodbur,Male,27,Some Travel,Technology,6,CA,Mixed,Bachelors,Information Systems,Engineering Manager,Married,292500,3,No,2016-09-25,No,6,5,6,2,Senior,292500.0,2022-09-03,4,2,4,3,1,4,4,3,2022,-1,10,3.764705882352941,4.5,2.5294117647058822,3.5,1.6470588235294117,3.1882352941176473,0.19999999999999993,0.10000000000000003,0.19999999999999996,3.1882352941176473
78C8-02B8,Josepha,Revey,Female,22,Some Travel,Technology,26,CA,Mixed,Bachelors,Information Systems,Software Engineer,Single,24208,0,No,2019-01-09,No,3,1,3,2,Junior,24208.0,2022-03-23,4,4,4,3,2,4,5,4,2022,-1,10,4.0,3.0526315789473686,2.5789473684210527,2.5789473684210527,1.5263157894736843,2.7473684210526317,2.9999999999999996,0.0,0.0,2.7473684210526317
7961-A93B,Jerome,Maden,Male,29,Some Travel,Technology,3,CA,White,Bachelors,Computer Science,Analytics Manager,Single,393103,0,Yes,2016-03-30,No,6,4,4,5,Mid,393103.0,2022-03-18,3,2,5,1,1,4,4,3,2022,-1,10,3.3823529411764706,3.4411764705882355,2.5294117647058822,4.029411764705882,0.9705882352941176,2.8705882352941177,0.19999999999999993,0.8999999999999999,2.806606194937811e-17,2.8705882352941177
79C5-FE9D,Kerstin,Sponton,Non-Binary,28,Some Travel,Technology,5,CA,White,Bachelors,Information Systems,Machine Learning Engineer,Married,140377,1,Yes,2015-06-02,No,7,2,7,5,Mid,140377.0,2022-08-18,3,3,2,3,2,2,5,4,2022,-1,10,3.675,3.225,2.625,2.95,0.7,2.6350000000000002,0.10000000000000003,-0.5,0.0,2.6350000000000002
79D0-C935,Madelle,Robak,Female,27,Some Travel,Technology,26,NY,White,No Formal Qualifications,Information Systems,Software Engineer,Single,37423,0,Yes,2016-09-30,No,6,4,4,2,Mid,37423.0,2022-01-14,5,4,4,3,0,5,3,3,2022,0,10,4.294117647058823,4.117647058823529,3.5294117647058822,3.4705882352941178,1.0294117647058822,3.2882352941176465,0.19999999999999993,0.29999999999999993,-0.29999999999999993,3.2882352941176465
79E4-6632,Tailor,Cansfield,Male,23,Some Travel,Technology,45,CA,Asian,High School,Computer Science,Software Engineer,Married,37322,1,No,2017-03-28,No,5,3,3,3,Mid,37322.0,2022-01-07,5,3,2,3,0,3,3,2,2022,-1,10,3.264705882352941,3.8529411764705883,3.676470588235294,3.3823529411764706,0.7647058823529411,2.988235294117647,-0.4999999999999999,0.09999999999999992,-0.5999999999999998,2.988235294117647
79F3-8AA5,Lacy,Domerc,Female,47,Some Travel,Human Resources,21,NY,Mixed,Bachelors,Marketing,HR Executive,Single,98608,0,No,2012-02-14,No,10,5,10,4,Senior,98608.0,2021-12-30,4,3,3,3,1,4,3,2,2021,-1,9,3.8043478260869565,3.9565217391304346,3.391304347826087,3.239130434782609,0.9130434782608695,3.060869565217391,0.03571428571428573,0.2023809523809524,-0.11904761904761911,3.060869565217391
79F7-78EC,Alessandra,Storrock,Non-Binary,27,Some Travel,Sales,37,CA,White,Masters,Marketing,Sales Executive,Single,141998,0,Yes,2013-12-14,Yes,5,5,5,1,Senior,141998.0,2021-12-31,3,3,5,1,0,4,3,2,2021,-1,9,3.641509433962264,3.5849056603773586,3.1132075471698113,4.0,0.4528301886792453,2.958490566037736,0.030303030303030318,-0.042424242424242406,-0.09090909090909093,2.958490566037736
7A1F-F1A3,Dunstan,Whife,Male,23,Some Travel,Sales,32,CA,White,Bachelors,Economics,Sales Executive,Single,84558,0,No,2019-12-30,No,3,3,3,2,Mid,84558.0,2014-08-30,5,5,5,2,1,4,5,5,2014,0,2,4.0,5.0,5.0,5.0,1.0,4.0,0.0,0.0,0.0,4.0
7A2A-0600,Axel,McIlhatton,Male,24,Frequent Traveller,Technology,36,CA,White,Bachelors,Computer Science,Software Engineer,Divorced,30233,3,No,2018-11-20,No,4,0,4,0,Junior,30233.0,2017-11-10,4,2,3,2,0,3,4,3,2017,-1,5,3.4444444444444446,4.0,2.4444444444444446,2.5555555555555554,0.4444444444444444,2.577777777777778,-0.9999999999999997,-0.9999999999999997,0.0,2.577777777777778
7A5A-CC91,Anabal,Parkhouse,Female,23,Some Travel,Sales,12,NY,Black,Masters,Marketing,Sales Executive,Single,45024,0,No,2018-10-17,No,4,0,1,0,Junior,45024.0,2021-08-20,5,5,2,2,3,4,4,4,2021,0,9,3.0416666666666665,4.666666666666667,4.416666666666667,3.2083333333333335,1.4583333333333333,3.3583333333333334,0.9999999999999997,0.4999999999999999,0.0,3.3583333333333334
7A8C-2DD3,Harley,Dootson,Female,30,Some Travel,Sales,35,CA,White,Bachelors,Other,Sales Executive,Single,160352,0,No,2013-10-18,No,9,0,5,4,Junior,160352.0,2022-07-31,4,2,2,2,0,5,5,4,2022,-1,10,3.9183673469387754,4.3061224489795915,2.857142857142857,3.0816326530612246,1.4081632653061225,3.114285714285714,-0.25,0.10714285714285714,0.03571428571428571,3.114285714285714
7A98-768E,Ericha,Tomczykowski,Female,18,Some Travel,Sales,20,CA,White,Bachelors,Technical Degree,Sales Executive,Single,58523,0,No,2022-01-25,Yes,0,0,0,0,Junior,58523.0,2022-04-15,5,2,4,1,1,3,5,5,2022,0,10,3.1296296296296298,3.814814814814815,3.111111111111111,3.7222222222222223,0.6666666666666666,2.888888888888889,-0.3000000000000001,-0.08333333333333336,0.016666666666666673,2.888888888888889
7AA0-5766,Devin,Bernhardsson,Female,22,Frequent Traveller,Technology,28,CA,White,Masters,Computer Science,Data Scientist,Married,63571,1,No,2021-12-28,Yes,0,0,0,0,Junior,63571.0,2022-07-26,5,4,2,3,0,5,3,3,2022,0,10,3.259259259259259,3.5,3.3518518518518516,2.537037037037037,0.7592592592592593,2.6814814814814816,-0.08333333333333336,-0.06666666666666668,-0.20000000000000004,2.6814814814814816
7B30-BAC8,Ferdy,Geggus,Male,50,Frequent Traveller,Technology,38,NY,White,Masters,Information Systems,Machine Learning Engineer,Married,366078,0,No,2021-03-25,No,1,0,0,1,Junior,366078.0,2022-03-28,4,5,2,1,3,4,3,3,2022,0,10,4.0,4.0,5.0,2.0,3.0,3.6,0.0,0.0,0.0,3.6
7B47-C915,Grayce,Caesar,Female,36,Some Travel,Sales,23,CA,Mixed,Masters,Marketing,Sales Executive,Single,195502,0,No,2014-02-23,No,8,0,3,0,Junior,195502.0,2021-05-09,5,4,5,1,1,4,3,3,2021,0,9,3.6923076923076925,3.9743589743589745,3.8205128205128207,3.4358974358974357,0.8974358974358975,3.1641025641025644,0.34285714285714297,0.05714285714285713,-0.05714285714285717,3.1641025641025644
7B96-B655,Jonah,Chatwood,Male,24,No Travel,Technology,18,NY,Mixed,Bachelors,Computer Science,Data Scientist,Divorced,104807,1,No,2019-08-11,No,3,0,0,1,Junior,104807.0,2022-04-27,4,5,2,1,1,2,4,4,2022,0,10,2.473684210526316,4.0,3.5789473684210527,3.4210526315789473,1.0,2.894736842105263,2.9999999999999996,-0.9999999999999997,-0.9999999999999997,2.894736842105263
7B9D-8612,Gizela,Pauncefoot,Female,32,Some Travel,Sales,9,IL,White,High School,Marketing,Sales Executive,Divorced,133865,1,Yes,2013-03-12,No,9,3,3,0,Mid,133865.0,2022-10-30,4,2,5,2,1,2,5,4,2022,-1,10,3.306122448979592,3.2653061224489797,3.4285714285714284,3.816326530612245,0.5918367346938775,2.8816326530612244,-0.24999999999999992,-0.46428571428571414,-0.03571428571428571,2.8816326530612244
7BA2-EBDE,Borden,McGuiness,Male,31,No Travel,Sales,6,NY,White,Masters,Marketing,Manager,Single,321244,0,Yes,2020-03-16,No,2,2,2,0,Mid,321244.0,2022-04-30,4,3,3,3,0,3,5,4,2022,-1,10,3.0,4.0,3.0,3.0,0.0,2.6,0.0,0.0,0.0,2.6
7BD4-7BFB,Kerr,Sporner,Male,27,Some Travel,Technology,19,IL,Native American,Masters,Computer Science,Software Engineer,Divorced,25276,1,No,2015-01-22,No,7,6,7,1,Senior,25276.0,2018-04-10,3,5,5,3,2,4,4,4,2018,0,6,3.85,3.55,3.55,3.75,0.95,3.13,0.7000000000000001,0.09999999999999996,0.0,3.13
7C80-94E0,Celie,Jedrys,Female,33,Some Travel,Technology,36,CA,Asian,Bachelors,Computer Science,Machine Learning Engineer,Single,88726,0,No,2013-01-01,No,9,8,8,6,Senior,88726.0,2022-03-13,4,3,2,1,0,5,5,5,2022,0,10,3.75,3.519230769230769,3.519230769230769,3.2115384615384617,0.6730769230769231,2.934615384615385,0.023809523809523794,0.15476190476190482,0.04761904761904763,2.934615384615385
7CDB-25C4,Isaac,Tomini,Male,22,Some Travel,Technology,40,NY,White,Bachelors,Information Systems,Senior Software Engineer,Married,54114,1,Yes,2020-11-18,No,2,0,1,1,Junior,54114.0,2022-04-26,4,5,5,2,1,5,4,4,2022,0,10,5.0,4.0,5.0,5.0,1.0,4.0,0.0,0.0,0.0,4.0
7CFC-C4DA,Brant,Damper,Male,21,Some Travel,Technology,44,CA,White,High School,Other,Data Scientist,Single,32676,0,Yes,2022-04-20,Yes,0,0,0,0,Junior,32676.0,2022-04-13,3,4,5,1,0,3,4,3,2022,-1,10,3.537037037037037,3.4814814814814814,3.8703703703703702,3.388888888888889,0.5740740740740741,2.9703703703703708,-0.016666666666666684,-0.11666666666666667,0.03333333333333334,2.9703703703703708
7D2D-3831,Davon,Swetland,Male,25,Some Travel,Technology,16,NY,Black,Bachelors,Information Systems,Data Scientist,Divorced,37742,1,No,2017-12-12,No,5,1,3,3,Junior,37742.0,2022-02-11,4,2,2,1,1,5,4,4,2022,0,10,3.4444444444444446,3.7037037037037037,2.6296296296296298,2.2962962962962963,0.37037037037037035,2.488888888888889,-0.49999999999999983,1.4999999999999998,1.0,2.488888888888889
7D95-B5B1,Glenna,Blackston,Female,25,Some Travel,Technology,28,CA,White,Masters,Computer Science,Senior Software Engineer,Single,70737,0,No,2018-07-06,No,4,3,3,3,Mid,70737.0,2022-10-06,3,3,5,1,1,3,3,3,2022,0,10,3.0,3.925925925925926,3.259259259259259,4.37037037037037,1.037037037037037,3.1185185185185182,-0.9999999999999993,0.0,-0.49999999999999983,3.1185185185185182
7DA1-A202,Gene,Sends,Female,24,Some Travel,Technology,18,CA,Mixed,Masters,Computer Science,Data Scientist,Divorced,28539,2,No,2018-09-02,No,4,1,2,1,Junior,28539.0,2022-02-22,4,4,2,2,2,5,3,2,2022,-1,10,3.4444444444444446,3.6666666666666665,3.074074074074074,2.2962962962962963,1.962962962962963,2.888888888888889,0.9999999999999997,1.4999999999999998,-1.4999999999999991,2.888888888888889
7DD6-128C,Auguste,Windsor,Female,32,No Travel,Sales,2,CA,Black,Masters,Marketing,Sales Executive,Divorced,114246,1,No,2014-07-26,No,8,3,6,5,Mid,114246.0,2022-11-17,2,2,3,1,0,2,4,4,2022,0,10,2.888888888888889,4.044444444444444,2.3555555555555556,3.4,0.8,2.697777777777778,0.05714285714285716,-0.2857142857142857,-0.028571428571428567,2.697777777777778
7E76-154C,Lorrayne,Pinnington,Female,25,Some Travel,Technology,40,NY,White,Bachelors,Business Studies,Machine Learning Engineer,Married,75250,1,No,2018-09-20,No,4,1,4,0,Junior,75250.0,2019-08-15,3,4,3,2,1,4,4,4,2019,0,7,4.333333333333333,3.3333333333333335,3.4444444444444446,3.3333333333333335,0.6666666666666666,3.022222222222222,0.9999999999999996,-6.988925454103805e-17,0.49999999999999983,3.022222222222222
7EE7-2C43,Tobye,Dietmar,Female,29,Some Travel,Technology,9,NY,Black,Masters,Computer Science,Data Scientist,Single,48321,0,Yes,2013-10-26,Yes,7,2,3,2,Mid,48321.0,2022-03-06,3,4,5,2,0,5,4,3,2022,-1,10,3.581818181818182,3.4909090909090907,2.9272727272727272,3.109090909090909,1.2545454545454546,2.8727272727272726,0.08484848484848488,0.12121212121212123,-0.12121212121212123,2.8727272727272726
7EEF-9A90,Sheryl,Bridell,Female,23,Some Travel,Sales,18,NY,Other,Masters,Technical Degree,Sales Executive,Married,83677,1,Yes,2017-07-10,No,5,0,5,3,Junior,83677.0,2015-04-27,5,3,3,2,0,5,5,4,2015,-1,3,4.166666666666667,5.0,3.1666666666666665,4.0,0.5,3.366666666666667,0.4999999999999998,0.4999999999999999,0.0,3.366666666666667
7EF0-2BF4,Ulrike,Seakes,Female,40,Some Travel,Sales,5,NY,White,Masters,Marketing,Manager,Married,267834,0,No,2019-04-10,No,3,3,3,0,Mid,267834.0,2022-04-24,4,5,3,3,1,4,4,3,2022,-1,10,4.473684210526316,4.0,5.0,2.526315789473684,1.0,3.4,0.0,-0.9999999999999997,-1.9999999999999993,3.4
7F1C-20B8,Page,Sculpher,Female,39,Some Travel,Technology,10,CA,Mixed,High School,Information Systems,Data Scientist,Divorced,65796,1,No,2013-07-02,No,9,9,9,5,Senior,65796.0,2022-01-20,5,3,4,2,1,4,5,5,2022,0,10,3.3877551020408165,3.9591836734693877,3.877551020408163,3.2653061224489797,0.40816326530612246,2.979591836734694,-0.21428571428571427,-0.07142857142857141,0.10714285714285711,2.979591836734694
7F24-55A3,Boyce,Heditch,Male,23,Some Travel,Technology,17,NY,White,Bachelors,Information Systems,Machine Learning Engineer,Married,80236,0,No,2020-11-03,No,2,0,2,1,Junior,80236.0,2022-01-16,4,2,2,1,2,3,3,2,2022,-1,10,3.0,4.0,2.0,2.0,2.0,2.6,0.0,0.0,0.0,2.6
7F5B-92AD,Urbano,Hinckes,Male,27,Some Travel,Technology,43,CA,White,Masters,Computer Science,Senior Software Engineer,Single,105702,0,No,2019-03-30,No,3,3,3,1,Mid,105702.0,2022-12-12,3,4,1,2,3,3,4,4,2022,0,10,3.9473684210526314,3.0,3.0526315789473686,1.9473684210526316,1.5789473684210527,2.705263157894737,1.9999999999999993,-1.9999999999999993,0.0,2.705263157894737
7F61-2397,Felicdad,Seakin,Non-Binary,41,No Travel,Technology,26,CA,White,Masters,Computer Science,Analytics Manager,Married,283081,1,Yes,2018-09-03,Yes,4,1,3,2,Junior,283081.0,2022-09-25,5,5,3,2,0,3,4,3,2022,-1,10,3.0185185185185186,3.814814814814815,3.6481481481481484,2.9444444444444446,0.8333333333333334,2.851851851851852,0.08333333333333336,-0.08333333333333337,0.01666666666666666,2.851851851851852
7F91-C628,Bertie,Suthren,Non-Binary,36,Frequent Traveller,Technology,14,IL,White,No Formal Qualifications,Information Systems,Data Scientist,Single,43358,0,No,2013-05-07,No,9,0,9,5,Junior,43358.0,2022-10-25,5,5,5,1,0,2,4,4,2022,0,10,2.816326530612245,3.938775510204082,3.4285714285714284,3.0,1.9591836734693877,3.028571428571429,0.25,0.17857142857142855,8.04955404479146e-19,3.028571428571429
7FA1-BC64,Curry,Bramah,Male,19,Some Travel,Technology,7,CA,White,Bachelors,Information Systems,Software Engineer,Single,30896,0,Yes,2021-03-17,Yes,1,0,0,0,Junior,30896.0,2022-11-02,4,5,5,3,0,4,3,2,2022,-1,10,3.1666666666666665,4.2592592592592595,3.7037037037037037,4.055555555555555,0.8148148148148148,3.2,0.3333333333333334,0.15000000000000002,-0.23333333333333336,3.2
7FFD-C810,Claresta,Impy,Female,32,Some Travel,Technology,22,IL,White,High School,Other,Data Scientist,Married,75821,1,No,2012-01-30,No,10,1,5,1,Junior,75821.0,2022-11-20,4,3,2,1,2,4,4,4,2022,0,10,3.25,4.211538461538462,2.8846153846153846,3.730769230769231,0.9038461538461539,2.996153846153846,-0.29761904761904767,-3.068209645120182e-17,-0.07142857142857148,2.996153846153846
801C-89BF,Maren,Tizard,Female,24,Some Travel,Technology,5,NY,Asian,High School,Information Systems,Data Scientist,Divorced,46151,1,No,2016-11-12,No,6,4,6,2,Mid,46151.0,2022-05-13,3,3,4,3,0,3,5,5,2022,0,10,3.7058823529411766,3.764705882352941,2.764705882352941,4.5,0.9117647058823529,3.1294117647058823,0.10000000000000003,-0.29999999999999993,0.29999999999999993,3.1294117647058823
8026-658D,Dana,Lobb,Male,36,Some Travel,Technology,28,NY,Black,Bachelors,Information Systems,Machine Learning Engineer,Married,174019,1,Yes,2013-03-07,No,9,8,9,1,Senior,174019.0,2022-06-25,5,5,4,1,2,3,5,4,2022,-1,10,3.326530612244898,3.6122448979591835,3.9183673469387754,3.4693877551020407,0.8979591836734694,3.0448979591836736,0.10714285714285711,-0.17857142857142852,0.17857142857142852,3.0448979591836736
806F-B986,Judie,Lowndsborough,Female,24,Some Travel,Technology,26,IL,White,High School,Information Systems,Machine Learning Engineer,Married,93490,1,Yes,2016-11-24,No,6,4,5,6,Mid,93490.0,2022-07-19,2,4,2,2,0,4,3,2,2022,-1,10,4.088235294117647,3.4411764705882355,3.3823529411764706,3.176470588235294,1.1176470588235294,3.041176470588235,0.8999999999999999,0.5999999999999999,-0.09999999999999996,3.041176470588235
8078-6154,Hattie,Algeo,Female,26,Some Travel,Sales,29,NY,White,No Formal Qualifications,Marketing,Manager,Married,172070,1,No,2017-04-09,No,5,4,4,3,Mid,172070.0,2022-11-19,3,4,2,3,1,3,3,2,2022,-1,10,3.0294117647058822,3.9705882352941178,4.088235294117647,2.7941176470588234,0.9705882352941176,2.9705882352941178,0.5999999999999999,0.19999999999999998,-0.3999999999999999,2.9705882352941178
80BE-E2B5,Jill,Hellewell,Female,29,Some Travel,Technology,29,CA,Mixed,Bachelors,Computer Science,Senior Software Engineer,Single,110744,0,No,2014-03-02,No,8,8,8,1,Senior,110744.0,2022-09-20,2,2,4,3,2,4,5,5,2022,0,10,4.111111111111111,2.7777777777777777,2.7777777777777777,3.577777777777778,1.6888888888888889,2.9866666666666664,-0.5714285714285715,-0.1428571428571428,0.3142857142857143,2.9866666666666664
817D-28CE,Bert,Otton,Female,22,Frequent Traveller,Technology,30,NY,White,Bachelors,Computer Science,Data Scientist,Divorced,40614,1,Yes,2020-07-29,Yes,0,0,0,0,Junior,40614.0,2022-10-08,5,5,4,1,2,5,3,2,2022,-1,10,4.037037037037037,3.685185185185185,3.685185185185185,3.7222222222222223,0.9629629629629629,3.2185185185185183,0.11666666666666667,0.13333333333333333,-0.3166666666666667,3.2185185185185183
8182-6AE6,Wandis,Needs,Female,25,Some Travel,Sales,32,NY,White,High School,Marketing,Sales Executive,Married,82357,1,Yes,2020-02-03,No,2,2,2,2,Mid,82357.0,2022-08-09,4,5,2,2,0,3,3,2,2022,-1,10,3.0,4.0,5.0,2.0,0.0,2.8,0.0,0.0,0.0,2.8
81BE-17CD,Frederick,Cheley,Male,30,Frequent Traveller,Technology,33,CA,White,High School,Computer Science,Data Scientist,Single,35126,0,Yes,2013-12-18,No,9,1,5,5,Junior,35126.0,2022-05-22,3,3,4,1,1,2,3,3,2022,0,10,3.2653061224489797,4.061224489795919,3.2448979591836733,3.122448979591837,0.46938775510204084,2.83265306122449,0.17857142857142852,-0.035714285714285705,-0.17857142857142852,2.83265306122449
81C2-E188,Nada,Finlator,Female,19,Some Travel,Human Resources,1,CA,White,Bachelors,Human Resources,HR Executive,Single,41958,1,No,2021-03-09,No,1,1,1,0,Junior,41958.0,2022-01-26,2,2,1,3,0,3,5,5,2022,0,10,3.0,2.0,2.0,1.0,0.0,1.6,0.0,0.0,0.0,1.6
81F1-950F,Sapphire,Prayer,Female,25,Some Travel,Technology,26,NY,White,Masters,Computer Science,Analytics Manager,Divorced,174400,1,No,2018-04-28,No,4,0,2,4,Junior,174400.0,2022-08-16,5,2,4,3,1,2,4,3,2022,-1,10,3.888888888888889,4.037037037037037,3.888888888888889,3.6296296296296298,0.6666666666666666,3.2222222222222223,-1.4999999999999998,-1.4999999999999998,0.49999999999999983,3.2222222222222223
81FF-8D6C,Mireielle,Gabbitis,Female,24,Some Travel,Sales,13,CA,Black,Bachelors,Economics,Sales Representative,Single,24095,0,No,2018-04-28,Yes,2,2,2,1,Mid,24095.0,2022-03-23,5,3,3,2,3,4,4,3,2022,-1,10,3.6545454545454548,3.6,3.4363636363636365,3.690909090909091,1.5636363636363637,3.1890909090909094,0.09090909090909091,0.10303030303030306,-0.006060606060606059,3.1890909090909094
8233-2483,Sheba,McCromley,Female,35,Some Travel,Human Resources,7,CA,Mixed,Bachelors,Marketing,Recruiter,Divorced,47995,3,Yes,2012-03-12,No,10,5,6,3,Senior,47995.0,2022-03-13,4,3,3,2,0,2,4,4,2022,0,10,2.826923076923077,3.730769230769231,3.4615384615384617,3.576923076923077,1.2692307692307692,2.973076923076923,-0.20238095238095244,0.25000000000000006,0.08333333333333336,2.973076923076923
825E-0B3A,Kris,Barnes,Male,30,Some Travel,Technology,26,NY,White,Bachelors,Information Systems,Machine Learning Engineer,Divorced,94791,1,No,2013-12-27,No,9,9,9,0,Senior,94791.0,2022-10-03,2,2,2,2,1,2,5,5,2022,0,10,3.122448979591837,3.489795918367347,3.2857142857142856,3.2857142857142856,0.8367346938775511,2.8040816326530615,2.219676968008671e-17,-0.03571428571428574,0.10714285714285711,2.8040816326530615
8291-DE04,Ring,Miles,Non-Binary,23,Frequent Traveller,Technology,26,CA,White,High School,Information Systems,Data Scientist,Single,31342,0,No,2019-03-22,No,3,0,3,0,Junior,31342.0,2022-11-08,3,5,5,3,0,3,3,3,2022,0,10,2.526315789473684,2.0526315789473686,3.5789473684210527,3.5789473684210527,0.9473684210526315,2.5368421052631582,2.9999999999999996,0.9999999999999997,0.0,2.5368421052631582
8292-6635,Hy,Goodin,Male,26,Some Travel,Sales,14,IL,White,Masters,Marketing,Sales Executive,Single,127450,0,No,2015-07-11,No,7,0,0,1,Junior,127450.0,2022-11-18,5,4,5,2,0,3,4,3,2022,-1,10,2.8,4.625,3.625,3.925,0.825,3.16,0.09999999999999999,-1.286579381531857e-17,0.10000000000000003,3.16
82B4-8569,Adrian,Swatman,Male,44,Some Travel,Sales,44,CA,Mixed,Bachelors,Marketing,Manager,Divorced,313891,1,No,2018-12-23,No,4,4,4,3,Mid,313891.0,2022-02-27,3,3,5,3,1,4,4,3,2022,-1,10,3.0526315789473686,3.0,3.9473684210526314,3.5789473684210527,0.5263157894736842,2.8210526315789477,-1.9999999999999993,1.9999999999999993,-1.9999999999999993,2.8210526315789477
8328-A764,Granger,Kenworthey,Male,24,Some Travel,Technology,17,NY,Mixed,Masters,Other,Software Engineer,Married,30720,1,No,2017-09-09,No,5,4,5,4,Mid,30720.0,2022-11-18,3,5,3,3,0,4,5,4,2022,-1,10,4.0,3.2962962962962963,3.111111111111111,3.6666666666666665,0.6296296296296297,2.9407407407407407,1.4999999999999998,0.0,0.49999999999999983,2.9407407407407407
8365-EB74,Umberto,Wallentin,Male,40,Frequent Traveller,Technology,14,CA,Asian,High School,Information Systems,Data Scientist,Married,43854,1,No,2013-08-19,No,9,4,9,2,Mid,43854.0,2022-10-08,5,4,4,1,0,5,3,3,2022,0,10,4.183673469387755,4.0,3.4489795918367347,3.7142857142857144,1.3673469387755102,3.342857142857143,-0.21428571428571427,0.07142857142857141,0.07142857142857142,3.342857142857143
8369-ED26,Randie,Tolliday,Prefer Not To Say,25,No Travel,Technology,19,NY,Asian,High School,Information Systems,Machine Learning Engineer,Divorced,83894,1,No,2018-06-30,No,4,2,2,3,Mid,83894.0,2022-09-14,2,4,4,2,0,2,4,3,2022,-1,10,2.925925925925926,3.2962962962962963,3.074074074074074,3.962962962962963,0.2962962962962963,2.7111111111111112,0.9999999999999997,-0.9999999999999997,0.49999999999999983,2.7111111111111112
8373-07C6,Inge,Bullon,Female,25,Some Travel,Technology,21,CA,White,Masters,Information Systems,Engineering Manager,Married,261970,1,Yes,2017-07-31,No,5,4,4,3,Mid,261970.0,2022-04-11,3,3,2,2,1,5,3,3,2022,0,10,3.7037037037037037,3.925925925925926,4.2592592592592595,3.5925925925925926,0.7037037037037037,3.2370370370370365,-0.9999999999999997,0.5000000000000001,0.0,3.2370370370370365
83FD-F920,Yorgo,Clappison,Male,25,Some Travel,Technology,41,CA,White,No Formal Qualifications,Computer Science,Data Scientist,Married,28137,0,Yes,2016-01-10,Yes,4,3,3,1,Mid,28137.0,2022-02-11,5,4,3,2,1,4,4,4,2022,0,10,3.3636363636363638,4.527272727272727,3.618181818181818,3.327272727272727,1.2727272727272727,3.2218181818181817,0.01212121212121213,-0.09090909090909093,0.21212121212121213,3.2218181818181817
8462-E88A,Renault,Dobbyn,Male,25,Some Travel,Human Resources,18,NY,Black,Masters,Marketing,HR Business Partner,Single,190466,0,No,2017-03-26,No,5,2,2,5,Mid,190466.0,2021-12-31,4,2,5,2,3,5,4,4,2021,0,9,3.78125,3.78125,3.90625,3.59375,1.34375,3.28125,-0.7999999999999999,0.1,0.6999999999999997,3.28125
84AD-D566,Ashien,Villa,Female,22,Some Travel,Technology,16,CA,Native American,Bachelors,Business Studies,Software Engineer,Single,30838,0,No,2018-02-16,No,4,4,4,0,Mid,30838.0,2022-08-06,3,5,4,1,1,5,4,3,2022,-1,10,4.703703703703703,3.3333333333333335,4.0,3.740740740740741,1.6296296296296295,3.481481481481481,2.346337633521146e-16,0.4999999999999999,-0.9999999999999996,3.481481481481481
84D8-1A04,Adara,Sleeford,Female,22,Some Travel,Sales,16,NY,White,Bachelors,Marketing,Sales Executive,Married,48432,1,No,2019-10-17,No,3,0,0,3,Junior,48432.0,2020-04-30,4,4,4,2,2,4,5,5,2020,0,8,4.0,4.0,4.0,4.0,2.0,3.6,0.0,0.0,0.0,3.6
84E7-02D4,Padraic,MacParlan,Male,26,Some Travel,Technology,41,CA,White,Doctorate,Business Studies,Machine Learning Engineer,Married,161600,1,No,2017-12-07,Yes,5,0,2,0,Junior,161600.0,2022-03-24,5,3,4,2,0,5,5,5,2022,0,10,3.709090909090909,3.8545454545454545,3.2181818181818183,3.4363636363636365,0.7818181818181819,3.0,-0.12121212121212123,-0.0606060606060606,0.21818181818181817,3.0
851C-E7E2,Sebastiano,Benes,Male,27,Some Travel,Technology,14,CA,Black,High School,Information Systems,Machine Learning Engineer,Divorced,120049,1,No,2015-11-07,No,7,1,6,1,Junior,120049.0,2022-10-20,4,5,4,3,2,2,3,3,2022,0,10,2.925,4.175,3.3,3.9,1.125,3.085,0.39999999999999997,-0.3,0.09999999999999999,3.085
8533-B8FA,Ambur,Axton,Female,20,Frequent Traveller,Technology,32,CA,White,Bachelors,Computer Science,Software Engineer,Divorced,33488,2,No,2021-05-24,No,1,1,1,1,Junior,33488.0,2020-06-04,4,5,2,1,1,3,5,4,2020,-1,8,3.0,4.0,5.0,2.0,1.0,3.0,0.0,0.0,0.0,3.0
8567-5B27,Shani,Deackes,Female,28,Frequent Traveller,Sales,32,NY,Black,No Formal Qualifications,Technical Degree,Sales Representative,Single,53439,0,Yes,2012-04-27,Yes,3,0,0,1,Junior,53439.0,2022-03-05,3,2,4,2,3,5,4,4,2022,0,10,4.327272727272727,3.8727272727272726,3.6,3.690909090909091,1.709090909090909,3.44,0.06666666666666665,0.15151515151515155,0.07272727272727274,3.44
8583-9174,Mimi,Mawditt,Female,46,Frequent Traveller,Technology,16,NY,White,High School,Computer Science,Software Engineer,Single,100717,0,Yes,2013-01-30,No,9,5,9,7,Senior,100717.0,2022-07-12,5,4,4,2,1,2,5,4,2022,-1,10,2.836734693877551,4.244897959183674,2.9183673469387754,3.6530612244897958,1.1020408163265305,2.9510204081632656,0.10714285714285711,-0.035714285714285705,-0.14285714285714282,2.9510204081632656
8640-414A,Rivkah,Siderfin,Female,29,Some Travel,Technology,32,CA,White,Bachelors,Computer Science,Engineering Manager,Married,390142,0,No,2020-10-27,No,2,1,2,2,Junior,390142.0,2022-11-09,3,1,4,3,1,2,5,5,2022,0,10,2.0,3.0,1.0,4.0,1.0,2.2,0.0,0.0,0.0,2.2
8663-3E02,Kleon,Monnery,Male,37,Frequent Traveller,Technology,7,NY,Mixed,Masters,Information Systems,Analytics Manager,Divorced,276322,1,No,2013-11-26,No,9,0,9,1,Junior,276322.0,2022-05-31,4,4,5,3,2,3,3,2,2022,-1,10,2.877551020408163,3.816326530612245,3.2857142857142856,3.7142857142857144,1.0,2.9387755102040822,-0.24999999999999994,-0.21428571428571422,-0.07142857142857141,2.9387755102040822
86C5-8987,Cassaundra,Kenyam,Female,22,Some Travel,Sales,5,NY,White,High School,Economics,Sales Executive,Married,45220,0,No,2020-05-16,No,2,0,0,0,Junior,45220.0,2022-03-25,3,1,4,3,1,3,3,2,2022,-1,10,3.0,3.0,1.0,4.0,1.0,2.4,0.0,0.0,0.0,2.4
86E2-73D1,Purcell,Keig,Male,39,Some Travel,Technology,3,CA,Black,Bachelors,Computer Science,Machine Learning Engineer,Single,81115,0,No,2013-01-24,No,9,2,4,0,Mid,81115.0,2022-03-30,3,5,4,1,1,4,4,3,2022,-1,10,3.020408163265306,3.7755102040816326,3.5306122448979593,3.326530612244898,0.9387755102040817,2.9183673469387754,-0.07142857142857141,0.28571428571428564,0.07142857142857142,2.9183673469387754
86E9-319B,Kirby,Denison,Male,24,No Travel,Technology,21,NY,White,Bachelors,Information Systems,Software Engineer,Single,26451,0,No,2019-09-23,No,3,1,1,3,Junior,26451.0,2015-11-03,4,5,3,3,0,5,4,4,2015,0,3,3.8,4.4,4.2,3.0,0.4,3.1599999999999997,1.9999999999999993,2.9999999999999996,1.9999999999999993,3.1599999999999997
8733-BC3C,Kerwinn,Fassum,Male,26,Frequent Traveller,Technology,22,CA,Asian,Bachelors,Computer Science,Software Engineer,Divorced,81726,2,Yes,2016-11-06,No,6,0,6,1,Junior,81726.0,2022-04-09,4,3,4,1,1,5,3,2,2022,-1,10,2.8529411764705883,3.4705882352941178,3.6470588235294117,3.0294117647058822,1.0294117647058822,2.8058823529411763,-0.6999999999999998,0.6999999999999998,0.10000000000000007,2.8058823529411763
874D-5D4C,Clywd,Burril,Male,40,No Travel,Technology,31,CA,White,Masters,Computer Science,Analytics Manager,Divorced,456418,1,No,2020-03-09,No,2,0,2,2,Junior,456418.0,2022-07-11,4,3,2,1,1,2,4,3,2022,-1,10,2.0,4.0,3.0,2.0,1.0,2.4,0.0,0.0,0.0,2.4
8766-F1E7,Jonathon,Lovie,Male,25,Some Travel,Technology,18,CA,White,Masters,Information Systems,Machine Learning Engineer,Married,130434,0,Yes,2016-09-26,Yes,0,0,0,0,Junior,130434.0,2022-05-22,3,2,4,3,2,4,4,4,2022,0,10,3.4,3.3636363636363638,3.2181818181818183,3.5272727272727273,0.9636363636363636,2.8945454545454545,-0.12121212121212123,5.560826539018636e-18,0.07272727272727274,2.8945454545454545
87D2-8B67,Joana,McDougal,Female,45,Some Travel,Technology,34,NY,White,High School,Information Systems,Machine Learning Engineer,Divorced,152278,1,Yes,2012-04-18,No,10,8,8,2,Senior,152278.0,2022-09-30,3,2,1,3,1,3,3,3,2022,0,10,3.75,4.1923076923076925,3.1153846153846154,3.269230769230769,1.0961538461538463,3.0846153846153848,-0.3214285714285715,0.15476190476190482,1.7490610586694945e-17,3.0846153846153848
8822-B9C5,Amity,Kalisz,Female,41,Some Travel,Technology,9,CA,Black,Bachelors,Computer Science,Machine Learning Engineer,Single,197592,0,Yes,2012-03-24,No,10,5,10,0,Senior,197592.0,2022-06-22,3,4,2,2,0,4,4,3,2022,-1,10,3.8846153846153846,3.0961538461538463,3.576923076923077,2.8461538461538463,1.3269230769230769,2.9461538461538463,0.09523809523809526,-0.14285714285714296,0.02380952380952382,2.9461538461538463
88B8-EB84,Crystal,McLleese,Female,34,Some Travel,Technology,41,CA,Black,High School,Information Systems,Engineering Manager,Divorced,357371,1,No,2012-03-24,No,10,9,9,3,Senior,357371.0,2022-03-18,5,5,2,1,0,3,5,4,2022,-1,10,4.115384615384615,4.269230769230769,3.8846153846153846,3.923076923076923,0.6730769230769231,3.3730769230769226,0.16666666666666669,-0.011904761904761939,-0.17857142857142866,3.3730769230769226
8941-0BAC,Tracee,Gaukroger,Female,30,Some Travel,Sales,12,CA,White,Bachelors,Marketing,Sales Executive,Divorced,145929,3,No,2021-06-22,No,1,0,1,1,Junior,145929.0,2017-01-11,3,4,4,3,0,3,4,3,2017,-1,5,3.0,3.0,4.0,4.0,0.0,2.8,0.0,0.0,0.0,2.8
89A6-7EF1,Johan,Rudinger,Male,26,Some Travel,Human Resources,11,NY,Asian,Bachelors,Other,HR Executive,Single,70395,0,No,2016-07-11,No,6,5,6,2,Senior,70395.0,2022-01-02,3,3,4,3,1,2,3,2,2022,-1,10,3.5,3.2058823529411766,4.176470588235294,3.7941176470588234,0.7058823529411765,3.076470588235294,-0.5,-8.419818584813432e-17,-0.8999999999999997,3.076470588235294
8A18-9075,Phyllys,Newham,Female,31,Frequent Traveller,Technology,25,NY,White,Doctorate,Information Systems,Analytics Manager,Single,362540,1,No,2021-03-03,No,1,0,0,0,Junior,362540.0,2022-12-09,2,4,2,1,0,4,4,3,2022,-1,10,4.0,2.0,4.0,2.0,0.0,2.4,0.0,0.0,0.0,2.4
8A40-C85A,Reggie,Matthewman,Female,44,Some Travel,Technology,28,CA,Black,Bachelors,Information Systems,Software Engineer,Married,53325,1,Yes,2012-02-28,No,10,4,8,4,Mid,53325.0,2022-06-09,4,4,5,2,0,3,3,2,2022,-1,10,3.326923076923077,3.4615384615384617,3.8461538461538463,3.769230769230769,0.9423076923076923,3.069230769230769,-0.03571428571428572,0.09523809523809529,-0.27380952380952395,3.069230769230769
8A5B-3D6E,Konstanze,Scrammage,Female,24,Some Travel,Sales,25,NY,Mixed,No Formal Qualifications,Marketing,Sales Executive,Divorced,105383,2,Yes,2016-01-14,No,6,6,6,5,Senior,105383.0,2018-03-15,4,4,2,2,3,5,3,2,2018,-1,6,3.888888888888889,3.7777777777777777,2.8333333333333335,2.888888888888889,2.3333333333333335,3.144444444444445,0.29999999999999993,0.5,-0.19999999999999996,3.144444444444445
8A6B-AD5C,Ruby,O'Scollain,Female,24,Some Travel,Technology,30,CA,White,Bachelors,Information Systems,Data Scientist,Single,61883,0,No,2016-08-02,Yes,1,1,1,0,Junior,61883.0,2022-01-16,2,4,2,2,2,2,3,2,2022,-1,10,2.8727272727272726,3.981818181818182,3.690909090909091,3.272727272727273,1.309090909090909,3.0254545454545454,0.0606060606060606,-0.3515151515151515,0.018181818181818188,3.0254545454545454
8AAD-FAFB,Alethea,Heeney,Female,24,Some Travel,Sales,3,CA,Asian,Bachelors,Marketing,Sales Executive,Divorced,130774,1,Yes,2016-08-15,Yes,4,3,3,4,Mid,130774.0,2022-01-22,3,5,4,1,2,2,4,4,2022,0,10,2.890909090909091,3.9272727272727272,3.9272727272727272,3.690909090909091,1.018181818181818,3.090909090909091,0.08484848484848487,-0.006060606060606007,-0.13333333333333333,3.090909090909091
8ACE-C5CE,Germana,Gulvin,Female,43,Some Travel,Sales,38,NY,Native American,High School,Marketing,Sales Executive,Married,121510,1,No,2013-08-18,No,9,8,8,5,Senior,121510.0,2022-02-21,3,4,4,2,0,4,5,4,2022,-1,10,3.979591836734694,3.5306122448979593,3.63265306122449,4.061224489795919,0.3673469387755102,3.1142857142857143,0.10714285714285711,-0.035714285714285705,-0.03571428571428573,3.1142857142857143
8B79-18F1,Abra,MacGray,Female,20,Some Travel,Technology,39,CA,White,Masters,Information Systems,Software Engineer,Married,37436,0,Yes,2021-03-14,Yes,0,0,0,0,Junior,37436.0,2022-07-07,4,3,5,1,0,3,5,4,2022,-1,10,3.314814814814815,3.888888888888889,2.888888888888889,4.351851851851852,0.9259259259259259,3.0740740740740744,-0.2,-0.016666666666666642,-0.016666666666666684,3.0740740740740744
8BAB-B4A6,Torey,Abram,Male,38,Some Travel,Sales,35,NY,Asian,Bachelors,Marketing,Manager,Single,340229,0,Yes,2012-01-13,No,10,7,9,3,Senior,340229.0,2020-01-17,3,2,4,3,2,3,4,4,2020,0,8,3.25,3.8055555555555554,3.0833333333333335,3.0,1.0277777777777777,2.8333333333333335,-0.25000000000000006,1.4624527438569564e-17,0.05952380952380954,2.8333333333333335
8BCA-723F,Normy,De la Harpe,Male,46,Some Travel,Technology,24,CA,White,Masters,Computer Science,Data Scientist,Divorced,43487,1,No,2014-06-29,No,8,8,8,8,Senior,43487.0,2022-03-29,4,4,5,3,0,5,5,5,2022,0,10,3.022222222222222,4.0,3.7777777777777777,3.688888888888889,0.7333333333333333,3.0444444444444447,-0.14285714285714288,0.48571428571428577,0.45714285714285724,3.0444444444444447
8C57-8F84,Lemmie,Antoniak,Male,20,Frequent Traveller,Technology,45,CA,White,High School,Information Systems,Software Engineer,Divorced,22773,3,Yes,2021-04-14,Yes,1,0,0,0,Junior,22773.0,2022-10-27,3,3,4,2,1,2,4,3,2022,-1,10,2.9814814814814814,3.8518518518518516,3.0185185185185186,3.537037037037037,1.4074074074074074,2.9592592592592597,-0.28333333333333344,0.08333333333333336,-0.016666666666666673,2.9592592592592597
8CC3-0C6A,Vin,Gricewood,Female,24,Frequent Traveller,Sales,9,CA,Native American,No Formal Qualifications,Marketing,Sales Executive,Married,125759,0,No,2018-11-21,No,4,3,3,0,Mid,125759.0,2016-01-11,3,2,3,2,1,5,3,2,2016,-1,4,3.7142857142857144,3.4285714285714284,2.4285714285714284,2.5714285714285716,0.5714285714285714,2.5428571428571427,-0.9999999999999997,2.9999999999999996,-2.9999999999999996,2.5428571428571427
8CF6-3079,Jaquenetta,Corkel,Female,27,Some Travel,Technology,1,NY,Black,Masters,Computer Science,Data Scientist,Divorced,40050,1,Yes,2013-07-16,Yes,1,0,0,0,Junior,40050.0,2022-02-01,5,4,3,3,1,2,4,3,2022,-1,10,3.2181818181818183,4.090909090909091,3.8363636363636364,2.981818181818182,0.8727272727272727,3.0,-0.17575757575757575,-0.05454545454545454,0.03636363636363636,3.0
8D34-EBDF,Giles,Bilham,Male,29,Some Travel,Human Resources,14,IL,Pacific Islander,Masters,Technical Degree,Recruiter,Married,46703,0,No,2014-07-31,Yes,0,0,0,0,Junior,46703.0,2022-01-16,2,4,2,2,0,1,3,2,2022,-1,10,3.6,3.9272727272727272,3.581818181818182,3.3454545454545452,0.7818181818181819,3.0472727272727274,0.18787878787878784,-0.06666666666666668,-0.024242424242424246,3.0472727272727274
8DA7-0090,Farica,Fardell,Non-Binary,41,Some Travel,Human Resources,11,NY,Black,High School,Economics,HR Business Partner,Single,445906,0,Yes,2015-04-01,No,7,1,5,4,Junior,445906.0,2022-10-14,5,2,3,1,1,5,4,4,2022,0,10,3.5,4.1,3.2,3.25,1.25,3.06,-0.7999999999999999,0.4,0.3,3.06
8DB6-5FC6,Madalena,Leneham,Female,21,No Travel,Sales,25,CA,White,Bachelors,Marketing,Sales Executive,Married,69078,1,No,2019-09-08,No,3,3,3,3,Mid,69078.0,2021-11-08,3,5,4,2,0,3,4,4,2021,0,9,3.0,3.4705882352941178,4.529411764705882,4.0,0.9411764705882353,3.1882352941176473,0.9999999999999997,0.0,0.0,3.1882352941176473
8E5B-CBBF,Creigh,Lissaman,Male,25,Some Travel,Sales,12,NY,Asian,Masters,Marketing,Sales Executive,Divorced,67814,0,No,2015-03-28,No,7,6,7,1,Senior,67814.0,2022-12-17,4,3,2,2,0,2,4,4,2022,0,10,3.225,4.4,3.25,2.975,0.3,2.83,0.2,0.10000000000000007,-2.2882938428029817e-17,2.83
8EA4-9179,Cristian,Dignum,Male,25,Some Travel,Technology,23,NY,Black,Bachelors,Computer Science,Data Scientist,Single,24626,0,No,2015-03-14,No,7,7,7,1,Senior,24626.0,2022-04-08,4,3,4,2,1,4,4,3,2022,-1,10,3.325,3.975,3.025,2.825,1.0,2.8300000000000005,-0.6999999999999998,-0.30000000000000004,0.3,2.8300000000000005
8EAF-4F79,Marrilee,Brosio,Female,27,Frequent Traveller,Technology,20,CA,White,Bachelors,Information Systems,Senior Software Engineer,Married,167879,1,Yes,2016-10-15,No,6,6,6,3,Senior,167879.0,2022-08-05,5,3,5,2,1,4,4,4,2022,0,10,3.8529411764705883,4.029411764705882,3.4705882352941178,4.117647058823529,0.7058823529411765,3.235294117647059,-0.19999999999999993,0.6999999999999997,-0.5,3.235294117647059
8EBD-B3E8,Sutherland,Kick,Male,25,Some Travel,Technology,14,IL,Black,High School,Computer Science,Software Engineer,Single,40079,0,Yes,2018-11-12,No,4,3,4,1,Mid,40079.0,2016-05-09,3,4,3,2,1,3,4,3,2016,-1,4,3.4285714285714284,3.4285714285714284,3.5714285714285716,2.5714285714285716,0.5714285714285714,2.7142857142857144,0.9999999999999997,-0.9999999999999997,-0.9999999999999997,2.7142857142857144
8ED3-4377,Giusto,Raynes,Male,30,Some Travel,Technology,33,CA,White,Bachelors,Computer Science,Software Engineer,Single,78743,0,No,2013-04-09,No,9,2,7,4,Mid,78743.0,2022-02-10,5,3,4,2,0,2,3,3,2022,0,10,2.7551020408163267,4.224489795918367,3.7551020408163267,3.0408163265306123,0.6122448979591837,2.877551020408163,0.07142857142857145,-0.17857142857142852,-0.03571428571428569,2.877551020408163
8EE9-E86D,Conn,Mouser,Male,46,Some Travel,Human Resources,45,IL,White,Bachelors,Human Resources,Recruiter,Divorced,48740,3,Yes,2012-05-20,Yes,10,8,9,6,Senior,48740.0,2022-02-03,4,1,3,1,1,1,4,4,2022,0,10,3.0,3.8727272727272726,2.981818181818182,2.8,1.2,2.770909090909091,-0.2787878787878789,-0.2,0.006060606060606054,2.770909090909091
8EF9-CECD,Mendy,Hounsom,Male,23,Some Travel,Technology,35,IL,White,Bachelors,Computer Science,Data Scientist,Single,28704,0,No,2019-08-28,No,3,3,3,1,Mid,28704.0,2022-01-08,4,3,3,3,1,3,4,3,2022,-1,10,3.9473684210526314,3.526315789473684,3.9473684210526314,3.473684210526316,0.5263157894736842,3.0842105263157897,-1.9999999999999993,-1.9999999999999993,0.9999999999999997,3.0842105263157897
8F38-A4DD,Rosemonde,Brimble,Female,27,No Travel,Technology,25,CA,White,Bachelors,Computer Science,Software Engineer,Single,27369,0,No,2016-11-29,No,6,4,6,3,Mid,27369.0,2022-03-20,3,4,3,3,1,5,4,4,2022,0,10,3.8529411764705883,2.7058823529411766,2.5294117647058822,3.3529411764705883,0.5294117647058824,2.5941176470588236,0.19999999999999993,0.7,5.613212389875622e-17,2.5941176470588236
8F78-4A32,Sigismundo,Durtnel,Male,25,No Travel,Technology,12,NY,Black,Bachelors,Information Systems,Data Scientist,Single,31962,0,No,2015-03-14,No,7,2,7,4,Mid,31962.0,2022-09-11,3,5,5,3,0,5,3,3,2022,0,10,4.075,3.45,3.975,3.825,1.15,3.2949999999999995,-0.10000000000000003,0.29999999999999993,-0.19999999999999998,3.2949999999999995
8F7F-015D,Lion,Ewbanck,Male,28,Some Travel,Technology,43,IL,White,Masters,Information Systems,Engineering Manager,Married,249071,2,No,2015-08-24,No,7,5,5,6,Senior,249071.0,2022-10-28,5,3,4,2,1,5,5,4,2022,-1,10,3.5,4.625,2.825,2.85,1.0,2.96,0.09999999999999988,0.4,0.20000000000000004,2.96
8FB2-4CE0,Kurtis,Plane,Male,27,Some Travel,Technology,14,IL,White,Masters,Computer Science,Data Scientist,Single,37545,0,No,2016-12-06,Yes,2,1,1,1,Junior,37545.0,2022-02-19,5,2,3,3,2,5,5,5,2022,0,10,3.8181818181818183,4.345454545454546,3.727272727272727,3.0545454545454547,1.0,3.189090909090909,0.01818181818181814,0.27878787878787886,0.20606060606060608,3.189090909090909
8FD9-AA59,Faina,Bewshaw,Non-Binary,26,Frequent Traveller,Sales,14,IL,Mixed,Masters,Marketing,Sales Executive,Divorced,71349,2,No,2014-06-20,Yes,7,2,2,1,Mid,71349.0,2022-03-30,3,3,4,2,3,3,3,2,2022,-1,10,2.672727272727273,4.072727272727272,2.6,4.127272727272727,1.2,2.9345454545454546,-0.06666666666666667,0.11515151515151516,0.0181818181818182,2.9345454545454546
8FF0-0F7A,Nanine,Barrie,Female,26,No Travel,Technology,18,CA,Mixed,Masters,Information Systems,Engineering Manager,Divorced,153420,2,Yes,2015-08-10,No,7,5,5,7,Senior,153420.0,2022-05-29,3,3,3,1,1,4,4,3,2022,-1,10,3.325,4.0,3.4,3.6,0.825,3.03,8.151460909940802e-17,-0.3,-0.10000000000000007,3.03
9071-14B2,Griffie,Bugge,Male,31,Some Travel,Technology,25,CA,Black,Bachelors,Business Studies,Machine Learning Engineer,Single,157676,0,No,2019-08-07,No,3,0,2,1,Junior,157676.0,2022-04-10,4,5,5,1,0,2,5,4,2022,-1,10,2.0,4.0,4.526315789473684,3.5789473684210527,0.47368421052631576,2.9157894736842107,0.9999999999999997,0.0,1.9999999999999993,2.9157894736842107
9075-A294,Colby,Yakebowitch,Male,27,No Travel,Sales,17,IL,Asian,Masters,Marketing,Sales Executive,Married,71832,1,No,2016-05-23,No,6,6,6,1,Senior,71832.0,2022-09-02,4,3,2,1,0,5,3,3,2022,0,10,4.294117647058823,3.2941176470588234,2.735294117647059,2.676470588235294,0.4411764705882353,2.6882352941176473,-0.09999999999999996,0.2999999999999999,0.29999999999999993,2.6882352941176473
9085-1FE8,Fan,Pizey,Female,35,Some Travel,Technology,32,NY,Mixed,High School,Business Studies,Data Scientist,Married,119917,1,Yes,2012-05-15,No,10,5,7,4,Senior,119917.0,2022-09-27,2,2,2,2,2,4,5,5,2022,0,10,3.576923076923077,3.3846153846153846,3.5384615384615383,3.230769230769231,1.1538461538461537,2.9769230769230766,-0.261904761904762,0.09523809523809526,0.09523809523809525,2.9769230769230766
90C4-1053,Diann,Brightie,Female,20,Some Travel,Technology,3,CA,White,No Formal Qualifications,Information Systems,Machine Learning Engineer,Married,41342,1,Yes,2020-07-16,No,2,1,1,2,Junior,41342.0,2022-06-17,3,5,4,2,1,3,3,2,2022,-1,10,3.0,3.0,5.0,4.0,1.0,3.2,0.0,0.0,0.0,3.2
90EB-28D4,Veronique,Tremelling,Female,24,Frequent Traveller,Sales,29,CA,Black,No Formal Qualifications,Economics,Sales Representative,Single,26608,0,No,2017-09-12,No,5,0,3,1,Junior,26608.0,2022-07-08,3,2,3,3,1,3,3,2,2022,-1,10,3.3333333333333335,3.2962962962962963,2.3333333333333335,2.962962962962963,1.2962962962962963,2.644444444444445,-4.886831086417666e-17,-4.886831086417666e-17,-1.0,2.644444444444445
90EB-69E4,Devan,Ellice,Female,23,Some Travel,Technology,31,CA,Asian,Bachelors,Computer Science,Data Scientist,Single,49543,0,No,2018-12-28,No,4,3,3,1,Mid,49543.0,2022-10-11,5,2,4,3,0,2,3,3,2022,0,10,3.4210526315789473,4.526315789473684,2.473684210526316,4.473684210526316,0.47368421052631576,3.0736842105263156,-0.9999999999999997,-2.9999999999999996,-0.9999999999999997,3.0736842105263156
9112-D01B,Emmie,Lauchlan,Female,50,Some Travel,Sales,23,CA,White,Bachelors,Marketing,Manager,Married,266449,1,Yes,2020-05-27,No,2,1,2,2,Junior,266449.0,2022-12-08,5,2,2,3,1,5,5,4,2022,-1,10,5.0,5.0,2.0,2.0,1.0,3.0,0.0,0.0,0.0,3.0
9169-FC4B,Reinaldos,Baynes,Male,28,Some Travel,Human Resources,18,CA,Pacific Islander,High School,Economics,HR Executive,Married,179561,1,No,2012-05-09,Yes,1,0,0,1,Junior,179561.0,2022-05-19,3,5,3,3,1,5,3,2,2022,-1,10,3.581818181818182,3.418181818181818,3.418181818181818,3.2,0.5818181818181818,2.84,-0.05454545454545454,0.05454545454545456,-0.03636363636363639,2.84
91C6-564B,Thain,Pedri,Male,21,Some Travel,Technology,7,CA,White,Bachelors,Computer Science,Data Scientist,Married,40561,1,No,2019-10-09,No,3,3,3,1,Mid,40561.0,2018-06-01,3,3,3,1,1,3,5,5,2018,0,6,3.0,3.0,3.0,3.0,1.0,2.6,0.0,0.0,0.0,2.6
920B-7B40,Berkly,Bellson,Male,26,Some Travel,Technology,22,CA,Asian,Bachelors,Information Systems,Software Engineer,Married,52390,1,Yes,2015-04-21,No,7,4,5,3,Mid,52390.0,2022-04-22,4,2,2,3,1,3,4,4,2022,0,10,3.775,3.4,3.3,3.175,0.825,2.8949999999999996,-0.39999999999999997,-0.09999999999999999,-0.10000000000000009,2.8949999999999996
924E-1035,Scot,Gamlen,Male,23,Some Travel,Sales,26,NY,Pacific Islander,High School,Marketing,Sales Executive,Single,58345,0,Yes,2017-01-19,No,5,4,4,4,Mid,58345.0,2022-04-23,4,3,5,1,2,4,3,2,2022,-1,10,3.235294117647059,3.9705882352941178,3.676470588235294,3.8529411764705883,1.0294117647058822,3.1529411764705886,-0.4999999999999999,-0.1,-0.9999999999999997,3.1529411764705886
9283-E971,Meredith,Hansod,Female,40,Frequent Traveller,Sales,30,NY,Asian,Masters,Marketing,Sales Executive,Married,250555,1,Yes,2018-03-19,No,4,4,4,2,Mid,250555.0,2022-08-13,5,4,4,1,1,4,5,4,2022,-1,10,3.074074074074074,4.407407407407407,3.740740740740741,3.740740740740741,1.0,3.192592592592592,0.9999999999999993,0.9999999999999997,0.0,3.192592592592592
9360-3A68,Cathyleen,Hallin,Female,27,No Travel,Technology,12,IL,White,Bachelors,Information Systems,Data Scientist,Single,41524,0,No,2015-11-12,No,7,6,6,6,Senior,41524.0,2022-11-20,3,3,3,3,1,4,5,5,2022,0,10,3.375,3.325,3.5,3.15,1.325,2.9349999999999996,-0.4,-0.09999999999999995,0.39999999999999997,2.9349999999999996
9385-321B,Marcille,Tweedy,Female,24,Some Travel,Sales,34,CA,White,No Formal Qualifications,Economics,Sales Executive,Single,107634,0,No,2019-09-15,No,3,2,2,2,Mid,107634.0,2019-05-02,5,5,4,3,2,3,3,2,2019,-1,7,3.0,5.0,3.6153846153846154,4.0,1.0769230769230769,3.3384615384615386,2.9999999999999996,0.0,-0.9999999999999997,3.3384615384615386
939F-2461,Grantham,Sandercock,Male,28,Some Travel,Technology,17,IL,White,Bachelors,Information Systems,Senior Software Engineer,Married,101210,1,No,2020-01-03,No,2,2,2,1,Mid,101210.0,2020-12-10,3,2,4,3,1,2,3,3,2020,0,8,2.0,3.0,2.0,4.0,1.0,2.4,0.0,0.0,0.0,2.4
93B1-6510,Giraldo,Matyashev,Male,28,No Travel,Technology,30,CA,White,Bachelors,Computer Science,Data Scientist,Single,52930,0,No,2015-02-23,No,7,1,4,2,Junior,52930.0,2022-02-28,3,5,3,1,1,4,5,5,2022,0,10,3.2,3.05,3.375,3.8,0.9,2.865,-0.10000000000000013,1.286579381531857e-17,0.19999999999999998,2.865
9412-7AA6,Edith,Middis,Non-Binary,27,Some Travel,Technology,10,CA,White,Bachelors,Information Systems,Data Scientist,Single,45438,0,No,2015-04-19,No,7,1,5,5,Junior,45438.0,2022-03-27,4,3,4,1,1,2,3,3,2022,0,10,3.3,3.775,4.5,3.1,0.85,3.1049999999999995,-0.4,-0.39999999999999997,-0.4000000000000001,3.1049999999999995
9461-9439,Verne,Heads,Male,21,Some Travel,Technology,24,NY,White,Bachelors,Information Systems,Machine Learning Engineer,Divorced,75816,1,No,2020-11-15,No,2,1,1,0,Junior,75816.0,2022-05-18,5,4,5,2,1,3,4,4,2022,0,10,3.0,5.0,4.0,5.0,1.0,3.6,0.0,0.0,0.0,3.6
9528-AA17,Jaquelin,Kite,Female,48,Some Travel,Technology,30,NY,Black,Bachelors,Information Systems,Software Engineer,Married,72794,1,No,2012-02-14,No,10,4,5,3,Mid,72794.0,2022-04-20,5,5,3,3,3,5,4,3,2022,-1,10,3.5961538461538463,3.6538461538461537,3.25,2.4615384615384617,1.5576923076923077,2.903846153846154,-4.387358231570869e-17,0.27380952380952395,-0.10714285714285718,2.903846153846154
9536-9492,Ingelbert,Kennerley,Male,23,Some Travel,Technology,4,NY,White,Masters,Computer Science,Software Engineer,Divorced,42687,3,Yes,2020-11-21,No,2,2,2,2,Mid,42687.0,2022-01-02,4,2,2,2,1,2,5,4,2022,-1,10,2.0,4.0,2.0,2.0,1.0,2.2,0.0,0.0,0.0,2.2
9591-C955,Kaine,Haukey,Male,24,No Travel,Technology,35,CA,Asian,Bachelors,Information Systems,Software Engineer,Divorced,65838,3,Yes,2018-06-17,No,4,2,2,2,Mid,65838.0,2022-01-10,5,3,2,1,0,3,5,5,2022,0,10,3.6666666666666665,4.666666666666667,3.037037037037037,3.5925925925925926,0.0,2.9925925925925925,0.4999999999999998,-1.187575654052147e-16,0.49999999999999983,2.9925925925925925
95CB-4E31,Pavlov,Pretor,Male,28,No Travel,Technology,4,CA,Asian,Bachelors,Business Studies,Software Engineer,Divorced,57837,2,No,2015-06-30,No,7,3,3,6,Mid,57837.0,2022-06-23,5,2,3,2,1,5,4,4,2022,0,10,3.5,3.575,2.5,3.9,1.125,2.92,-0.4,0.4,0.3,2.92
95D7-1CE9,Ahmed,Sykes,Male,43,Some Travel,Human Resources,29,CA,Asian,Masters,Marketing,HR Business Partner,Married,309964,1,No,2012-01-04,No,10,6,10,8,Senior,309964.0,2022-04-07,4,5,3,3,0,4,4,3,2022,-1,10,3.925925925925926,3.888888888888889,3.740740740740741,2.9074074074074074,0.7407407407407407,3.0407407407407403,0.16666666666666669,0.1333333333333334,-0.13333333333333333,3.0407407407407403
95D8-5DC7,Udall,Dowson,Male,48,Some Travel,Technology,19,CA,Black,Doctorate,Computer Science,Engineering Manager,Divorced,241907,3,No,2014-07-07,No,8,3,3,0,Mid,241907.0,2022-07-20,4,2,4,2,1,3,4,3,2022,-1,10,3.6444444444444444,3.7555555555555555,3.3777777777777778,3.1333333333333333,0.8222222222222222,2.9466666666666668,-0.31428571428571433,-0.05714285714285712,1.8963180203356935e-17,2.9466666666666668
95E0-CCA0,Berti,Laurand,Male,24,Some Travel,Technology,2,NY,Mixed,High School,Business Studies,Software Engineer,Divorced,32313,2,No,2019-07-14,No,3,1,1,2,Junior,32313.0,2022-08-03,5,2,5,1,0,2,3,3,2022,0,10,2.9473684210526314,4.052631578947368,3.4210526315789473,5.0,0.47368421052631576,3.1789473684210523,-2.9999999999999996,-1.9999999999999993,-0.9999999999999997,3.1789473684210523
9624-0464,Lura,Hedin,Female,45,Frequent Traveller,Technology,4,CA,Pacific Islander,Bachelors,Information Systems,Engineering Manager,Divorced,393420,1,No,2019-08-11,No,3,1,1,1,Junior,393420.0,2022-11-04,4,4,5,1,1,3,4,3,2022,-1,10,3.473684210526316,3.526315789473684,3.0526315789473686,4.526315789473684,1.0,3.1157894736842104,1.9999999999999993,-0.9999999999999997,-0.9999999999999997,3.1157894736842104
9658-7750,Ray,Holbie,Female,37,Some Travel,Technology,40,NY,Native American,Masters,Information Systems,Data Scientist,Married,49550,3,No,2014-07-11,No,8,2,8,6,Mid,49550.0,2022-02-01,3,5,4,1,0,5,3,2,2022,-1,10,3.488888888888889,4.088888888888889,4.022222222222222,3.488888888888889,1.3333333333333333,3.284444444444444,0.48571428571428577,0.4000000000000001,-0.057142857142857134,3.284444444444444
9671-222C,Akim,Garfit,Male,20,Some Travel,Technology,38,CA,White,Bachelors,Business Studies,Software Engineer,Divorced,21344,1,No,2020-09-25,No,2,1,2,2,Junior,21344.0,2022-03-26,4,5,5,1,0,5,4,4,2022,0,10,5.0,4.0,5.0,5.0,0.0,3.8,0.0,0.0,0.0,3.8
96F4-896C,Kerwin,Wheadon,Male,43,No Travel,Technology,21,CA,White,Masters,Information Systems,Analytics Manager,Single,280756,0,No,2013-03-05,No,9,8,8,3,Senior,280756.0,2022-04-15,5,4,5,3,2,3,3,2,2022,-1,10,3.0816326530612246,4.551020408163265,4.081632653061225,3.9183673469387754,1.6122448979591837,3.4489795918367347,-0.10714285714285714,-0.10714285714285715,-0.10714285714285715,3.4489795918367347
9723-FED9,Charyl,Bartaletti,Female,24,Some Travel,Technology,4,CA,Black,Bachelors,Business Studies,Data Scientist,Married,41555,1,No,2018-08-16,No,4,4,4,2,Mid,41555.0,2016-07-01,3,4,5,3,0,5,3,3,2016,0,4,4.444444444444445,4.111111111111111,4.333333333333333,4.666666666666667,1.2222222222222223,3.7555555555555555,-6.988925454103805e-17,0.49999999999999983,4.886831086417666e-17,3.7555555555555555
9727-BC84,Murdock,Spaduzza,Male,31,Some Travel,Sales,15,CA,White,Bachelors,Marketing,Sales Executive,Married,187930,3,No,2012-04-07,Yes,3,2,2,0,Mid,187930.0,2022-03-17,5,3,4,2,1,4,5,5,2022,0,10,3.5272727272727273,4.236363636363636,3.4363636363636365,3.4363636363636365,0.8727272727272727,3.101818181818182,-0.1090909090909091,-0.048484848484848464,0.26060606060606056,3.101818181818182
9728-1A5B,Vernen,Rennie,Male,48,Some Travel,Sales,33,NY,Mixed,High School,Marketing,Sales Executive,Divorced,191771,1,No,2012-05-17,No,10,0,10,4,Junior,191771.0,2022-11-13,5,5,3,2,1,5,4,3,2022,-1,10,4.346153846153846,4.269230769230769,3.6153846153846154,2.8076923076923075,1.1346153846153846,3.234615384615384,-0.01190476190476191,-0.03571428571428571,-0.011904761904761911,3.234615384615384
974D-9F8F,Tove,Arnao,Female,21,Frequent Traveller,Sales,40,CA,White,Bachelors,Marketing,Sales Executive,Single,59519,0,No,2021-04-18,No,1,1,1,1,Junior,59519.0,2020-01-13,5,4,4,3,1,5,4,4,2020,0,8,5.0,5.0,4.0,4.0,1.0,3.8,0.0,0.0,0.0,3.8
9756-3EAB,Haley,Veld,Female,22,Some Travel,Technology,21,IL,Black,Bachelors,Computer Science,Software Engineer,Single,27097,0,No,2019-04-28,No,3,3,3,1,Mid,27097.0,2022-11-19,4,3,4,3,0,4,4,4,2022,0,10,4.473684210526316,4.473684210526316,2.526315789473684,3.0526315789473686,0.47368421052631576,2.9999999999999996,0.9999999999999997,-0.9999999999999997,0.0,2.9999999999999996
97F4-0B14,Vernen,Powner,Male,33,Some Travel,Technology,4,NY,Mixed,Masters,Other,Senior Software Engineer,Single,97126,0,No,2012-01-15,No,10,8,10,2,Senior,97126.0,2022-02-14,4,3,5,1,0,3,4,4,2022,0,10,3.4423076923076925,3.4423076923076925,3.326923076923077,3.9615384615384617,1.6153846153846154,3.1576923076923076,-0.05952380952380966,-0.380952380952381,0.22619047619047628,3.1576923076923076
97F7-5710,Jordan,Kuschke,Female,25,Frequent Traveller,Technology,4,CA,Asian,Doctorate,Information Systems,Engineering Manager,Married,199034,0,Yes,2018-12-30,No,4,4,4,4,Mid,199034.0,2022-11-08,3,5,4,2,1,2,4,4,2022,0,10,2.0,3.9473684210526314,4.052631578947368,3.0526315789473686,1.4736842105263157,2.9052631578947365,1.9999999999999993,0.0,0.0,2.9052631578947365
9825-45EF,Godfrey,Reynoollds,Non-Binary,36,No Travel,Sales,31,CA,Mixed,High School,Economics,Sales Representative,Single,56937,0,No,2013-04-17,No,9,5,8,2,Senior,56937.0,2022-08-11,5,2,2,3,0,2,3,3,2022,0,10,3.020408163265306,4.020408163265306,3.020408163265306,3.306122448979592,0.14285714285714285,2.7020408163265306,-0.21428571428571422,-0.21428571428571427,-0.10714285714285711,2.7020408163265306
9862-8904,Loella,Woodrough,Female,23,Some Travel,Technology,33,CA,Mixed,High School,Information Systems,Machine Learning Engineer,Divorced,77798,3,No,2019-07-12,No,3,2,3,0,Mid,77798.0,2022-12-13,4,1,2,3,0,4,4,4,2022,0,10,4.0,3.526315789473684,2.8947368421052633,2.473684210526316,0.47368421052631576,2.6736842105263157,-3.9999999999999987,0.0,0.0,2.6736842105263157
98EE-8547,Lock,Pierson,Male,31,Some Travel,Technology,44,CA,White,Bachelors,Information Systems,Analytics Manager,Married,531629,1,Yes,2020-01-06,Yes,1,0,1,1,Junior,531629.0,2022-01-28,4,3,3,2,0,3,4,4,2022,0,10,3.9814814814814814,4.111111111111111,2.962962962962963,3.5,0.6111111111111112,3.0333333333333328,-0.13333333333333333,0.18333333333333338,4.501870872793279e-18,3.0333333333333328
9900-1159,Kristien,Vedikhov,Female,28,Frequent Traveller,Sales,40,IL,Black,Doctorate,Marketing,Sales Executive,Married,215327,1,No,2014-04-13,No,8,1,6,8,Junior,215327.0,2022-07-10,4,2,4,1,1,5,3,2,2022,-1,10,4.111111111111111,4.133333333333334,2.933333333333333,3.7777777777777777,1.5777777777777777,3.306666666666667,-0.1714285714285714,0.28571428571428575,-0.45714285714285724,3.306666666666667
991F-BAF4,Leonelle,Frost,Non-Binary,33,Some Travel,Technology,4,IL,White,High School,Information Systems,Analytics Manager,Married,350024,1,No,2020-11-04,No,2,1,2,0,Junior,350024.0,2022-07-10,5,3,5,1,1,4,3,2,2022,-1,10,4.0,5.0,3.0,5.0,1.0,3.6,0.0,0.0,0.0,3.6
9937-CDF7,Galvin,Sawley,Male,28,Some Travel,Sales,19,NY,Mixed,High School,Marketing,Sales Representative,Married,56122,0,Yes,2013-03-31,Yes,7,5,5,0,Senior,56122.0,2022-01-09,4,4,4,3,0,4,4,3,2022,-1,10,3.090909090909091,4.0181818181818185,3.290909090909091,3.327272727272727,0.6181818181818182,2.8690909090909087,-0.07272727272727274,-0.006060606060606064,-0.15757575757575762,2.8690909090909087
993B-186B,Lewiss,Janosevic,Male,27,Some Travel,Sales,7,CA,Black,Bachelors,Marketing,Sales Executive,Married,73918,1,No,2015-10-21,No,7,3,4,1,Mid,73918.0,2022-08-28,4,3,5,3,0,5,4,4,2022,0,10,3.875,3.775,4.275,4.0,0.725,3.3300000000000005,-0.5,0.3,-0.09999999999999999,3.3300000000000005
994A-5F84,Vance,Norsworthy,Male,25,Some Travel,Sales,44,CA,White,No Formal Qualifications,Technical Degree,Sales Representative,Single,37461,0,No,2018-04-23,No,4,3,4,3,Mid,37461.0,2022-09-23,5,3,3,3,3,3,4,3,2022,-1,10,3.962962962962963,4.666666666666667,2.7037037037037037,2.7037037037037037,2.074074074074074,3.2222222222222223,0.49999999999999983,-0.4999999999999999,-4.886831086417666e-17,3.2222222222222223
9A87-71F6,Kathye,Malia,Non-Binary,40,Frequent Traveller,Technology,7,IL,Mixed,Bachelors,Computer Science,Software Engineer,Married,95808,2,No,2014-12-21,No,8,8,8,2,Senior,95808.0,2020-07-08,3,4,4,2,0,2,4,3,2020,-1,8,3.272727272727273,3.242424242424242,3.8181818181818183,3.3636363636363638,0.3333333333333333,2.806060606060606,-0.028571428571428654,-0.11428571428571428,0.1428571428571429,2.806060606060606
9A9B-630B,Nikolaus,Grimmer,Prefer Not To Say,23,Some Travel,Technology,25,IL,White,Masters,Information Systems,Machine Learning Engineer,Married,57285,0,No,2020-02-13,No,2,2,2,0,Mid,57285.0,2022-04-25,1,2,2,2,1,4,5,4,2022,-1,10,4.0,1.0,2.0,2.0,1.0,2.0,0.0,0.0,0.0,2.0
9AAB-DCD0,Staci,Leith,Female,28,Some Travel,Technology,14,IL,White,High School,Business Studies,Software Engineer,Divorced,105984,2,Yes,2012-02-04,No,10,7,9,10,Senior,105984.0,2022-03-27,4,5,5,1,0,5,5,4,2022,-1,10,4.1923076923076925,4.25,4.0,3.4423076923076925,0.19230769230769232,3.215384615384616,0.0,0.23809523809523822,0.1666666666666667,3.215384615384616
9AAD-D3C1,Annie,Jablonski,Female,45,Some Travel,Sales,43,CA,Black,High School,Other,Sales Executive,Divorced,106610,1,Yes,2012-05-03,No,10,0,7,5,Junior,106610.0,2022-06-23,5,5,5,3,1,2,4,3,2022,-1,10,2.480769230769231,3.8653846153846154,3.019230769230769,3.480769230769231,0.7115384615384616,2.7115384615384617,0.1785714285714286,-0.3333333333333334,0.04761904761904763,2.7115384615384617
9BC9-1288,Adelheid,Battersby,Female,27,Some Travel,Sales,4,CA,Black,No Formal Qualifications,Economics,Sales Executive,Married,45046,2,Yes,2015-04-03,No,7,6,7,0,Senior,45046.0,2022-07-09,4,2,3,2,0,2,4,3,2022,-1,10,3.05,4.0,3.425,3.125,0.825,2.885,-0.7000000000000002,-0.6000000000000001,-0.09999999999999996,2.885
9BD6-2C43,Wallas,Crinage,Non-Binary,27,No Travel,Sales,2,CA,Black,Bachelors,Other,Sales Executive,Divorced,92022,1,No,2015-01-06,No,7,7,7,0,Senior,92022.0,2017-05-06,4,5,4,1,1,2,5,5,2017,0,5,2.933333333333333,4.0,3.7333333333333334,3.4,1.4,3.0933333333333337,-0.09999999999999999,-0.4,0.7000000000000002,3.0933333333333337
9BE8-2C44,Bail,Elsworth,Male,25,Frequent Traveller,Sales,42,IL,Black,Bachelors,Marketing,Sales Executive,Married,72758,2,No,2018-01-12,No,4,3,3,3,Mid,72758.0,2022-06-23,3,2,2,1,2,3,4,3,2022,-1,10,3.962962962962963,3.074074074074074,2.6666666666666665,2.5925925925925926,2.0,2.8592592592592587,-1.187575654052147e-16,-0.4999999999999999,-4.886831086417666e-17,2.8592592592592587
9C24-CD7A,Yoshiko,Abrahart,Female,45,Some Travel,Technology,13,CA,White,High School,Other,Analytics Manager,Single,349793,0,No,2014-07-10,No,8,0,8,6,Junior,349793.0,2022-05-24,3,2,2,1,0,4,5,4,2022,-1,10,3.1555555555555554,3.688888888888889,2.577777777777778,3.2666666666666666,0.37777777777777777,2.6133333333333337,-0.2285714285714286,-0.02857142857142861,-0.14285714285714285,2.6133333333333337
9C27-3F5C,Kinna,Krzyzowski,Female,24,Some Travel,Technology,20,CA,White,No Formal Qualifications,Computer Science,Software Engineer,Divorced,32930,2,Yes,2019-09-24,No,3,3,3,0,Mid,32930.0,2015-05-30,3,5,2,2,2,5,5,5,2015,0,3,4.6,3.8,5.0,3.2,1.2,3.5599999999999996,0.0,0.9999999999999997,0.0,3.5599999999999996
9C57-828C,Stearn,Bever,Male,31,Some Travel,Technology,39,IL,Native American,Bachelors,Computer Science,Senior Software Engineer,Single,242890,0,No,2013-07-11,No,9,3,3,9,Mid,242890.0,2022-03-18,5,3,5,3,1,4,3,3,2022,0,10,3.5510204081632653,4.326530612244898,3.6122448979591835,4.26530612244898,0.7346938775510204,3.29795918367347,-0.17857142857142852,-0.035714285714285726,-0.07142857142857142,3.29795918367347
9C6C-E5CE,Damon,Nice,Non-Binary,23,Frequent Traveller,Technology,15,CA,Asian,Bachelors,Information Systems,Data Scientist,Single,29890,0,No,2017-07-24,No,5,0,1,1,Junior,29890.0,2020-05-04,4,3,5,1,2,5,4,4,2020,0,8,4.666666666666667,4.0,3.380952380952381,3.142857142857143,1.0952380952380953,3.2571428571428576,0.49999999999999983,6.988925454103805e-17,-6.988925454103805e-17,3.2571428571428576
9C71-34AE,Yvor,Walaron,Non-Binary,40,Some Travel,Technology,44,CA,White,High School,Computer Science,Software Engineer,Single,69119,0,No,2012-02-15,No,10,8,10,5,Senior,69119.0,2022-12-17,4,2,2,3,1,2,3,3,2022,0,10,2.6153846153846154,4.288461538461538,3.173076923076923,2.326923076923077,1.3269230769230769,2.746153846153846,-0.09523809523809526,-0.16666666666666674,-0.07142857142857142,2.746153846153846
9C71-61AE,Lonnard,Wrathmell,Male,18,Some Travel,Technology,32,NY,White,No Formal Qualifications,Computer Science,Machine Learning Engineer,Single,50660,1,Yes,2022-04-17,Yes,0,0,0,0,Junior,50660.0,2022-01-21,3,4,5,2,2,5,5,4,2022,-1,10,3.5925925925925926,3.5185185185185186,3.6296296296296298,3.814814814814815,1.3333333333333333,3.177777777777778,-0.03333333333333333,0.3333333333333333,0.03333333333333333,3.177777777777778
9C7D-E1B1,Morly,Gerin,Male,22,Some Travel,Technology,26,CA,White,Bachelors,Information Systems,Machine Learning Engineer,Married,62509,2,No,2019-10-23,Yes,1,0,0,0,Junior,62509.0,2022-10-25,3,3,5,3,0,5,3,3,2022,0,10,3.4444444444444446,3.8333333333333335,3.2777777777777777,3.5185185185185186,0.5925925925925926,2.9333333333333336,-0.2500000000000001,0.1,-1.0316215791560863e-17,2.9333333333333336
9CC0-FF43,Gussy,Gaber,Female,25,Some Travel,Technology,32,NY,Mixed,Bachelors,Information Systems,Software Engineer,Married,35586,0,No,2017-02-17,No,5,4,5,0,Mid,35586.0,2022-12-15,4,1,1,3,3,3,5,5,2022,0,10,3.176470588235294,3.676470588235294,2.5588235294117645,1.4411764705882353,1.8823529411764706,2.5470588235294116,-1.2999999999999998,-0.49999999999999983,0.09999999999999998,2.5470588235294116
9CE9-B0D5,Hilary,McPhee,Male,33,Some Travel,Technology,31,CA,White,No Formal Qualifications,Information Systems,Data Scientist,Married,60754,1,No,2014-06-15,No,8,7,8,1,Senior,60754.0,2022-06-22,3,5,4,1,1,2,4,4,2022,0,10,3.577777777777778,4.355555555555555,3.7111111111111112,4.288888888888889,0.4888888888888889,3.284444444444444,0.11428571428571432,-0.2285714285714286,0.45714285714285713,3.284444444444444
9D01-8A02,Garrett,Forrester,Male,31,Some Travel,Technology,8,IL,White,No Formal Qualifications,Information Systems,Software Engineer,Single,70682,0,No,2014-02-24,No,8,4,8,2,Mid,70682.0,2022-04-17,5,5,3,1,2,2,3,3,2022,0,10,2.911111111111111,4.444444444444445,4.222222222222222,2.888888888888889,1.1555555555555554,3.124444444444445,0.14285714285714285,-0.6571428571428571,-0.2857142857142857,3.124444444444445
9D3C-DA45,Broddy,Jardine,Male,32,Some Travel,Technology,24,CA,Pacific Islander,Bachelors,Information Systems,Data Scientist,Married,41857,1,No,2013-04-12,No,9,0,5,2,Junior,41857.0,2022-05-16,5,3,5,1,1,3,3,3,2022,0,10,3.3469387755102042,4.224489795918367,3.2448979591836733,4.346938775510204,0.7346938775510204,3.1795918367346934,0.17857142857142852,0.10714285714285711,-0.035714285714285685,3.1795918367346934
9D7B-9B37,Eleanor,Hillen,Female,28,Some Travel,Sales,8,CA,Mixed,Bachelors,Marketing,Sales Executive,Married,194964,1,Yes,2012-05-04,No,10,2,2,8,Mid,194964.0,2022-06-04,3,2,5,2,0,5,3,3,2022,0,10,3.6538461538461537,3.6923076923076925,2.730769230769231,4.0576923076923075,0.9423076923076923,3.015384615384615,-0.17857142857142866,0.03571428571428572,-0.05952380952380955,3.015384615384615
9DB1-8C59,Thebault,Bitterton,Male,44,Some Travel,Technology,5,NY,Mixed,Bachelors,Business Studies,Software Engineer,Married,48994,0,No,2014-05-09,No,8,7,7,3,Senior,48994.0,2022-07-29,4,5,2,2,1,2,4,4,2022,0,10,2.911111111111111,4.022222222222222,3.8,3.1333333333333333,1.0,2.9733333333333336,0.34285714285714286,-0.22857142857142856,-0.2,2.9733333333333336
9DB2-76B3,Buck,Klawi,Male,41,Some Travel,Sales,17,NY,White,Bachelors,Economics,Sales Executive,Married,116966,2,No,2012-03-04,No,10,4,10,7,Mid,116966.0,2022-07-24,3,5,3,2,2,2,3,2,2022,-1,10,2.6538461538461537,3.519230769230769,3.480769230769231,3.1538461538461537,1.1346153846153846,2.7884615384615383,0.130952380952381,-0.11904761904761908,-0.14285714285714293,2.7884615384615383
9DB8-F763,Marlin,Upcraft,Male,23,Some Travel,Technology,37,CA,White,Masters,Information Systems,Data Scientist,Married,26406,3,No,2020-01-17,No,2,0,1,0,Junior,26406.0,2022-04-25,1,1,4,2,2,3,5,4,2022,-1,10,3.0,1.0,1.0,4.0,2.0,2.2,0.0,0.0,0.0,2.2
9DFE-1FD5,Angel,Hazeup,Male,42,Some Travel,Human Resources,4,IL,Black,Bachelors,Human Resources,HR Manager,Married,463051,1,No,2012-03-01,No,10,0,10,7,Junior,463051.0,2022-02-08,5,5,2,2,0,3,5,5,2022,0,10,3.3076923076923075,4.134615384615385,3.480769230769231,3.269230769230769,0.36538461538461536,2.911538461538462,-0.023809523809523843,-0.392857142857143,0.130952380952381,2.911538461538462
9E22-6287,Gifford,Poynser,Non-Binary,48,Some Travel,Technology,37,CA,White,Bachelors,Computer Science,Machine Learning Engineer,Single,145337,0,No,2012-01-21,No,10,10,10,0,Senior,145337.0,2022-10-28,5,2,4,3,1,3,3,3,2022,0,10,4.115384615384615,3.5961538461538463,3.2115384615384617,3.3846153846153846,0.5769230769230769,2.976923076923077,-0.3571428571428572,-0.0119047619047619,0.023809523809523805,2.976923076923077
9E7A-1F70,Carita,Strowther,Female,29,Some Travel,Sales,4,CA,Mixed,High School,Marketing,Sales Executive,Single,129356,0,No,2012-05-02,Yes,5,1,1,2,Junior,129356.0,2022-01-06,4,4,3,3,2,3,3,3,2022,0,10,3.6545454545454548,3.6363636363636362,3.1272727272727274,3.963636363636364,1.1090909090909091,3.0981818181818186,-0.048484848484848464,-0.09696969696969698,-0.0060606060606060615,3.0981818181818186
9E87-533E,Cindi,Dudgeon,Female,27,Some Travel,Sales,16,CA,White,Bachelors,Marketing,Manager,Single,225831,1,No,2021-04-25,No,1,1,1,0,Junior,225831.0,2017-01-12,5,2,5,2,0,3,3,2,2017,-1,5,3.0,5.0,2.0,5.0,0.0,3.0,0.0,0.0,0.0,3.0
9E8E-F2FF,Dix,Presley,Female,24,No Travel,Sales,10,CA,Mixed,Masters,Marketing,Sales Executive,Married,65432,0,No,2019-06-15,No,3,1,2,0,Junior,65432.0,2022-12-16,2,1,1,3,2,1,4,4,2022,0,10,2.4210526315789473,2.9473684210526314,2.4210526315789473,1.4736842105263157,1.0526315789473684,2.063157894736842,-2.9999999999999996,-2.9999999999999996,0.0,2.063157894736842
9ED3-ED64,Horatio,Cristoferi,Male,21,Some Travel,Technology,29,NY,White,Masters,Information Systems,Software Engineer,Divorced,31618,2,No,2020-02-13,No,2,0,2,2,Junior,31618.0,2022-03-03,5,4,4,1,0,3,5,5,2022,0,10,3.0,5.0,4.0,4.0,0.0,3.2,0.0,0.0,0.0,3.2
9F02-0D39,Bell,Di Biasi,Female,27,Some Travel,Technology,9,CA,White,High School,Computer Science,Analytics Manager,Married,252301,1,No,2015-05-30,No,7,1,6,5,Junior,252301.0,2022-09-08,4,4,5,3,1,5,5,4,2022,-1,10,3.55,3.825,3.0,4.0,0.95,3.065,-2.997527308224313e-17,0.6000000000000001,0.10000000000000003,3.065
9F65-F612,Patrice,Wearing,Female,28,Some Travel,Technology,33,CA,Asian,Bachelors,Computer Science,Data Scientist,Single,54536,0,No,2012-04-23,Yes,3,3,3,2,Mid,54536.0,2022-05-15,3,2,5,1,1,4,4,3,2022,-1,10,3.4363636363636365,3.9272727272727272,3.727272727272727,3.9272727272727272,1.290909090909091,3.2618181818181817,-0.11515151515151513,0.024242424242424242,0.0484848484848485,3.2618181818181817
9FE1-0345,Eldridge,Artois,Male,28,Some Travel,Technology,6,CA,White,No Formal Qualifications,Information Systems,Data Scientist,Single,87175,0,No,2012-04-21,No,10,6,10,7,Senior,87175.0,2022-11-30,4,1,4,3,3,3,5,4,2022,-1,10,2.826923076923077,3.6346153846153846,2.5961538461538463,3.5384615384615383,0.8846153846153846,2.6961538461538463,-0.5000000000000002,-0.05952380952380954,0.07142857142857145,2.6961538461538463
A067-9F4F,Murray,Rooms,Male,34,Some Travel,Sales,26,NY,White,Masters,Marketing,Sales Executive,Married,215246,1,No,2020-01-15,No,2,0,0,0,Junior,215246.0,2022-09-26,3,2,4,3,1,2,4,3,2022,-1,10,2.0,3.0,2.0,4.0,1.0,2.4,0.0,0.0,0.0,2.4
A072-D80B,Corbett,Weippert,Male,27,Some Travel,Sales,17,CA,White,Doctorate,Marketing,Sales Executive,Married,81294,1,No,2020-02-24,No,2,2,2,2,Mid,81294.0,2022-06-05,3,5,3,3,2,5,3,2,2022,-1,10,5.0,3.0,5.0,3.0,2.0,3.6,0.0,0.0,0.0,3.6
A0EC-C4AE,Eleanora,Issacoff,Female,24,Some Travel,Sales,7,NY,White,Bachelors,Marketing,Sales Executive,Married,106586,1,No,2019-10-14,No,3,1,3,3,Junior,106586.0,2021-11-08,5,5,5,3,0,4,3,3,2021,0,9,4.0,5.0,5.0,5.0,0.0,3.8,0.0,0.0,0.0,3.8
A105-470B,Sancho,Mundle,Male,25,Frequent Traveller,Technology,28,CA,Mixed,No Formal Qualifications,Information Systems,Software Engineer,Single,23993,0,Yes,2016-05-31,No,6,3,4,4,Mid,23993.0,2022-03-31,5,2,3,2,3,4,4,3,2022,-1,10,3.5588235294117645,3.8529411764705883,1.911764705882353,2.9705882352941178,1.8823529411764706,2.835294117647059,-0.5999999999999999,0.3999999999999999,0.09999999999999996,2.835294117647059
A161-29FC,Teriann,Clampett,Non-Binary,22,Some Travel,Technology,6,NY,White,Bachelors,Business Studies,Software Engineer,Married,21649,1,No,2018-12-02,No,4,1,4,1,Junior,21649.0,2022-03-09,3,5,2,3,2,3,3,2,2022,-1,10,3.9473684210526314,3.473684210526316,4.052631578947368,2.473684210526316,1.0526315789473684,2.9999999999999996,1.9999999999999993,-1.9999999999999993,0.0,2.9999999999999996
A184-3B30,Ruperto,Ciccotto,Male,26,Some Travel,Technology,17,IL,Native American,Bachelors,Information Systems,Software Engineer,Married,55778,1,No,2015-11-05,No,7,4,7,6,Mid,55778.0,2022-05-13,3,4,3,1,1,3,3,2,2022,-1,10,3.55,4.15,3.225,3.825,1.45,3.2399999999999998,0.09999999999999999,-0.20000000000000004,1.286579381531857e-17,3.2399999999999998
A1AB-EE7C,Neala,Spandley,Female,32,Some Travel,Sales,38,CA,White,Masters,Marketing,Sales Executive,Single,105091,0,No,2020-05-17,No,2,0,0,1,Junior,105091.0,2022-05-22,4,3,3,3,1,5,4,4,2022,0,10,5.0,4.0,3.0,3.0,1.0,3.2,0.0,0.0,0.0,3.2
A1B4-5481,Zacharie,Manuaud,Male,25,Some Travel,Sales,37,CA,Asian,Bachelors,Economics,Sales Executive,Married,79329,0,No,2016-07-22,Yes,1,1,1,1,Junior,79329.0,2022-04-29,5,4,3,2,0,5,4,3,2022,-1,10,3.9272727272727272,4.527272727272727,2.7636363636363637,3.309090909090909,0.8,3.0654545454545454,-0.024242424242424232,0.018181818181818188,0.11515151515151519,3.0654545454545454
A1DB-6C34,Catie,McCuish,Female,27,Some Travel,Technology,13,NY,Asian,Masters,Computer Science,Machine Learning Engineer,Married,77039,1,No,2015-06-18,No,7,3,6,0,Mid,77039.0,2022-08-08,4,3,3,3,1,2,5,5,2022,0,10,3.325,4.55,3.925,3.35,0.25,3.08,-0.3,-0.3,0.3,3.08
A2AE-FD61,Conrado,Brearley,Male,32,Some Travel,Technology,30,CA,White,No Formal Qualifications,Information Systems,Data Scientist,Married,89960,3,No,2021-05-18,No,1,0,1,1,Junior,89960.0,2015-12-15,3,5,3,1,3,2,4,4,2015,0,3,2.0,3.0,5.0,3.0,3.0,3.2,0.0,0.0,0.0,3.2
A2D0-E2D2,Eryn,Crockley,Female,26,Some Travel,Technology,25,CA,White,Bachelors,Information Systems,Software Engineer,Married,22089,1,Yes,2014-12-15,Yes,1,0,0,0,Junior,22089.0,2022-05-18,5,3,2,2,2,3,3,2,2022,-1,10,3.290909090909091,3.727272727272727,3.4545454545454546,3.4727272727272727,0.8909090909090909,2.9672727272727273,0.103030303030303,-0.1393939393939394,-0.10303030303030306,2.9672727272727273
A2FB-2D5D,Lebbie,Poure,Female,43,Some Travel,Technology,11,CA,White,Doctorate,Information Systems,Analytics Manager,Married,482510,1,No,2012-03-17,No,10,9,9,1,Senior,482510.0,2022-12-21,4,4,1,1,0,2,4,3,2022,-1,10,3.3653846153846154,3.4615384615384617,3.576923076923077,3.230769230769231,0.9807692307692307,2.9230769230769225,0.4047619047619049,0.14285714285714288,-1.6057569012632256e-17,2.9230769230769225
A31A-A90C,Aleksandr,Casetti,Male,36,Some Travel,Technology,7,CA,Black,Bachelors,Information Systems,Data Scientist,Divorced,46773,1,Yes,2014-02-28,No,8,7,8,2,Senior,46773.0,2022-04-24,3,2,3,2,0,4,5,4,2022,-1,10,3.2666666666666666,3.1777777777777776,3.2222222222222223,3.3333333333333335,1.1777777777777778,2.8355555555555556,-0.28571428571428575,0.2571428571428572,-0.08571428571428572,2.8355555555555556
A366-C17A,Jodie,Le Breton De La Vieuville,Male,42,Some Travel,Technology,34,NY,White,Masters,Business Studies,Machine Learning Engineer,Divorced,126463,1,No,2012-04-04,No,10,0,1,8,Junior,126463.0,2022-02-28,5,4,2,2,0,5,4,3,2022,-1,10,3.9615384615384617,4.288461538461538,3.769230769230769,2.769230769230769,1.5,3.257692307692308,0.02380952380952381,0.10714285714285716,0.1428571428571429,3.257692307692308
A409-26AC,Agretha,Shakelade,Non-Binary,25,Frequent Traveller,Technology,34,NY,Black,No Formal Qualifications,Computer Science,Engineering Manager,Married,170803,0,No,2018-04-20,No,4,2,2,3,Mid,170803.0,2022-09-07,4,5,4,3,0,3,4,4,2022,0,10,2.6666666666666665,3.2962962962962963,3.3703703703703702,3.037037037037037,0.2962962962962963,2.533333333333333,0.5000000000000001,4.886831086417666e-17,4.886831086417666e-17,2.533333333333333
A42A-4000,Rusty,Rishbrook,Male,23,No Travel,Sales,10,NY,White,High School,Marketing,Sales Executive,Single,94417,0,No,2019-12-03,No,3,3,3,2,Mid,94417.0,2017-01-20,4,4,3,3,1,3,5,5,2017,0,5,3.0,4.0,4.0,3.0,1.0,3.0,0.0,0.0,0.0,3.0
A4A4-F49C,Nichols,Baty,Male,34,Some Travel,Technology,40,IL,White,Bachelors,Computer Science,Senior Software Engineer,Married,97542,3,No,2012-05-06,No,10,10,10,7,Senior,97542.0,2022-04-23,4,3,4,2,1,2,4,4,2022,0,10,3.230769230769231,4.0576923076923075,3.480769230769231,3.076923076923077,1.0192307692307692,2.973076923076923,-0.023809523809523832,-0.1785714285714286,0.21428571428571436,2.973076923076923
A4E5-CE62,Tandy,Curley,Female,23,Some Travel,Technology,1,CA,White,No Formal Qualifications,Information Systems,Machine Learning Engineer,Divorced,62324,2,No,2019-08-14,No,3,1,3,3,Junior,62324.0,2022-11-18,3,3,4,3,1,5,5,4,2022,-1,10,3.5789473684210527,3.473684210526316,2.526315789473684,3.0526315789473686,1.0,2.726315789473684,0.9999999999999997,2.9999999999999996,1.9999999999999993,2.726315789473684
A531-8159,Carlyn,Pavese,Female,37,No Travel,Technology,16,NY,Mixed,Bachelors,Information Systems,Data Scientist,Divorced,82099,2,No,2012-02-23,No,10,1,7,6,Junior,82099.0,2022-04-11,5,2,5,2,0,5,4,4,2022,0,10,4.076923076923077,4.3076923076923075,3.6538461538461537,3.7884615384615383,1.9423076923076923,3.553846153846153,0.03571428571428571,0.09523809523809527,-0.17857142857142866,3.553846153846153
A53B-DF3C,Sadye,Wiggin,Female,22,Some Travel,Technology,2,NY,White,Masters,Computer Science,Data Scientist,Married,39732,1,Yes,2018-01-08,No,4,1,2,2,Junior,39732.0,2022-03-30,5,5,2,3,0,5,3,2,2022,-1,10,3.111111111111111,3.3703703703703702,3.6666666666666665,2.6296296296296298,0.2962962962962963,2.6148148148148147,2.8350207421629134e-16,1.4999999999999998,-1.4999999999999991,2.6148148148148147
A590-DF69,Cortney,Wann,Female,28,Some Travel,Technology,24,CA,Mixed,Bachelors,Computer Science,Software Engineer,Married,71553,1,No,2015-12-30,No,7,6,6,0,Senior,71553.0,2020-03-11,3,3,3,2,2,4,5,4,2020,-1,8,3.3333333333333335,4.3,4.133333333333334,3.1666666666666665,2.066666666666667,3.4,-0.2,-0.20000000000000007,2.997527308224313e-17,3.4
A696-1216,Cynthy,Gainsford,Female,36,Some Travel,Sales,37,CA,Mixed,Bachelors,Marketing,Sales Executive,Divorced,192475,2,No,2014-07-20,No,8,2,2,0,Mid,192475.0,2022-11-12,5,2,5,2,2,3,5,4,2022,-1,10,3.2666666666666666,4.022222222222222,3.4,3.8666666666666667,0.7777777777777778,3.066666666666667,-0.2571428571428571,0.2571428571428572,0.05714285714285717,3.066666666666667
A6AA-56AE,Corie,Rizzardo,Female,19,Some Travel,Technology,18,IL,White,Bachelors,Computer Science,Software Engineer,Single,28346,0,No,2021-06-07,No,1,1,1,1,Junior,28346.0,2020-10-22,3,3,2,2,1,3,3,3,2020,0,8,3.0,3.0,3.0,2.0,1.0,2.4,0.0,0.0,0.0,2.4
A71E-A9DC,Greta,Turneux,Female,31,Frequent Traveller,Sales,21,NY,Asian,Bachelors,Marketing,Sales Executive,Single,253719,0,No,2013-02-12,No,9,2,4,3,Mid,253719.0,2022-09-15,3,4,1,2,1,1,4,4,2022,0,10,2.3877551020408165,3.979591836734694,4.510204081632653,3.4285714285714284,0.9387755102040817,3.0489795918367344,0.14285714285714282,-0.32142857142857134,0.4999999999999999,3.0489795918367344
A76C-AEB3,Oren,Milella,Male,25,Some Travel,Technology,10,CA,White,Bachelors,Business Studies,Machine Learning Engineer,Married,145905,2,Yes,2015-06-07,No,7,3,3,2,Mid,145905.0,2022-10-23,4,5,3,1,2,2,3,3,2022,0,10,3.05,3.95,4.15,3.2,1.05,3.0800000000000005,0.6,-0.6000000000000001,-1.286579381531857e-17,3.0800000000000005
A7BB-F5A7,Anna-diana,Horbart,Female,37,Some Travel,Sales,17,CA,White,Masters,Economics,Manager,Single,476151,0,No,2014-12-08,No,8,3,4,8,Mid,476151.0,2022-03-14,4,3,1,3,2,1,3,3,2022,0,10,3.8444444444444446,3.8444444444444446,3.8444444444444446,3.311111111111111,1.4444444444444444,3.2577777777777777,0.02857142857142856,-0.4000000000000001,0.1428571428571429,3.2577777777777777
A7F8-24EA,Antonio,Nayer,Male,24,Some Travel,Technology,35,CA,Black,Bachelors,Information Systems,Machine Learning Engineer,Married,128126,0,Yes,2017-04-04,No,5,0,0,5,Junior,128126.0,2022-07-03,5,2,3,1,2,4,4,4,2022,0,10,3.264705882352941,4.088235294117647,3.088235294117647,4.411764705882353,1.0294117647058822,3.1764705882352944,-1.0999999999999996,0.09999999999999996,0.19999999999999996,3.1764705882352944
A807-DE5D,Bobbye,Alexandrescu,Non-Binary,47,Some Travel,Technology,13,CA,White,Bachelors,Computer Science,Data Scientist,Divorced,61915,1,No,2014-01-07,No,8,2,4,7,Mid,61915.0,2020-03-29,3,2,3,1,1,3,4,3,2020,-1,8,3.2857142857142856,3.8857142857142857,3.6,3.5714285714285716,0.7428571428571429,3.017142857142857,0.03571428571428573,0.17857142857142852,0.07142857142857142,3.017142857142857
A848-F98B,Scot,Yakebovich,Male,25,Some Travel,Technology,37,CA,Black,High School,Computer Science,Data Scientist,Married,38038,0,No,2018-01-26,Yes,2,1,1,1,Junior,38038.0,2022-05-10,3,2,3,3,0,2,5,5,2022,0,10,3.672727272727273,3.7454545454545456,3.290909090909091,2.981818181818182,0.8363636363636363,2.9054545454545453,-0.07272727272727274,-0.15151515151515155,0.04242424242424242,2.9054545454545453
A859-9A84,Guthrie,Blunt,Male,23,Some Travel,Technology,26,NY,White,High School,Computer Science,Data Scientist,Divorced,31426,1,No,2019-09-12,No,3,1,2,0,Junior,31426.0,2021-12-23,5,2,2,3,0,3,3,2,2021,-1,9,3.4705882352941178,4.0588235294117645,2.9411764705882355,2.4705882352941178,1.411764705882353,2.8705882352941177,-1.9999999999999993,-0.9999999999999997,-0.9999999999999997,2.8705882352941177
A862-3880,Ludvig,Gadman,Male,22,Some Travel,Technology,10,CA,Black,Bachelors,Computer Science,Senior Software Engineer,Married,66552,1,Yes,2018-12-30,No,4,1,2,0,Junior,66552.0,2022-11-21,2,3,1,2,1,1,4,3,2022,-1,10,2.8947368421052633,2.473684210526316,3.473684210526316,1.9473684210526316,1.0,2.357894736842105,-0.9999999999999997,-3.9999999999999987,0.9999999999999997,2.357894736842105
A885-BF42,Donavon,Hallet,Male,24,Some Travel,Technology,19,CA,White,High School,Computer Science,Data Scientist,Single,32173,0,No,2018-12-24,No,4,1,4,1,Junior,32173.0,2022-02-02,3,1,2,1,0,1,5,5,2022,0,10,2.4210526315789473,3.0,1.4736842105263157,2.0,0.47368421052631576,1.8736842105263158,-0.9999999999999997,-2.9999999999999996,0.9999999999999997,1.8736842105263158
A896-CDE2,Wrennie,Quinton,Female,25,Some Travel,Technology,16,CA,White,Doctorate,Information Systems,Software Engineer,Married,28317,0,Yes,2015-05-13,No,7,4,6,5,Mid,28317.0,2022-12-21,4,4,4,3,1,4,3,3,2022,0,10,3.525,3.95,3.45,3.175,0.775,2.9750000000000005,0.20000000000000004,0.5,0.3,2.9750000000000005
A89C-9A1E,Seline,Hanlin,Female,21,Some Travel,Technology,30,CA,White,Bachelors,Business Studies,Data Scientist,Divorced,56422,1,No,2020-12-12,No,2,2,2,1,Mid,56422.0,2022-06-26,5,5,3,3,1,2,4,3,2022,-1,10,2.0,5.0,5.0,3.0,1.0,3.2,0.0,0.0,0.0,3.2
A91B-7DC5,Stephanie,Harradence,Female,42,Some Travel,Technology,43,CA,Black,Masters,Computer Science,Machine Learning Engineer,Divorced,110069,1,No,2013-12-26,No,9,3,8,4,Mid,110069.0,2022-06-13,1,2,2,3,2,3,3,2,2022,-1,10,3.2653061224489797,3.795918367346939,3.4693877551020407,3.061224489795918,0.7551020408163265,2.869387755102041,-0.42857142857142855,-0.03571428571428569,-0.28571428571428564,2.869387755102041
A923-9EF6,Alaine,Hinrichsen,Female,41,Frequent Traveller,Technology,7,CA,Black,No Formal Qualifications,Business Studies,Machine Learning Engineer,Single,107008,0,No,2012-02-05,No,10,9,10,9,Senior,107008.0,2022-12-04,3,2,2,1,1,5,4,4,2022,0,10,3.519230769230769,3.75,3.980769230769231,3.7884615384615383,1.5,3.307692307692308,-0.1785714285714286,0.1785714285714287,0.15476190476190482,3.307692307692308
A954-6310,Rosaline,Griffe,Female,29,Some Travel,Technology,45,CA,White,Bachelors,Computer Science,Machine Learning Engineer,Married,207952,1,Yes,2013-08-17,No,9,9,9,7,Senior,207952.0,2022-03-26,3,5,2,1,3,2,5,4,2022,-1,10,3.1020408163265305,3.3469387755102042,3.183673469387755,3.122448979591837,1.2040816326530612,2.7918367346938777,0.32142857142857134,-0.5714285714285713,0.17857142857142852,2.7918367346938777
A9EB-9E41,Jacki,Mitro,Female,30,Some Travel,Technology,30,NY,Asian,No Formal Qualifications,Computer Science,Machine Learning Engineer,Married,228438,1,No,2012-04-30,No,10,6,9,10,Senior,228438.0,2022-12-24,3,5,4,2,1,5,4,3,2022,-1,10,3.519230769230769,3.6923076923076925,3.6923076923076925,3.4423076923076925,0.8076923076923077,3.030769230769231,0.0833333333333334,0.02380952380952386,-0.07142857142857145,3.030769230769231
AA19-95BD,Avrom,Low,Male,33,Some Travel,Sales,43,NY,White,Masters,Marketing,Sales Executive,Single,165988,0,Yes,2021-05-08,Yes,1,0,0,0,Junior,165988.0,2022-10-16,5,5,3,3,0,4,5,5,2022,0,10,3.5185185185185186,4.092592592592593,4.203703703703703,3.4074074074074074,0.7407407407407407,3.192592592592592,0.08333333333333334,0.06666666666666668,0.28333333333333344,3.192592592592592
AA3A-EC19,Townsend,Dunrige,Male,38,Some Travel,Technology,45,CA,White,High School,Information Systems,Engineering Manager,Divorced,439935,1,Yes,2021-06-22,No,1,1,1,1,Junior,439935.0,2022-07-19,4,5,2,1,1,5,3,3,2022,0,10,5.0,4.0,5.0,2.0,1.0,3.4,0.0,0.0,0.0,3.4
AA67-CB22,Obadias,Izhaky,Male,26,Some Travel,Technology,4,IL,White,Masters,Computer Science,Senior Software Engineer,Single,167509,0,No,2015-05-19,No,7,6,6,0,Senior,167509.0,2022-06-24,5,5,3,1,3,2,4,4,2022,0,10,2.1,3.575,3.325,3.5,1.5,2.8,0.5,0.4000000000000001,-4.5765876856059633e-17,2.8
AA87-13D8,Rita,Chrismas,Female,32,Frequent Traveller,Technology,15,CA,White,High School,Information Systems,Data Scientist,Married,44388,1,No,2013-10-10,No,9,8,9,8,Senior,44388.0,2022-07-19,4,3,3,1,2,3,5,4,2022,-1,10,3.1020408163265305,3.7551020408163267,3.673469387755102,3.142857142857143,1.0816326530612246,2.951020408163265,-0.07142857142857141,-0.3214285714285714,5.758524823251576e-18,2.951020408163265
AACC-8B93,Kaleena,Ellsbury,Female,36,Frequent Traveller,Technology,2,CA,White,Bachelors,Information Systems,Analytics Manager,Divorced,462687,1,No,2020-04-27,No,2,2,2,0,Mid,462687.0,2022-10-22,2,1,2,3,0,2,4,4,2022,0,10,2.0,2.0,1.0,2.0,0.0,1.4,0.0,0.0,0.0,1.4
AAD7-8DDC,Simeon,Cosslett,Male,50,No Travel,Technology,11,NY,White,No Formal Qualifications,Computer Science,Engineering Manager,Divorced,337946,2,No,2020-08-15,No,2,1,2,1,Junior,337946.0,2022-12-31,4,5,2,1,2,2,4,4,2022,0,10,2.0,4.0,5.0,2.0,2.0,3.0,0.0,0.0,0.0,3.0
AB03-8820,Daryle,Boarder,Male,43,Some Travel,Sales,3,IL,Mixed,No Formal Qualifications,Economics,Manager,Married,313198,1,No,2013-03-28,No,9,5,9,2,Senior,313198.0,2022-01-23,4,4,2,1,1,5,5,5,2022,0,10,4.285714285714286,3.693877551020408,2.5918367346938775,3.6122448979591835,0.5510204081632653,2.946938775510204,-0.21428571428571422,2.219676968008671e-17,0.17857142857142852,2.946938775510204
AB3B-98D9,Franky,Dorie,Male,22,Some Travel,Technology,32,CA,White,Masters,Other,Software Engineer,Married,34823,2,No,2019-10-21,No,3,3,3,3,Mid,34823.0,2021-07-08,3,3,5,3,3,3,3,2,2021,-1,9,3.0,3.0,3.0,5.0,3.0,3.4,0.0,0.0,0.0,3.4
AB4A-E71A,Theodor,Smaleman,Male,43,Some Travel,Sales,3,IL,White,Bachelors,Marketing,Manager,Married,429939,1,Yes,2013-09-05,No,9,3,3,7,Mid,429939.0,2022-11-08,1,2,3,3,1,3,4,3,2022,-1,10,2.4081632653061225,2.7551020408163267,2.979591836734694,2.7142857142857144,0.8979591836734694,2.3510204081632655,-0.28571428571428564,-0.2857142857142857,0.035714285714285705,2.3510204081632655
AB5F-244C,Horst,Mynett,Male,36,Some Travel,Technology,7,CA,Black,Masters,Computer Science,Data Scientist,Divorced,73643,1,No,2012-04-14,No,10,0,7,9,Junior,73643.0,2022-06-15,1,1,3,1,3,4,3,2,2022,-1,10,3.9423076923076925,3.3076923076923075,3.3846153846153846,3.1923076923076925,1.6346153846153846,3.0923076923076924,-0.2976190476190477,-0.07142857142857148,-0.011904761904761906,3.0923076923076924
AB61-2A7E,Mala,Van Castele,Female,22,Some Travel,Sales,29,IL,White,No Formal Qualifications,Economics,Sales Representative,Married,20802,0,No,2020-01-01,No,2,2,2,1,Mid,20802.0,2013-05-09,4,2,3,3,1,5,4,3,2013,-1,1,5.0,4.0,2.0,3.0,1.0,3.0,0.0,0.0,0.0,3.0
AB81-A3A0,Jerrome,Furney,Male,29,Some Travel,Sales,14,CA,White,Masters,Marketing,Sales Executive,Married,96319,2,No,2013-06-14,No,9,1,4,5,Junior,96319.0,2022-04-17,5,5,4,2,0,3,3,2,2022,-1,10,3.510204081632653,4.510204081632653,3.7755102040816326,2.673469387755102,0.7755102040816326,3.0489795918367344,0.10714285714285711,-0.10714285714285714,-0.35714285714285704,3.0489795918367344
ABB0-9B03,Josi,Ogilvy,Female,21,Some Travel,Technology,44,NY,Black,Masters,Computer Science,Software Engineer,Married,46366,1,No,2019-05-16,No,3,0,3,0,Junior,46366.0,2022-07-05,4,4,5,2,2,4,4,3,2022,-1,10,3.0526315789473686,3.526315789473684,3.526315789473684,4.526315789473684,2.0,3.3263157894736843,0.9999999999999997,1.9999999999999993,-0.9999999999999997,3.3263157894736843
ABC2-0036,Gerta,Littlewood,Female,24,Some Travel,Technology,17,NY,Mixed,Bachelors,Information Systems,Data Scientist,Married,101408,3,No,2018-05-31,No,4,0,2,1,Junior,101408.0,2022-03-05,3,3,5,3,0,3,4,3,2022,-1,10,2.962962962962963,3.2962962962962963,2.037037037037037,4.074074074074074,0.6666666666666666,2.6074074074074076,0.4999999999999999,-0.4999999999999998,-0.4999999999999998,2.6074074074074076
ABDA-F749,Emmit,Le Provost,Male,27,Some Travel,Technology,42,NY,Native American,Bachelors,Other,Machine Learning Engineer,Married,49343,1,No,2016-06-16,No,6,3,3,0,Mid,49343.0,2022-06-28,2,1,1,2,1,1,4,4,2022,0,10,1.7058823529411764,3.4705882352941178,2.7941176470588234,2.5588235294117645,1.5294117647058822,2.411764705882353,-1.3999999999999997,-0.29999999999999993,0.0,2.411764705882353
AC19-7EE7,Aube,Bassill,Male,25,Some Travel,Sales,38,NY,Mixed,Bachelors,Marketing,Sales Executive,Divorced,86485,1,Yes,2015-09-07,No,7,6,6,0,Senior,86485.0,2022-04-14,4,2,3,3,1,3,4,3,2022,-1,10,4.1,3.9,2.1,3.175,1.5,2.9549999999999996,-0.4,-0.4,-0.39999999999999997,2.9549999999999996
ACA5-348E,Theodoric,Mateo,Male,22,Some Travel,Technology,8,CA,Black,Bachelors,Computer Science,Software Engineer,Single,26158,0,No,2019-06-18,No,3,0,3,1,Junior,26158.0,2022-07-10,4,5,5,3,0,3,4,4,2022,0,10,3.0,4.473684210526316,4.052631578947368,3.5789473684210527,0.9473684210526315,3.210526315789474,1.9999999999999993,0.0,0.0,3.210526315789474
ACA9-5DC2,Mireielle,Chstney,Female,46,Frequent Traveller,Sales,14,NY,White,No Formal Qualifications,Economics,Sales Executive,Married,205159,1,No,2012-03-07,No,10,1,9,6,Junior,205159.0,2022-12-29,2,3,1,3,0,4,5,4,2022,-1,10,3.230769230769231,3.6538461538461537,4.115384615384615,3.5961538461538463,0.5961538461538461,3.0384615384615388,-0.011904761904761939,0.2857142857142858,0.3690476190476191,3.0384615384615388
ACB2-6640,Julee,Corfield,Female,24,Some Travel,Sales,16,CA,White,Masters,Marketing,Sales Executive,Divorced,75250,1,No,2018-06-29,No,4,0,0,0,Junior,75250.0,2022-12-02,1,2,4,3,1,2,5,5,2022,0,10,2.2962962962962963,3.2222222222222223,2.6296296296296298,3.6666666666666665,0.6666666666666666,2.496296296296296,-0.49999999999999983,-0.49999999999999983,1.4999999999999998,2.496296296296296
ACD5-5FA2,Judye,Offield,Female,28,Some Travel,Sales,17,CA,White,Bachelors,Technical Degree,Sales Representative,Divorced,70787,2,Yes,2015-11-26,No,7,2,5,5,Mid,70787.0,2022-03-05,3,5,3,2,0,3,3,3,2022,0,10,3.525,3.65,4.05,3.85,1.0,3.215,0.19999999999999993,-0.3000000000000001,-0.09999999999999996,3.215
ACF7-5B99,Janeczka,Osmond,Female,26,Some Travel,Sales,17,CA,Asian,Masters,Marketing,Sales Executive,Single,97811,0,Yes,2015-05-16,No,7,3,6,4,Mid,97811.0,2022-04-21,4,2,2,2,1,5,3,2,2022,-1,10,3.55,4.375,3.025,3.5,0.75,3.04,0.10000000000000003,0.6000000000000001,-0.2,3.04
AD0D-E79F,Cleve,Braben,Male,22,Some Travel,Sales,16,CA,White,High School,Marketing,Sales Executive,Married,53220,2,Yes,2021-11-28,Yes,0,0,0,0,Junior,53220.0,2022-02-03,5,4,2,1,1,4,3,2,2022,-1,10,3.8703703703703702,4.296296296296297,4.351851851851852,3.814814814814815,0.9074074074074074,3.4481481481481486,0.21666666666666667,0.08333333333333336,-0.15000000000000005,3.4481481481481486
AD1C-2AC5,Phylys,Twede,Female,22,No Travel,Technology,6,CA,White,High School,Information Systems,Data Scientist,Divorced,38169,3,No,2018-09-11,No,4,4,4,4,Mid,38169.0,2022-11-07,2,4,3,2,0,4,4,3,2022,-1,10,3.4074074074074074,3.888888888888889,3.037037037037037,3.5925925925925926,1.0,2.985185185185185,0.4999999999999999,0.9999999999999996,-0.4999999999999999,2.985185185185185
ADA1-966E,Christian,Tinson,Female,40,Some Travel,Technology,29,CA,White,Bachelors,Computer Science,Engineering Manager,Married,304343,1,Yes,2018-10-27,No,4,2,4,0,Mid,304343.0,2021-12-24,3,2,4,2,0,4,3,2,2021,-1,9,4.470588235294118,3.4705882352941178,2.4705882352941178,4.470588235294118,0.0,2.976470588235294,-0.9999999999999997,-0.9999999999999997,-0.9999999999999997,2.976470588235294
ADB8-7B07,Oona,Offer,Female,47,Some Travel,Technology,23,NY,White,No Formal Qualifications,Computer Science,Senior Software Engineer,Married,221827,1,No,2021-06-05,No,1,0,0,1,Junior,221827.0,2021-05-01,3,3,4,3,1,5,3,2,2021,-1,9,5.0,3.0,3.0,4.0,1.0,3.2,0.0,0.0,0.0,3.2
ADF8-AD57,Trip,Bennell,Male,27,Some Travel,Technology,28,CA,White,Bachelors,Computer Science,Data Scientist,Single,20387,0,No,2016-08-16,Yes,0,0,0,0,Junior,20387.0,2022-05-03,5,3,4,2,2,3,3,3,2022,0,10,3.036363636363636,4.345454545454546,3.327272727272727,3.4727272727272727,1.4181818181818182,3.12,-0.18181818181818188,-0.10909090909090911,-0.02424242424242427,3.12
AE33-DDE7,Pablo,Kerin,Male,25,Some Travel,Technology,26,CA,White,Bachelors,Information Systems,Senior Software Engineer,Single,85412,0,No,2016-02-23,No,6,0,5,6,Junior,85412.0,2022-07-19,5,3,2,3,1,4,4,4,2022,0,10,3.5588235294117645,4.0588235294117645,3.4705882352941178,3.0,1.0,3.0176470588235293,-0.19999999999999996,0.3999999999999999,0.3,3.0176470588235293
AE51-5502,Randy,Luxford,Male,23,Some Travel,Technology,19,NY,Native American,Masters,Business Studies,Data Scientist,Married,25986,1,No,2017-02-08,No,5,4,4,3,Mid,25986.0,2022-08-15,4,3,2,1,1,2,5,4,2022,-1,10,3.6176470588235294,4.0,3.176470588235294,2.911764705882353,0.7941176470588235,2.9,-0.49999999999999983,-0.8999999999999997,0.6999999999999998,2.9
AE73-B863,Jeffry,Wastling,Male,32,Some Travel,Sales,15,NY,Mixed,Masters,Technical Degree,Sales Executive,Married,208435,1,No,2019-04-18,No,3,1,2,1,Junior,208435.0,2022-02-12,3,4,2,2,0,5,5,5,2022,0,10,3.5789473684210527,3.9473684210526314,3.0526315789473686,2.0,0.47368421052631576,2.610526315789474,1.9999999999999993,2.9999999999999996,2.9999999999999996,2.610526315789474
AE9F-5268,Ev,Bravington,Male,22,Some Travel,Technology,6,IL,White,Bachelors,Computer Science,Software Engineer,Divorced,43072,1,Yes,2020-07-09,No,2,1,2,1,Junior,43072.0,2022-12-22,3,5,2,3,1,5,5,5,2022,0,10,5.0,3.0,5.0,2.0,1.0,3.2,0.0,0.0,0.0,3.2
AEDB-BB62,Munmro,Ledamun,Male,39,Some Travel,Technology,34,CA,Mixed,No Formal Qualifications,Computer Science,Machine Learning Engineer,Divorced,264285,1,No,2012-03-23,No,10,10,10,1,Senior,264285.0,2022-04-09,4,2,2,2,1,4,5,5,2022,0,10,3.3653846153846154,4.173076923076923,2.8846153846153846,2.3846153846153846,0.9230769230769231,2.746153846153846,-0.1428571428571429,0.14285714285714285,0.23809523809523817,2.746153846153846
AEEC-804D,Vannie,Kissell,Female,23,No Travel,Technology,24,NY,Mixed,Masters,Computer Science,Senior Software Engineer,Divorced,69325,1,No,2018-07-04,No,4,3,4,4,Mid,69325.0,2022-08-27,4,4,2,1,0,4,3,3,2022,0,10,3.3333333333333335,4.0,3.6296296296296298,2.888888888888889,0.3333333333333333,2.8370370370370375,-0.49999999999999983,1.187575654052147e-16,-4.886831086417666e-17,2.8370370370370375
AF11-04C3,Joni,Byre,Female,27,Some Travel,Sales,19,CA,Native American,Masters,Marketing,Manager,Married,149813,0,No,2016-08-30,No,6,0,1,1,Junior,149813.0,2022-06-29,4,4,3,3,0,2,3,2,2022,-1,10,2.0,3.5294117647058822,2.5294117647058822,3.4411764705882355,0.47058823529411764,2.3941176470588235,0.19999999999999993,0.0,-0.3999999999999999,2.3941176470588235
AF58-5D1B,Jeri,MacDiarmid,Female,36,Some Travel,Technology,35,NY,White,High School,Computer Science,Software Engineer,Married,60585,2,No,2013-02-05,No,9,0,7,9,Junior,60585.0,2022-07-07,3,2,4,2,0,4,3,2,2022,-1,10,3.4285714285714284,3.3877551020408165,2.857142857142857,3.877551020408163,0.42857142857142855,2.7959183673469385,9.024077832896713e-18,-2.622154670248244e-17,-0.07142857142857141,2.7959183673469385
AF5D-A8C8,Jedidiah,Orrick,Male,24,Some Travel,Sales,27,CA,White,Masters,Marketing,Sales Executive,Married,86102,0,Yes,2021-05-04,Yes,0,0,0,0,Junior,86102.0,2022-12-18,4,1,4,1,0,3,3,3,2022,0,10,3.6481481481481484,3.8333333333333335,3.3333333333333335,4.148148148148148,0.6296296296296297,3.1185185185185182,-2.1377155494385437e-17,-0.11666666666666667,-0.08333333333333334,3.1185185185185182
AF77-0F6B,Germana,Ludlom,Female,36,Some Travel,Technology,21,CA,Mixed,Masters,Computer Science,Software Engineer,Divorced,57327,2,No,2014-04-24,No,8,5,8,4,Senior,57327.0,2022-08-03,5,2,4,2,0,4,5,4,2022,-1,10,3.688888888888889,5.0,2.977777777777778,3.488888888888889,1.1777777777777778,3.266666666666667,-0.48571428571428565,0.05714285714285715,-0.14285714285714282,3.266666666666667
AFA8-5058,Dame,Andrzejewski,Male,20,Some Travel,Human Resources,8,CA,White,Masters,Human Resources,Recruiter,Divorced,26186,0,Yes,2020-03-06,Yes,2,0,0,0,Junior,26186.0,2022-08-13,2,1,4,1,1,3,3,2,2022,-1,10,3.037037037037037,3.759259259259259,2.537037037037037,3.7962962962962963,1.4259259259259258,2.9111111111111105,-0.21666666666666662,0.03333333333333333,-0.05000000000000003,2.9111111111111105
AFDF-3DA8,Mikkel,Fosdyke,Male,41,Some Travel,Sales,35,NY,White,No Formal Qualifications,Marketing,Manager,Married,314961,1,No,2021-05-23,Yes,0,0,0,0,Junior,314961.0,2022-11-07,5,3,5,2,1,3,3,3,2022,0,10,2.685185185185185,4.148148148148148,3.425925925925926,3.240740740740741,0.8703703703703703,2.8740740740740742,-0.01666666666666665,-0.1833333333333334,-0.049999999999999996,2.8740740740740742
AFE1-76D3,Keelby,Pariss,Male,21,Some Travel,Technology,30,CA,White,No Formal Qualifications,Computer Science,Software Engineer,Married,31624,0,No,2019-09-08,No,3,3,3,2,Mid,31624.0,2022-06-05,3,2,5,3,0,3,5,5,2022,0,10,3.9473684210526314,3.0,2.9473684210526314,4.526315789473684,0.47368421052631576,2.9789473684210526,-1.9999999999999993,-1.9999999999999993,2.9999999999999996,2.9789473684210526
B005-602F,Layney,Ratie,Female,19,Some Travel,Technology,11,CA,Black,Masters,Computer Science,Software Engineer,Single,27760,3,Yes,2022-11-06,Yes,0,0,0,0,Junior,27760.0,2022-03-09,5,3,5,1,1,5,4,3,2022,-1,10,3.925925925925926,4.148148148148148,3.4814814814814814,3.8703703703703702,1.0,3.2851851851851848,-0.16666666666666669,0.13333333333333333,0.05000000000000002,3.2851851851851848
B013-7D0C,Carline,Mort,Female,28,Some Travel,Technology,24,CA,Mixed,Bachelors,Information Systems,Data Scientist,Married,46313,1,Yes,2013-08-30,Yes,1,1,1,0,Junior,46313.0,2022-04-08,5,3,3,2,2,4,5,5,2022,0,10,3.1454545454545455,4.218181818181818,4.163636363636364,3.709090909090909,0.6727272727272727,3.1818181818181817,0.04242424242424244,-0.10303030303030304,0.13939393939393943,3.1818181818181817
B063-A2B5,Forester,Bentjens,Male,41,Some Travel,Sales,11,IL,Mixed,No Formal Qualifications,Marketing,Sales Executive,Married,81654,0,No,2014-11-28,No,8,3,4,7,Mid,81654.0,2022-11-16,1,3,1,2,1,3,4,4,2022,0,10,2.688888888888889,3.0444444444444443,2.911111111111111,2.533333333333333,0.6,2.355555555555555,-0.2285714285714286,0.05714285714285717,-0.05714285714285714,2.355555555555555
B09D-DFEC,Eustace,Skune,Male,47,Some Travel,Technology,37,CA,White,No Formal Qualifications,Information Systems,Data Scientist,Married,62999,1,No,2013-04-06,No,9,2,3,7,Mid,62999.0,2022-09-05,5,2,5,3,0,4,5,4,2022,-1,10,4.26530612244898,3.795918367346939,2.9183673469387754,3.3877551020408165,1.2040816326530612,3.1142857142857148,-0.6428571428571427,-0.03571428571428573,0.14285714285714282,3.1142857142857148
B0B9-19C6,Lorna,Kuzma,Female,22,Some Travel,Sales,25,CA,White,Bachelors,Other,Sales Executive,Married,48716,1,No,2021-05-22,No,1,1,1,1,Junior,48716.0,2022-01-31,5,5,5,3,0,4,3,3,2022,0,10,4.0,5.0,5.0,5.0,0.0,3.8,0.0,0.0,0.0,3.8
B0C2-0E3D,Cindy,Mordanti,Female,22,Some Travel,Sales,22,CA,White,No Formal Qualifications,Other,Sales Executive,Married,48698,0,Yes,2021-02-18,No,1,0,1,1,Junior,48698.0,2022-03-27,1,2,1,1,0,4,5,4,2022,-1,10,4.0,1.0,2.0,1.0,0.0,1.6,0.0,0.0,0.0,1.6
B0C3-E578,Shela,Toseland,Female,32,Frequent Traveller,Technology,14,CA,Black,No Formal Qualifications,Computer Science,Machine Learning Engineer,Divorced,97595,2,No,2014-04-20,No,8,0,0,1,Junior,97595.0,2022-02-01,3,2,5,2,3,4,4,3,2022,-1,10,3.1777777777777776,3.533333333333333,3.066666666666667,4.088888888888889,1.4666666666666666,3.0666666666666664,-0.6857142857142857,0.028571428571428567,0.2,3.0666666666666664
B0C8-E3DF,Eleanor,Escalero,Female,19,Frequent Traveller,Human Resources,24,IL,White,Bachelors,Economics,Recruiter,Married,25838,1,No,2021-05-06,No,1,0,0,0,Junior,25838.0,2021-12-24,5,2,2,2,0,5,4,3,2021,-1,9,5.0,5.0,2.0,2.0,0.0,2.8,0.0,0.0,0.0,2.8
B102-5713,Adlai,Pettit,Non-Binary,27,Some Travel,Sales,31,CA,Mixed,Doctorate,Marketing,Manager,Single,205622,0,No,2015-08-19,No,7,5,5,3,Senior,205622.0,2022-09-30,5,5,2,3,1,2,3,3,2022,0,10,3.05,3.875,3.225,3.2,0.925,2.8550000000000004,0.0999999999999999,0.20000000000000004,-0.10000000000000003,2.8550000000000004
B122-D3D2,Gigi,Wrack,Female,26,Some Travel,Technology,21,CA,White,High School,Other,Data Scientist,Married,89366,1,No,2017-01-30,No,5,5,5,0,Senior,89366.0,2022-02-03,4,4,5,2,1,4,5,5,2022,0,10,3.0294117647058822,3.823529411764706,3.588235294117647,4.235294117647059,1.0294117647058822,3.1411764705882352,0.5999999999999998,0.19999999999999996,0.19999999999999993,3.1411764705882352
B148-55FB,Marius,Champkin,Male,38,Frequent Traveller,Technology,23,CA,Native American,Masters,Computer Science,Machine Learning Engineer,Single,231699,0,No,2018-11-06,Yes,1,0,0,0,Junior,231699.0,2022-04-30,5,2,2,3,0,3,5,5,2022,0,10,3.5185185185185186,4.0,3.185185185185185,3.2037037037037037,1.4074074074074074,3.0629629629629633,-0.3333333333333334,-0.23333333333333336,-0.01666666666666665,3.0629629629629633
B1BC-0011,Rea,Legister,Female,23,Some Travel,Technology,37,NY,White,High School,Business Studies,Data Scientist,Divorced,36098,3,No,2018-01-01,No,4,3,3,1,Mid,36098.0,2022-10-30,4,4,5,1,0,4,5,5,2022,0,10,3.6296296296296298,4.037037037037037,3.6296296296296298,3.740740740740741,0.8888888888888888,3.1851851851851856,-0.49999999999999983,-0.49999999999999983,0.9999999999999997,3.1851851851851856
B1EC-849B,Paule,Mapplebeck,Female,28,Some Travel,Sales,1,CA,White,Masters,Marketing,Sales Executive,Married,87039,1,No,2012-05-13,No,10,3,5,4,Mid,87039.0,2022-03-04,4,4,4,1,2,4,3,2,2022,-1,10,4.269230769230769,3.8846153846153846,3.980769230769231,3.4038461538461537,0.9615384615384616,3.2999999999999994,0.130952380952381,-0.130952380952381,-0.03571428571428569,3.2999999999999994
B24C-18BF,Timothy,Plewright,Male,26,No Travel,Sales,5,CA,White,High School,Marketing,Sales Executive,Married,93170,1,No,2016-01-10,No,6,3,6,1,Mid,93170.0,2020-08-14,3,5,2,3,0,3,4,4,2020,0,8,3.3461538461538463,3.730769230769231,4.5,3.1153846153846154,0.6153846153846154,3.0615384615384613,2.806606194937811e-17,0.5,0.6999999999999998,3.0615384615384613
B268-1642,Katerine,Maffione,Female,26,No Travel,Sales,8,IL,White,High School,Technical Degree,Sales Executive,Married,61686,1,Yes,2017-03-14,No,5,0,0,1,Junior,61686.0,2022-09-10,5,3,2,2,0,4,4,4,2022,0,10,2.823529411764706,4.529411764705882,3.2941176470588234,3.411764705882353,0.23529411764705882,2.8588235294117648,0.29999999999999993,0.5,0.0,2.8588235294117648
B2D6-A355,Dennis,Whopples,Male,38,Some Travel,Technology,4,NY,Mixed,Masters,Other,Analytics Manager,Married,361616,1,Yes,2014-06-25,No,8,1,6,5,Junior,361616.0,2022-02-11,5,2,3,3,0,2,4,4,2022,0,10,2.933333333333333,4.711111111111111,2.3555555555555556,3.111111111111111,0.9111111111111111,2.8044444444444445,-0.37142857142857144,-0.17142857142857149,0.3428571428571429,2.8044444444444445
B303-8962,Lynne,Boomes,Female,39,Some Travel,Sales,15,CA,Mixed,Bachelors,Marketing,Sales Executive,Married,136970,1,No,2013-07-28,No,9,4,8,2,Mid,136970.0,2022-01-27,4,4,2,2,0,3,4,3,2022,-1,10,3.3877551020408165,3.5714285714285716,4.061224489795919,2.857142857142857,0.9183673469387755,2.959183673469388,0.35714285714285715,-0.07142857142857141,1.8048155665793425e-17,2.959183673469388
B312-7192,Carolynn,Gilby,Female,39,No Travel,Sales,12,NY,White,High School,Marketing,Sales Executive,Single,89351,0,No,2014-11-11,No,8,2,2,0,Mid,89351.0,2022-11-28,3,3,4,2,1,4,5,4,2022,-1,10,3.8,4.111111111111111,3.488888888888889,3.3333333333333335,1.0666666666666667,3.1599999999999997,-0.45714285714285724,0.34285714285714286,0.08571428571428574,3.1599999999999997
B340-5AD2,Denys,Agastina,Non-Binary,37,Some Travel,Sales,30,NY,Pacific Islander,Bachelors,Marketing,Sales Executive,Married,61117,1,Yes,2014-06-10,No,8,2,5,0,Mid,61117.0,2022-01-12,3,3,3,1,0,4,5,5,2022,0,10,4.177777777777778,4.133333333333334,3.3777777777777778,3.2222222222222223,0.7333333333333333,3.1288888888888886,-0.31428571428571433,-0.40000000000000013,0.028571428571428546,3.1288888888888886
B341-8D6A,Clotilda,Lacrouts,Female,40,No Travel,Technology,26,CA,Asian,No Formal Qualifications,Business Studies,Software Engineer,Divorced,48125,3,No,2014-03-14,No,8,5,8,2,Senior,48125.0,2022-10-25,3,4,5,1,0,3,3,3,2022,0,10,3.6222222222222222,3.1555555555555554,3.2222222222222223,3.1555555555555554,1.6,2.951111111111111,0.14285714285714285,-0.5428571428571428,0.05714285714285717,2.951111111111111
B347-DA2D,Linus,Darragh,Male,31,Some Travel,Technology,6,CA,White,No Formal Qualifications,Information Systems,Analytics Manager,Married,376853,1,No,2021-05-10,No,1,1,1,0,Junior,376853.0,2017-10-04,3,4,5,2,2,3,5,5,2017,0,5,3.0,3.0,4.0,5.0,2.0,3.4,0.0,0.0,0.0,3.4
B34E-95FF,Samuele,Creek,Male,25,Some Travel,Sales,33,NY,White,Doctorate,Marketing,Sales Executive,Divorced,87347,3,Yes,2019-11-09,Yes,2,1,1,0,Junior,87347.0,2022-09-30,5,5,4,2,1,2,4,4,2022,0,10,2.8703703703703702,4.388888888888889,4.0,3.7037037037037037,1.3888888888888888,3.27037037037037,0.30000000000000004,-0.11666666666666668,0.01666666666666667,3.27037037037037
B375-26A9,Teressa,Attewell,Female,24,No Travel,Human Resources,5,NY,Asian,Bachelors,Human Resources,HR Executive,Divorced,41745,3,No,2018-09-03,No,4,2,4,0,Mid,41745.0,2021-10-25,4,4,3,3,0,3,5,4,2021,-1,9,3.0,4.625,3.6666666666666665,3.5833333333333335,0.3333333333333333,3.041666666666667,4.886831086417666e-17,0.0,0.9999999999999993,3.041666666666667
B3A4-91F0,Dud,Durdan,Male,23,Frequent Traveller,Technology,12,NY,White,Bachelors,Computer Science,Senior Software Engineer,Divorced,68820,1,No,2020-08-05,No,2,2,2,1,Mid,68820.0,2022-12-28,4,3,2,3,2,2,5,4,2022,-1,10,2.0,4.0,3.0,2.0,2.0,2.6,0.0,0.0,0.0,2.6
B3AF-7E58,Elvira,Ianelli,Female,45,Some Travel,Human Resources,34,NY,Black,High School,Human Resources,Recruiter,Divorced,54132,1,Yes,2012-01-20,No,10,10,10,10,Senior,54132.0,2022-05-31,3,2,2,3,0,4,3,2,2022,-1,10,3.5961538461538463,3.9038461538461537,3.0961538461538463,2.9423076923076925,0.7115384615384616,2.8500000000000005,-0.3452380952380954,-0.19047619047619052,-2.494993015495106e-17,2.8500000000000005
B3FE-D332,Josephine,Stickley,Female,30,Some Travel,Technology,42,CA,White,Doctorate,Computer Science,Software Engineer,Married,93181,0,No,2013-03-15,No,9,8,9,4,Senior,93181.0,2022-03-12,5,2,4,3,1,5,3,2,2022,-1,10,3.7346938775510203,3.857142857142857,3.122448979591837,3.9591836734693877,0.46938775510204084,3.028571428571429,-0.28571428571428564,0.5357142857142857,-0.07142857142857141,3.028571428571429
B407-ABCA,Obie,Huke,Male,26,Some Travel,Sales,2,CA,Asian,Masters,Economics,Sales Executive,Single,60087,0,Yes,2016-11-08,Yes,4,0,0,3,Junior,60087.0,2022-02-09,4,3,3,1,0,4,3,3,2022,0,10,3.7818181818181817,3.8,3.618181818181818,3.4909090909090907,1.2545454545454546,3.1890909090909085,0.012121212121212116,0.05454545454545455,0.0787878787878788,3.1890909090909085
B437-FCF8,Nettie,Liley,Female,26,Some Travel,Technology,23,CA,Native American,High School,Information Systems,Analytics Manager,Married,221954,1,No,2017-03-08,No,5,0,3,1,Junior,221954.0,2022-02-19,3,2,4,2,3,2,4,4,2022,0,10,3.235294117647059,3.735294117647059,3.411764705882353,3.676470588235294,1.588235294117647,3.1294117647058823,-0.5999999999999999,-0.1,0.29999999999999993,3.1294117647058823
B44E-8AEE,Carlynn,Bartolic,Female,28,Some Travel,Sales,7,CA,White,Doctorate,Marketing,Sales Executive,Married,181164,1,No,2015-11-01,No,7,5,6,1,Senior,181164.0,2022-03-16,4,5,2,1,1,5,3,2,2022,-1,10,3.4,3.875,3.6,3.7,0.875,3.09,-8.151460909940802e-17,0.7999999999999999,-0.20000000000000004,3.09
B48C-47D0,Norman,Longmuir,Male,28,Frequent Traveller,Sales,28,NY,Mixed,Bachelors,Marketing,Sales Representative,Single,43939,0,No,2013-07-29,Yes,6,1,4,3,Junior,43939.0,2022-01-15,3,3,5,2,1,4,3,2,2022,-1,10,3.8181818181818183,3.6363636363636362,3.290909090909091,3.5636363636363635,1.1090909090909091,3.0836363636363635,-0.006060606060606057,0.0787878787878788,0.006060606060606066,3.0836363636363635
B492-D447,Aurthur,Rittelmeyer,Male,28,Some Travel,Sales,3,CA,Asian,High School,Marketing,Sales Executive,Married,128719,1,No,2015-07-21,No,7,1,3,6,Junior,128719.0,2022-12-23,5,4,4,2,0,2,5,5,2022,0,10,3.225,4.625,3.775,4.175,1.075,3.375,-0.10000000000000007,0.10000000000000007,0.39999999999999997,3.375
B49A-7D79,Freedman,Kensington,Non-Binary,27,Some Travel,Technology,20,CA,White,No Formal Qualifications,Business Studies,Software Engineer,Single,22986,0,Yes,2015-06-02,No,7,6,7,0,Senior,22986.0,2022-04-03,5,3,2,1,1,2,3,3,2022,0,10,3.5,4.25,3.225,2.275,1.0,2.85,0.09999999999999999,-0.4,-0.20000000000000004,2.85
B50B-5A18,Paulina,Senecaut,Female,40,Frequent Traveller,Technology,27,NY,Black,Masters,Computer Science,Software Engineer,Divorced,42333,1,No,2012-02-19,No,10,4,5,5,Mid,42333.0,2022-01-31,3,2,2,3,1,3,5,4,2022,-1,10,2.6923076923076925,3.4423076923076925,3.3653846153846154,3.769230769230769,0.7307692307692307,2.8,-0.16666666666666669,-0.22619047619047628,-0.02380952380952382,2.8
B529-2745,Randall,Worswick,Male,22,No Travel,Sales,41,CA,White,No Formal Qualifications,Marketing,Sales Representative,Single,27961,0,No,2019-09-15,No,3,0,1,0,Junior,27961.0,2020-01-26,3,2,5,1,2,4,3,3,2020,0,8,3.066666666666667,3.0,2.933333333333333,4.533333333333333,2.0,3.1066666666666665,-1.9999999999999993,1.9999999999999993,-0.9999999999999997,3.1066666666666665
B52E-BF41,Salomi,Finlry,Female,30,Some Travel,Technology,26,NY,Black,Masters,Computer Science,Data Scientist,Married,36280,2,No,2013-12-04,No,9,9,9,9,Senior,36280.0,2022-04-15,4,5,5,3,1,2,5,4,2022,-1,10,3.36734693877551,4.061224489795919,3.9183673469387754,3.693877551020408,0.30612244897959184,3.0693877551020408,0.35714285714285704,-0.35714285714285704,0.07142857142857142,3.0693877551020408
B56D-46CE,Caria,Ingerman,Female,36,Some Travel,Sales,20,IL,Mixed,Masters,Economics,Sales Executive,Divorced,220472,1,No,2019-04-03,No,3,1,1,0,Junior,220472.0,2022-01-27,5,4,3,2,0,5,5,4,2022,-1,10,3.5789473684210527,4.526315789473684,4.473684210526316,3.0,0.0,3.1157894736842104,-0.9999999999999997,2.9999999999999996,0.9999999999999997,3.1157894736842104
B57F-B5CE,Adriano,Blackshaw,Male,26,Some Travel,Technology,23,CA,White,Doctorate,Information Systems,Machine Learning Engineer,Married,78934,3,No,2017-10-24,No,5,2,2,4,Mid,78934.0,2021-12-31,3,2,3,2,3,5,4,4,2021,0,9,4.36,3.64,2.64,2.68,2.04,3.072,-0.9999999999999996,0.49999999999999983,-0.4999999999999998,3.072
B59D-CA4C,Ichabod,Mabbot,Male,28,Some Travel,Sales,45,CA,Asian,High School,Marketing,Sales Executive,Married,110057,2,No,2015-08-14,No,7,5,5,4,Senior,110057.0,2022-07-23,5,4,4,1,1,2,5,5,2022,0,10,2.375,4.175,3.475,3.575,0.75,2.87,0.3000000000000001,-0.09999999999999995,0.19999999999999993,2.87
B5C6-A760,Brigitta,Larkins,Female,21,Frequent Traveller,Technology,7,CA,White,Bachelors,Computer Science,Machine Learning Engineer,Single,76518,0,No,2019-08-31,No,3,1,2,1,Junior,76518.0,2021-04-22,4,3,2,3,1,5,5,5,2021,0,9,4.0588235294117645,4.470588235294118,3.0,2.9411764705882355,0.5294117647058824,3.0,0.0,1.9999999999999993,0.9999999999999997,3.0
B5C6-F8D5,Rafaelita,Lere,Prefer Not To Say,40,Some Travel,Technology,29,NY,White,High School,Business Studies,Analytics Manager,Married,295688,0,No,2014-08-05,No,8,1,5,8,Junior,295688.0,2022-07-20,5,4,3,1,0,5,4,4,2022,0,10,2.7777777777777777,3.977777777777778,3.422222222222222,3.3777777777777778,0.9777777777777777,2.9066666666666667,0.2285714285714286,0.28571428571428575,0.2,2.9066666666666667
B61E-0F26,Care,Heintze,Male,28,Frequent Traveller,Technology,3,NY,White,Bachelors,Business Studies,Software Engineer,Married,58993,1,Yes,2014-11-07,Yes,7,2,7,1,Mid,58993.0,2022-01-01,3,4,4,1,1,5,5,5,2022,0,10,4.4363636363636365,3.8545454545454545,3.4727272727272727,3.8727272727272726,1.1636363636363636,3.3600000000000003,0.0484848484848485,0.09090909090909091,0.12121212121212123,3.3600000000000003
B670-21B2,Ellery,Hartopp,Male,24,Frequent Traveller,Sales,3,CA,White,Masters,Marketing,Sales Executive,Single,70546,0,Yes,2019-01-01,No,3,2,2,0,Mid,70546.0,2022-09-23,3,4,2,2,0,4,5,5,2022,0,10,4.0,3.9473684210526314,4.473684210526316,2.0,0.0,2.8842105263157896,-0.9999999999999997,0.0,2.9999999999999996,2.8842105263157896
B6EC-313E,Corbin,Gooddy,Male,26,Frequent Traveller,Human Resources,17,CA,Mixed,Bachelors,Human Resources,Recruiter,Divorced,30502,1,No,2014-08-09,Yes,0,0,0,0,Junior,30502.0,2022-04-02,5,3,5,1,0,2,5,4,2022,-1,10,2.727272727272727,4.1454545454545455,3.909090909090909,3.709090909090909,0.6181818181818182,3.021818181818182,-0.06060606060606059,-0.1818181818181818,0.15151515151515152,3.021818181818182
B76C-D9CE,Mada,Moss,Female,22,Some Travel,Human Resources,7,NY,White,High School,Economics,Recruiter,Married,29322,0,Yes,2021-01-31,Yes,1,0,0,0,Junior,29322.0,2022-08-17,3,2,5,1,0,3,3,2,2022,-1,10,2.7962962962962963,3.537037037037037,3.2777777777777777,3.8703703703703702,1.2037037037037037,2.937037037037037,-0.15000000000000005,-0.08333333333333337,-0.11666666666666667,2.937037037037037
B785-D8F8,Ruprecht,Blatchford,Male,32,Some Travel,Technology,36,CA,Black,High School,Computer Science,Software Engineer,Single,78672,0,No,2012-04-29,No,10,6,9,5,Senior,78672.0,2022-06-08,5,2,4,3,1,5,4,3,2022,-1,10,3.730769230769231,4.019230769230769,2.7884615384615383,3.673076923076923,1.3461538461538463,3.1115384615384616,-0.26190476190476203,-0.023809523809523832,-0.09523809523809526,3.1115384615384616
B8A5-07A1,Ainsley,Norheny,Female,24,Some Travel,Technology,27,IL,White,Masters,Other,Data Scientist,Married,33554,0,No,2016-05-21,No,6,1,2,6,Junior,33554.0,2022-06-16,5,3,5,3,2,5,5,5,2022,0,10,3.5588235294117645,4.529411764705882,3.264705882352941,4.0,0.8529411764705882,3.241176470588235,0.09999999999999992,0.39999999999999997,0.6999999999999998,3.241176470588235
B8C3-5E0A,Joyous,Muggleston,Female,26,Some Travel,Technology,18,CA,White,Bachelors,Computer Science,Data Scientist,Divorced,26414,2,No,2017-05-14,No,5,5,5,0,Senior,26414.0,2021-04-24,4,3,2,3,1,4,3,2,2021,-1,9,4.033333333333333,3.7333333333333334,2.8,2.4,0.9666666666666667,2.7866666666666666,0.2999999999999999,0.19999999999999996,-0.6,2.7866666666666666
B90D-4BEF,Nancey,Noades,Female,29,Some Travel,Technology,32,IL,Pacific Islander,Bachelors,Information Systems,Engineering Manager,Married,388605,1,Yes,2017-01-01,No,5,2,5,0,Mid,388605.0,2022-05-02,3,3,5,2,1,2,4,3,2022,-1,10,3.1176470588235294,3.235294117647059,3.5,4.794117647058823,1.3235294117647058,3.1941176470588237,-2.806606194937811e-17,-0.8999999999999997,-0.3999999999999999,3.1941176470588237
B967-D6D3,Kimmy,O'Logan,Female,26,No Travel,Technology,21,CA,White,Bachelors,Computer Science,Data Scientist,Married,26919,1,No,2016-05-04,No,6,0,5,3,Junior,26919.0,2022-06-13,2,4,3,3,3,3,4,3,2022,-1,10,2.5588235294117645,3.6470588235294117,3.323529411764706,3.323529411764706,1.3235294117647058,2.835294117647059,0.4999999999999999,0.3999999999999999,-0.10000000000000003,2.835294117647059
B975-943A,Winthrop,McCahill,Male,40,No Travel,Technology,28,CA,White,Bachelors,Information Systems,Software Engineer,Divorced,46285,3,No,2014-10-23,No,8,8,8,3,Senior,46285.0,2022-02-03,3,2,4,2,2,4,4,4,2022,0,10,3.8,3.933333333333333,3.5555555555555554,3.4444444444444446,1.3111111111111111,3.2088888888888887,-0.2857142857142858,0.34285714285714286,0.0857142857142857,3.2088888888888887
B97B-73D7,Chelsie,Isakovitch,Female,29,Frequent Traveller,Sales,18,CA,Native American,Bachelors,Marketing,Sales Executive,Single,177402,0,No,2014-07-10,Yes,6,3,5,3,Mid,177402.0,2022-02-16,5,5,2,1,0,2,4,4,2022,0,10,3.290909090909091,4.236363636363636,3.2545454545454544,3.2363636363636363,0.43636363636363634,2.8909090909090907,0.036363636363636376,-0.13939393939393943,0.048484848484848506,2.8909090909090907
B98B-4689,Mordecai,Tetlow,Non-Binary,22,Frequent Traveller,Sales,28,NY,Mixed,Masters,Marketing,Sales Executive,Married,39845,2,No,2019-01-13,Yes,1,0,0,0,Junior,39845.0,2022-12-07,1,3,3,2,1,1,3,3,2022,0,10,2.7037037037037037,3.2777777777777777,3.888888888888889,4.148148148148148,0.6296296296296297,2.9296296296296296,0.10000000000000002,-0.16666666666666669,-0.03333333333333335,2.9296296296296296
B995-E5CE,Anitra,Korfmann,Non-Binary,27,Some Travel,Technology,2,CA,Mixed,Masters,Computer Science,Data Scientist,Married,39198,1,No,2015-10-10,No,7,6,7,4,Senior,39198.0,2022-02-07,5,5,2,2,0,4,4,3,2022,-1,10,3.825,4.4,4.4,2.925,0.625,3.2350000000000003,2.573158763063714e-17,0.09999999999999996,0.0,3.2350000000000003
BAB4-3AC8,Trudey,Doulton,Female,25,No Travel,Technology,24,IL,Black,Masters,Computer Science,Software Engineer,Married,44146,3,No,2016-01-08,No,6,1,1,3,Junior,44146.0,2020-11-07,3,4,4,2,2,4,4,3,2020,-1,8,3.5384615384615383,3.769230769230769,4.115384615384615,3.6923076923076925,1.8076923076923077,3.3846153846153846,0.5999999999999999,0.19999999999999993,-0.29999999999999993,3.3846153846153846
BAE6-B5DE,Pammi,Biernat,Female,22,Some Travel,Technology,21,NY,White,Bachelors,Other,Data Scientist,Single,33354,0,No,2020-11-08,No,2,1,2,2,Junior,33354.0,2022-10-01,1,4,3,1,1,2,5,5,2022,0,10,2.0,1.0,4.0,3.0,1.0,2.2,0.0,0.0,0.0,2.2
BAF9-933D,Pauly,Gero,Male,41,Some Travel,Human Resources,36,CA,White,Bachelors,Human Resources,HR Executive,Married,131047,0,No,2014-12-23,No,8,4,4,7,Mid,131047.0,2018-04-24,5,3,2,1,0,5,3,3,2018,0,6,3.761904761904762,4.857142857142857,4.0476190476190474,2.9047619047619047,0.6666666666666666,3.2476190476190476,0.05714285714285722,0.11428571428571431,-0.20000000000000004,3.2476190476190476
BAFA-86DF,Rolfe,Ketchaside,Male,26,No Travel,Technology,15,IL,Mixed,Masters,Business Studies,Software Engineer,Married,35373,1,Yes,2017-08-02,Yes,4,3,3,0,Mid,35373.0,2022-03-22,2,4,2,3,0,2,5,5,2022,0,10,3.909090909090909,3.6545454545454548,4.254545454545455,3.4545454545454546,0.6363636363636364,3.1818181818181825,-0.09696969696969698,0.07272727272727274,0.03030303030303031,3.1818181818181825
BB09-BF7F,Susanne,Kelso,Female,27,Some Travel,Sales,45,CA,Mixed,High School,Economics,Sales Executive,Single,57102,0,No,2015-11-29,No,7,6,6,4,Senior,57102.0,2022-09-11,5,4,4,1,1,5,5,5,2022,0,10,4.075,4.425,3.7,3.25,0.65,3.2199999999999998,-0.4000000000000001,0.29999999999999993,0.5,3.2199999999999998
BBB4-89C7,Ilene,Moffat,Non-Binary,25,Some Travel,Technology,19,IL,Mixed,Bachelors,Computer Science,Senior Software Engineer,Divorced,90418,2,Yes,2018-02-14,No,4,4,4,4,Mid,90418.0,2022-10-17,3,4,4,3,3,3,4,3,2022,-1,10,3.259259259259259,4.2592592592592595,3.7037037037037037,3.074074074074074,1.7037037037037037,3.2,0.49999999999999983,-0.9999999999999993,-0.9999999999999996,3.2
BBD0-FB7D,Edin,Savill,Female,23,Some Travel,Sales,19,NY,Mixed,Masters,Economics,Sales Executive,Divorced,87629,2,No,2018-01-19,No,4,4,4,1,Mid,87629.0,2022-05-12,4,3,2,3,0,4,3,3,2022,0,10,3.740740740740741,3.7037037037037037,2.962962962962963,3.5555555555555554,0.3333333333333333,2.8592592592592596,-0.4999999999999998,0.9999999999999993,-4.886831086417666e-17,2.8592592592592596
BBE1-D4A5,Fransisco,Minerdo,Male,24,Some Travel,Technology,12,NY,White,Bachelors,Computer Science,Software Engineer,Single,33202,0,No,2017-12-30,No,5,5,5,4,Senior,33202.0,2022-06-04,4,3,4,1,2,3,3,3,2022,0,10,3.0,4.62962962962963,3.2962962962962963,3.4074074074074074,2.037037037037037,3.274074074074074,-0.49999999999999983,0.0,0.4999999999999998,3.274074074074074
BC21-2167,Aldin,Barens,Non-Binary,28,Frequent Traveller,Technology,40,CA,White,No Formal Qualifications,Computer Science,Senior Software Engineer,Single,187698,0,No,2021-06-17,No,1,0,1,1,Junior,187698.0,2021-12-12,5,2,3,2,2,5,3,2,2021,-1,9,5.0,5.0,2.0,3.0,2.0,3.4,0.0,0.0,0.0,3.4
BC43-E62B,Bria,Hendrickx,Female,23,Some Travel,Technology,34,IL,White,High School,Computer Science,Software Engineer,Married,29956,0,No,2020-03-25,No,2,1,1,2,Junior,29956.0,2022-03-01,3,3,2,1,0,2,4,3,2022,-1,10,2.0,3.0,3.0,2.0,0.0,2.0,0.0,0.0,0.0,2.0
BC5E-3B7B,Farra,Boffey,Non-Binary,24,Some Travel,Sales,33,CA,White,No Formal Qualifications,Technical Degree,Sales Representative,Divorced,24174,1,No,2019-12-27,No,3,2,2,1,Mid,24174.0,2021-03-16,5,3,2,1,2,3,5,4,2021,-1,9,3.0,5.0,3.0,2.0,2.0,3.0,0.0,0.0,0.0,3.0
BD1B-53A3,Wendall,Dryden,Male,43,Some Travel,Sales,27,CA,Mixed,Bachelors,Marketing,Sales Executive,Single,128885,0,Yes,2012-01-17,No,10,1,10,2,Junior,128885.0,2022-05-22,5,4,2,1,1,3,5,4,2022,-1,10,3.4038461538461537,4.038461538461538,4.326923076923077,3.1153846153846154,1.1346153846153846,3.203846153846153,0.09523809523809526,-0.27380952380952384,0.08333333333333336,3.203846153846153
BD33-DB2F,Hashim,Stolze,Male,24,Some Travel,Technology,17,NY,White,Doctorate,Computer Science,Machine Learning Engineer,Divorced,63747,1,No,2020-01-09,No,2,1,1,0,Junior,63747.0,2022-11-17,4,2,1,3,2,3,3,3,2022,0,10,3.0,4.0,2.0,1.0,2.0,2.4,0.0,0.0,0.0,2.4
BD70-7DAE,Kalil,Gauntley,Male,22,Frequent Traveller,Technology,2,NY,White,Bachelors,Business Studies,Software Engineer,Single,37014,0,Yes,2020-10-23,Yes,1,0,1,0,Junior,37014.0,2022-12-02,5,3,4,1,1,3,5,4,2022,-1,10,3.5925925925925926,4.462962962962963,3.462962962962963,3.462962962962963,0.9629629629629629,3.188888888888889,-0.08333333333333336,0.03333333333333331,0.06666666666666668,3.188888888888889
BD94-98E0,Darrin,Roo,Male,21,Frequent Traveller,Technology,37,CA,Native American,Masters,Other,Software Engineer,Married,32679,1,No,2019-05-14,No,3,3,3,2,Mid,32679.0,2022-01-13,4,5,2,1,1,4,3,2,2022,-1,10,3.0526315789473686,3.0526315789473686,4.052631578947368,1.5263157894736843,1.4736842105263157,2.6315789473684212,1.9999999999999993,1.9999999999999993,-2.9999999999999996,2.6315789473684212
BD97-F94D,Cletus,Heintsch,Male,26,Some Travel,Technology,8,IL,Black,High School,Information Systems,Software Engineer,Married,50614,1,No,2015-12-25,No,7,7,7,2,Senior,50614.0,2021-08-31,4,4,2,2,1,3,4,3,2021,-1,9,2.9714285714285715,3.7714285714285714,3.257142857142857,2.742857142857143,1.2,2.7885714285714287,0.20000000000000007,-0.10000000000000003,1.286579381531857e-17,2.7885714285714287
BDC5-51CF,Wanids,Mace,Female,25,Frequent Traveller,Sales,3,IL,Mixed,Masters,Other,Sales Executive,Single,56163,0,Yes,2018-11-26,Yes,0,0,0,0,Junior,56163.0,2022-06-20,3,2,4,2,0,3,4,3,2022,-1,10,3.7037037037037037,3.814814814814815,3.6296296296296298,3.8518518518518516,0.6851851851851852,3.137037037037037,0.16666666666666669,-0.1666666666666667,-0.1,3.137037037037037
BDE5-385A,Morten,Keig,Male,26,Some Travel,Technology,39,CA,White,Bachelors,Information Systems,Software Engineer,Married,60494,1,Yes,2015-08-22,No,7,7,7,7,Senior,60494.0,2022-07-09,2,4,1,3,1,3,5,5,2022,0,10,3.875,3.625,3.625,3.3,1.225,3.13,0.09999999999999999,-0.5,0.10000000000000003,3.13
BE07-BE80,Clemmie,Heckner,Male,23,Some Travel,Technology,42,CA,White,Masters,Computer Science,Software Engineer,Single,28824,0,Yes,2020-07-04,No,2,2,2,1,Mid,28824.0,2022-05-24,1,4,4,1,2,1,3,2,2022,-1,10,1.0,1.0,4.0,4.0,2.0,2.4,0.0,0.0,0.0,2.4
BE54-8537,Krista,Eustace,Female,26,Frequent Traveller,Technology,14,NY,Native American,Bachelors,Computer Science,Software Engineer,Single,36794,0,No,2015-11-18,Yes,5,3,4,3,Mid,36794.0,2022-05-18,3,5,5,1,1,3,3,2,2022,-1,10,3.9454545454545453,3.727272727272727,3.6363636363636362,4.418181818181818,1.018181818181818,3.349090909090909,0.2242424242424242,0.16363636363636364,0.04242424242424242,3.349090909090909
BE93-0736,Lucas,Oran,Male,35,No Travel,Technology,17,CA,Asian,High School,Computer Science,Senior Software Engineer,Divorced,117151,1,No,2012-03-26,No,10,3,7,6,Mid,117151.0,2022-05-12,2,2,1,3,0,4,5,5,2022,0,10,3.173076923076923,3.4038461538461537,3.230769230769231,3.2884615384615383,0.9423076923076923,2.8076923076923075,-0.3333333333333334,-0.09523809523809529,0.16666666666666669,2.8076923076923075
BEE2-8052,Letta,Mattea,Female,26,Some Travel,Technology,45,IL,Black,Bachelors,Computer Science,Software Engineer,Single,74096,0,No,2017-09-19,No,5,0,5,4,Junior,74096.0,2022-12-11,5,3,4,2,2,5,4,3,2022,-1,10,4.111111111111111,5.0,2.7037037037037037,3.074074074074074,1.3703703703703705,3.251851851851852,0.49999999999999983,1.4999999999999991,-0.49999999999999983,3.251851851851852
BFAF-1ED1,Georges,Hinstridge,Male,24,Frequent Traveller,Technology,14,CA,Mixed,Masters,Computer Science,Data Scientist,Divorced,67538,1,No,2018-07-28,No,4,3,4,2,Mid,67538.0,2022-03-29,3,4,5,1,0,2,4,4,2022,0,10,2.925925925925926,4.2592592592592595,3.037037037037037,3.4444444444444446,0.6296296296296297,2.859259259259259,0.4999999999999999,-0.9999999999999997,-0.4999999999999999,2.859259259259259
BFF3-AADC,Collen,Sedman,Female,31,No Travel,Human Resources,25,NY,Native American,High School,Marketing,Recruiter,Divorced,55682,1,No,2012-01-25,No,10,0,2,0,Junior,55682.0,2022-11-08,5,5,3,2,2,4,4,4,2022,0,10,3.1346153846153846,3.7884615384615383,3.9423076923076925,3.6153846153846154,1.7884615384615385,3.253846153846154,-0.07142857142857145,0.01190476190476191,0.22619047619047625,3.253846153846154
C016-FA12,Sofie,Dumphries,Female,25,Some Travel,Sales,22,NY,Native American,No Formal Qualifications,Marketing,Sales Representative,Single,32894,0,No,2018-05-14,Yes,2,2,2,1,Mid,32894.0,2022-02-24,3,2,5,3,0,4,5,5,2022,0,10,3.4909090909090907,4.0,2.381818181818182,4.0,0.6909090909090909,2.9127272727272726,-0.14545454545454545,0.12727272727272723,0.05454545454545456,2.9127272727272726
C025-B8B6,Valentine,Beddin,Male,44,Some Travel,Sales,29,NY,White,Bachelors,Marketing,Sales Executive,Married,126073,1,No,2014-01-03,No,8,0,2,0,Junior,126073.0,2022-04-19,3,5,4,1,0,5,4,3,2022,-1,10,3.2653061224489797,3.3877551020408165,3.4693877551020407,2.857142857142857,0.6326530612244898,2.722448979591837,-0.17857142857142846,0.2142857142857142,0.10714285714285711,2.722448979591837
C026-3E38,Garv,Tockell,Male,28,Some Travel,Technology,2,CA,Asian,Bachelors,Computer Science,Machine Learning Engineer,Single,220234,0,Yes,2015-10-26,No,7,5,7,1,Senior,220234.0,2022-06-29,5,4,5,2,0,2,5,5,2022,0,10,3.15,4.075,3.475,3.575,1.5,3.155,0.30000000000000004,-1.0,0.5,3.155
C08F-94F9,Nikos,Karpenko,Male,26,Some Travel,Technology,32,NY,White,Bachelors,Information Systems,Software Engineer,Single,40100,0,Yes,2015-07-30,Yes,0,0,0,0,Junior,40100.0,2022-05-28,4,4,2,3,0,4,3,3,2022,0,10,3.309090909090909,3.672727272727273,4.290909090909091,3.3454545454545452,1.0363636363636364,3.1309090909090913,-0.006060606060606069,0.1393939393939394,-0.03636363636363636,3.1309090909090913
C0A1-EB7D,Leona,McKnish,Female,36,Some Travel,Technology,32,CA,Asian,Bachelors,Computer Science,Senior Software Engineer,Married,111294,1,No,2012-03-02,No,10,8,8,10,Senior,111294.0,2022-01-03,3,5,2,2,0,4,3,2,2022,-1,10,3.673076923076923,3.6923076923076925,3.826923076923077,3.423076923076923,0.6730769230769231,3.0576923076923075,-0.05952380952380954,-0.09523809523809525,0.07142857142857148,3.0576923076923075
C0B9-E4C1,Illa,MacPherson,Female,25,Some Travel,Technology,40,NY,White,High School,Computer Science,Machine Learning Engineer,Married,80779,1,Yes,2017-10-04,No,5,1,4,5,Junior,80779.0,2022-12-17,1,4,3,3,1,4,3,2,2022,-1,10,4.0,3.5185185185185186,3.6296296296296298,3.925925925925926,1.037037037037037,3.2222222222222223,-0.49999999999999983,0.0,-0.4999999999999999,3.2222222222222223
C0BE-FED0,Bertram,Doleman,Male,40,Some Travel,Sales,35,NY,White,High School,Marketing,Sales Representative,Married,63455,1,Yes,2012-01-26,No,10,4,8,7,Mid,63455.0,2022-07-18,3,2,4,1,0,3,5,4,2022,-1,10,3.173076923076923,3.519230769230769,3.1153846153846154,2.9038461538461537,0.5192307692307693,2.646153846153846,-0.1666666666666667,0.05952380952380951,0.03571428571428572,2.646153846153846
C0C7-A3EF,Hagen,Worge,Male,48,No Travel,Sales,9,CA,White,Doctorate,Economics,Sales Executive,Single,125587,0,No,2012-02-12,No,10,10,10,4,Senior,125587.0,2022-06-27,3,2,3,3,2,4,5,4,2022,-1,10,3.326923076923077,3.1923076923076925,2.8076923076923075,3.2115384615384617,1.2692307692307692,2.7615384615384615,-0.23809523809523817,0.2500000000000001,0.035714285714285726,2.7615384615384615
C1B4-46B2,Hoebart,Bennen,Male,27,No Travel,Technology,21,CA,White,Masters,Information Systems,Senior Software Engineer,Divorced,73326,1,No,2015-09-02,No,7,0,5,0,Junior,73326.0,2022-09-25,2,4,4,1,1,4,3,3,2022,0,10,3.45,3.3,3.25,3.4,0.475,2.775,0.2,0.20000000000000004,-0.19999999999999998,2.775
C1C6-F683,Ignacius,Kelberman,Male,45,Frequent Traveller,Technology,6,CA,Mixed,Masters,Information Systems,Software Engineer,Divorced,92613,1,Yes,2013-11-23,No,9,6,6,2,Senior,92613.0,2022-10-31,3,3,5,2,0,5,5,5,2022,0,10,3.877551020408163,3.5918367346938775,3.2653061224489797,3.5306122448979593,1.0816326530612246,3.0693877551020408,0.21428571428571422,0.28571428571428564,0.10714285714285714,3.0693877551020408
C1E8-5AAB,Pierce,Abadam,Male,25,Some Travel,Sales,5,NY,Black,High School,Marketing,Sales Executive,Divorced,69539,2,No,2016-02-13,No,6,0,4,4,Junior,69539.0,2022-01-19,5,3,3,2,1,4,5,4,2022,-1,10,4.235294117647059,4.029411764705882,3.3823529411764706,3.6470588235294117,1.6764705882352942,3.394117647058824,-0.7999999999999997,-0.10000000000000003,0.6999999999999998,3.394117647058824
C219-6C2E,Clerkclaude,Hinkins,Male,34,Some Travel,Sales,30,NY,Mixed,High School,Marketing,Sales Executive,Divorced,133468,1,No,2012-01-05,No,10,3,7,9,Mid,133468.0,2022-11-21,4,2,4,3,0,2,5,5,2022,0,10,3.240740740740741,4.018518518518518,3.5185185185185186,3.1481481481481484,1.0740740740740742,3.0000000000000004,-0.23333333333333336,-0.08333333333333338,0.05000000000000001,3.0000000000000004
C22D-CE5F,Dorry,Tiddy,Female,42,Frequent Traveller,Sales,37,CA,Mixed,Bachelors,Marketing,Sales Executive,Single,189256,0,No,2014-07-10,No,8,1,2,2,Junior,189256.0,2022-11-23,3,3,2,2,3,2,5,5,2022,0,10,3.2666666666666666,3.688888888888889,3.2888888888888888,3.1555555555555554,1.9555555555555555,3.0711111111111107,0.31428571428571445,-0.1714285714285714,0.34285714285714275,3.0711111111111107
C250-AF15,Ron,Hordle,Male,25,Some Travel,Technology,13,NY,Black,Doctorate,Computer Science,Engineering Manager,Single,178337,0,No,2015-07-16,No,7,1,7,2,Junior,178337.0,2022-02-03,4,2,3,1,2,4,3,3,2022,0,10,3.425,4.175,2.775,3.125,1.025,2.9050000000000002,-0.09999999999999999,0.09999999999999996,-0.3,2.9050000000000002
C251-2A18,Honor,Jesson,Non-Binary,26,Some Travel,Technology,28,CA,White,Masters,Computer Science,Data Scientist,Single,29791,0,No,2015-08-07,No,7,7,7,1,Senior,29791.0,2022-01-07,5,5,2,1,2,5,5,5,2022,0,10,3.975,4.45,3.45,3.475,1.225,3.315,0.2,0.7000000000000001,-1.286579381531857e-17,3.315
C25C-C434,Jillayne,Goshawke,Female,35,Frequent Traveller,Technology,39,CA,Mixed,Masters,Computer Science,Software Engineer,Single,71257,0,No,2012-05-01,No,10,1,6,10,Junior,71257.0,2022-11-17,1,4,3,2,3,2,3,2,2022,-1,10,2.1346153846153846,3.1346153846153846,3.076923076923077,3.1153846153846154,1.4423076923076923,2.5807692307692305,-0.2142857142857144,-0.2976190476190478,-0.07142857142857144,2.5807692307692305
C27A-1115,Alasteir,Muge,Male,25,Frequent Traveller,Technology,20,NY,Mixed,Masters,Computer Science,Machine Learning Engineer,Married,96514,1,No,2018-02-04,No,4,4,4,0,Mid,96514.0,2022-08-30,5,4,2,3,0,4,4,4,2022,0,10,3.7037037037037037,4.666666666666667,4.0,3.2222222222222223,0.2962962962962963,3.1777777777777776,0.0,0.49999999999999983,-0.4999999999999999,3.1777777777777776
C292-EC0C,Rosamond,Mattaser,Non-Binary,26,Some Travel,Technology,8,NY,White,High School,Computer Science,Software Engineer,Divorced,27219,2,No,2016-08-16,No,6,3,5,4,Mid,27219.0,2022-10-19,4,2,3,3,0,3,5,4,2022,-1,10,3.7058823529411766,3.735294117647059,3.6470588235294117,3.764705882352941,0.5,3.0705882352941174,-0.6999999999999998,-0.29999999999999993,0.09999999999999996,3.0705882352941174
C2BF-D441,Helen-elizabeth,Randall,Female,47,Frequent Traveller,Technology,37,NY,Black,Bachelors,Computer Science,Analytics Manager,Divorced,350101,1,No,2019-01-19,No,3,0,1,0,Junior,350101.0,2022-11-04,1,2,4,2,1,2,4,3,2022,-1,10,2.0,1.9473684210526316,2.9473684210526314,3.0526315789473686,0.5263157894736842,2.0947368421052635,-1.9999999999999993,0.0,0.9999999999999997,2.0947368421052635
C2DD-9D37,Ring,Genge,Male,42,Some Travel,Sales,16,IL,Asian,Masters,Marketing,Sales Executive,Married,106277,2,No,2012-03-19,No,10,0,5,5,Junior,106277.0,2022-01-01,5,4,4,1,2,5,5,5,2022,0,10,3.519230769230769,4.346153846153846,3.3653846153846154,3.7884615384615383,1.1346153846153846,3.230769230769231,0.29761904761904767,0.3333333333333334,0.23809523809523817,3.230769230769231
C330-DAF4,Lonni,Lelievre,Female,34,Some Travel,Sales,16,NY,White,High School,Economics,Sales Executive,Divorced,100710,1,Yes,2012-05-20,No,10,10,10,2,Senior,100710.0,2022-01-14,4,2,4,3,0,4,5,4,2022,-1,10,3.6923076923076925,3.7884615384615383,3.5384615384615383,4.384615384615385,0.5961538461538461,3.2,-0.1071428571428572,0.0833333333333334,-0.16666666666666674,3.2
C385-CDBE,Filide,Dinnies,Female,36,Some Travel,Technology,41,NY,White,Bachelors,Computer Science,Machine Learning Engineer,Single,218940,0,Yes,2012-05-14,No,10,6,8,5,Senior,218940.0,2022-06-27,3,4,4,3,3,4,5,5,2022,0,10,3.269230769230769,3.6538461538461537,3.2884615384615383,3.4038461538461537,1.2115384615384615,2.9653846153846155,-0.10714285714285719,0.1785714285714286,-0.07142857142857154,2.9653846153846155
C389-FC34,Lin,Lauga,Female,27,Some Travel,Technology,45,IL,Mixed,Bachelors,Business Studies,Software Engineer,Married,28828,1,No,2016-07-09,No,6,1,6,4,Junior,28828.0,2022-07-05,4,3,3,3,0,5,3,2,2022,-1,10,3.088235294117647,3.1470588235294117,2.088235294117647,2.5294117647058822,0.47058823529411764,2.264705882352941,0.6,0.6,-0.4999999999999999,2.264705882352941
C395-8C36,Curcio,Franek,Male,33,Some Travel,Human Resources,3,CA,Mixed,No Formal Qualifications,Technical Degree,Recruiter,Divorced,53616,1,Yes,2012-01-19,No,10,2,3,7,Mid,53616.0,2022-11-16,3,2,4,2,0,2,5,5,2022,0,10,3.2884615384615383,3.4615384615384617,2.9615384615384617,3.4038461538461537,0.9423076923076923,2.8115384615384613,-0.2023809523809524,0.20238095238095244,0.07142857142857141,2.8115384615384613
C3C0-349E,Isac,Dreus,Male,45,Some Travel,Sales,22,CA,White,Masters,Marketing,Sales Executive,Married,270302,0,No,2022-05-13,Yes,0,0,0,0,Junior,270302.0,2022-04-15,5,3,4,1,1,4,5,4,2022,-1,10,3.074074074074074,4.166666666666667,2.925925925925926,3.3333333333333335,1.3518518518518519,2.9703703703703703,0.13333333333333336,-0.03333333333333334,-0.03333333333333335,2.9703703703703703
C4F0-F933,Vassily,Bazoge,Male,37,Some Travel,Technology,22,IL,White,Bachelors,Computer Science,Senior Software Engineer,Married,193287,1,Yes,2021-03-01,No,1,0,1,0,Junior,193287.0,2022-11-13,5,5,4,3,1,3,4,3,2022,-1,10,3.0,5.0,5.0,4.0,1.0,3.6,0.0,0.0,0.0,3.6
C520-6F2B,Jena,Danzig,Female,25,Some Travel,Technology,34,CA,White,Bachelors,Information Systems,Data Scientist,Single,45286,0,Yes,2016-07-14,No,6,1,3,1,Junior,45286.0,2022-03-30,3,4,4,1,0,2,4,3,2022,-1,10,2.3823529411764706,2.735294117647059,3.235294117647059,2.823529411764706,0.7058823529411765,2.3764705882352937,-0.1,-0.7999999999999997,-0.2999999999999999,2.3764705882352937
C525-8BB9,Briggs,Pettet,Male,29,Some Travel,Technology,14,NY,Black,Bachelors,Other,Data Scientist,Divorced,70872,1,No,2013-04-10,No,9,2,7,9,Mid,70872.0,2022-03-26,5,4,3,1,0,3,5,4,2022,-1,10,3.7142857142857144,4.081632653061225,3.4081632653061225,3.4489795918367347,1.2448979591836735,3.179591836734694,-0.03571428571428569,0.24999999999999994,-2.3001725084565857e-17,3.179591836734694
C54B-DBC5,Lilyan,Martinet,Female,33,Frequent Traveller,Sales,33,CA,Mixed,Doctorate,Marketing,Sales Executive,Married,115114,1,No,2013-11-12,No,9,9,9,6,Senior,115114.0,2022-11-28,5,3,5,3,0,3,4,3,2022,-1,10,2.979591836734694,3.7755102040816326,2.857142857142857,3.6122448979591835,0.8367346938775511,2.8122448979591836,0.24999999999999994,-0.035714285714285705,-0.21428571428571422,2.8122448979591836
C560-23D6,Chiquita,Le Marchant,Non-Binary,23,Some Travel,Technology,20,CA,White,No Formal Qualifications,Computer Science,Software Engineer,Divorced,45995,1,No,2019-09-27,No,3,1,1,2,Junior,45995.0,2014-05-09,4,3,4,2,1,2,4,4,2014,0,2,2.0,4.333333333333333,3.0,3.3333333333333335,1.3333333333333333,2.8,0.0,0.0,0.9999999999999997,2.8
C579-11D1,Benjie,Grosvenor,Male,23,Some Travel,Technology,11,CA,White,Masters,Information Systems,Data Scientist,Married,22488,1,No,2020-09-04,No,2,2,2,2,Mid,22488.0,2022-08-20,5,5,4,3,1,4,5,4,2022,-1,10,4.0,5.0,5.0,4.0,1.0,3.8,0.0,0.0,0.0,3.8
C57E-6E4F,Tremain,Drakes,Male,24,No Travel,Technology,35,CA,Asian,Bachelors,Computer Science,Data Scientist,Single,32502,0,Yes,2018-02-06,Yes,1,1,1,0,Junior,32502.0,2022-03-02,3,3,3,2,0,2,3,3,2022,0,10,3.018181818181818,3.4727272727272727,3.1636363636363636,3.2363636363636363,0.7636363636363637,2.730909090909091,-0.02424242424242425,-0.1212121212121212,-0.18181818181818185,2.730909090909091
C5C2-985F,Gaspar,O' Concannon,Male,29,Some Travel,Sales,3,CA,Native American,Bachelors,Other,Sales Representative,Single,46465,0,Yes,2014-05-16,Yes,4,3,3,3,Mid,46465.0,2022-04-12,5,3,2,2,0,2,5,4,2022,-1,10,2.7818181818181817,4.0,3.9272727272727272,3.2363636363636363,1.2545454545454546,3.04,0.2848484848484849,-0.14545454545454545,2.642109379823359e-18,3.04
C62F-44EF,Valeda,Napier,Female,39,Frequent Traveller,Human Resources,25,CA,Black,Bachelors,Economics,HR Business Partner,Married,349233,1,No,2019-04-06,No,3,0,2,0,Junior,349233.0,2022-12-10,5,2,4,1,2,4,4,3,2022,-1,10,3.526315789473684,4.526315789473684,2.0,4.0,1.5263157894736843,3.1157894736842104,0.0,0.9999999999999997,-0.9999999999999997,3.1157894736842104
C661-6A1C,Joeann,Batrop,Female,25,Frequent Traveller,Technology,24,CA,Mixed,No Formal Qualifications,Business Studies,Software Engineer,Single,40314,0,No,2016-09-15,Yes,3,1,3,3,Junior,40314.0,2022-04-19,3,2,5,1,1,3,3,3,2022,0,10,4.090909090909091,3.709090909090909,3.036363636363636,3.4,0.8363636363636363,3.0145454545454546,-0.042424242424242434,0.1272727272727273,-0.096969696969697,3.0145454545454546
C6A8-4E8A,Clayton,Hinemoor,Male,29,Some Travel,Technology,8,NY,White,High School,Computer Science,Machine Learning Engineer,Married,119083,2,No,2014-04-25,No,8,3,6,4,Mid,119083.0,2022-02-21,5,4,2,3,2,3,5,5,2022,0,10,3.2666666666666666,4.311111111111111,3.6666666666666665,3.4444444444444446,1.0888888888888888,3.1555555555555554,1.4931570059950514e-17,0.2571428571428572,0.057142857142857155,3.1555555555555554
C6D7-A568,Eve,Takkos,Female,42,No Travel,Sales,10,CA,White,High School,Marketing,Sales Representative,Married,48922,1,No,2012-05-07,No,10,3,9,9,Mid,48922.0,2022-03-22,4,2,4,1,1,3,5,4,2022,-1,10,3.2884615384615383,4.230769230769231,3.173076923076923,3.1538461538461537,1.2884615384615385,3.026923076923077,0.21428571428571433,0.2023809523809525,0.08333333333333336,3.026923076923077
C6EC-FEB5,Charlena,Severwright,Female,38,Some Travel,Sales,1,CA,White,No Formal Qualifications,Economics,Sales Executive,Single,151141,0,No,2012-01-19,No,10,3,6,9,Mid,151141.0,2022-12-06,3,3,4,1,0,2,4,4,2022,0,10,3.730769230769231,4.115384615384615,3.0384615384615383,3.6346153846153846,1.3269230769230769,3.169230769230769,0.2023809523809524,-0.17857142857142866,0.08333333333333336,3.169230769230769
C6F6-CDFE,Faythe,Ephson,Female,24,Some Travel,Sales,8,CA,White,Masters,Marketing,Sales Representative,Married,50513,1,No,2018-08-04,No,4,0,4,1,Junior,50513.0,2022-06-16,5,4,2,2,0,5,3,3,2022,0,10,3.4444444444444446,5.0,3.962962962962963,2.3333333333333335,0.2962962962962963,3.0074074074074075,-0.4999999999999998,1.4999999999999998,-0.49999999999999983,3.0074074074074075
C730-6B13,Ariadne,Isakov,Female,32,Some Travel,Technology,20,IL,Pacific Islander,Masters,Computer Science,Data Scientist,Single,85884,0,No,2013-10-31,No,9,9,9,5,Senior,85884.0,2022-09-01,5,5,2,3,2,4,4,3,2022,-1,10,3.183673469387755,3.9183673469387754,3.673469387755102,3.0,0.8367346938775511,2.9224489795918367,0.17857142857142852,0.3214285714285714,0.17857142857142852,2.9224489795918367
C768-BBF8,Carine,Molfino,Female,30,Some Travel,Technology,19,CA,White,Bachelors,Computer Science,Senior Software Engineer,Divorced,125751,1,No,2021-03-11,No,1,0,1,1,Junior,125751.0,2022-12-13,2,1,2,2,0,4,5,5,2022,0,10,4.0,2.0,1.0,2.0,0.0,1.8,0.0,0.0,0.0,1.8
C77A-2348,Mortimer,Planks,Male,26,Some Travel,Technology,15,NY,White,No Formal Qualifications,Information Systems,Software Engineer,Married,45085,2,No,2017-03-17,No,5,2,4,2,Mid,45085.0,2022-07-25,4,5,5,2,0,5,5,5,2022,0,10,3.3823529411764706,3.5294117647058822,3.2941176470588234,3.1176470588235294,0.7647058823529411,2.8176470588235296,0.3000000000000001,0.8999999999999997,0.3999999999999999,2.8176470588235296
C79A-E5E1,Alvera,Kulver,Female,32,Frequent Traveller,Technology,13,CA,White,No Formal Qualifications,Computer Science,Data Scientist,Divorced,48835,1,Yes,2012-02-17,Yes,8,5,7,0,Senior,48835.0,2022-04-28,3,3,3,1,2,2,3,3,2022,0,10,3.0,3.981818181818182,3.1818181818181817,3.8,1.4363636363636363,3.08,0.05454545454545457,-0.13333333333333336,0.06666666666666665,3.08
C7C8-43D9,Rebecka,Leat,Female,27,Some Travel,Technology,25,NY,Asian,Masters,Information Systems,Data Scientist,Divorced,24571,3,No,2016-04-17,No,6,5,5,6,Senior,24571.0,2022-08-19,4,2,5,3,0,5,5,5,2022,0,10,3.323529411764706,3.411764705882353,2.323529411764706,3.1470588235294117,0.8529411764705882,2.611764705882353,0.5,0.4999999999999999,0.6,2.611764705882353
C8BC-3B77,Anna-diane,Allpress,Female,27,Frequent Traveller,Sales,21,NY,White,Bachelors,Economics,Sales Executive,Married,66488,1,No,2016-07-18,No,6,5,6,3,Senior,66488.0,2022-05-13,5,2,4,1,0,2,4,3,2022,-1,10,2.235294117647059,4.264705882352941,2.0,3.7058823529411766,0.2647058823529412,2.494117647058824,0.0,-0.09999999999999998,-0.29999999999999993,2.494117647058824
C8FA-B6FE,Galen,Kabos,Male,23,Some Travel,Technology,30,CA,Mixed,Masters,Information Systems,Senior Software Engineer,Single,54171,0,Yes,2019-04-18,No,3,2,3,0,Mid,54171.0,2022-02-14,4,4,5,2,3,5,4,3,2022,-1,10,5.0,3.526315789473684,3.0526315789473686,3.5789473684210527,1.5789473684210527,3.3473684210526313,1.9999999999999993,0.0,0.0,3.3473684210526313
C900-9EF9,Josiah,Sloam,Non-Binary,30,Some Travel,Sales,11,CA,White,No Formal Qualifications,Marketing,Sales Executive,Married,127014,0,No,2014-12-26,No,8,4,8,0,Mid,127014.0,2019-02-22,4,3,2,2,2,3,3,3,2019,0,7,3.6666666666666665,3.925925925925926,3.185185185185185,2.6296296296296298,1.037037037037037,2.888888888888889,-0.48571428571428577,-3.1941540250718664e-17,-0.22857142857142862,2.888888888888889
C95B-FE97,Ira,Rivelon,Male,21,Some Travel,Technology,40,CA,White,Bachelors,Business Studies,Data Scientist,Married,58274,1,No,2019-06-27,No,3,3,3,3,Mid,58274.0,2022-08-24,1,4,4,2,1,4,3,3,2022,0,10,3.0526315789473686,2.8947368421052633,3.526315789473684,4.0,1.0,2.894736842105263,0.9999999999999997,1.9999999999999993,0.0,2.894736842105263
C95C-CE06,Stillman,Castiello,Male,44,Some Travel,Sales,35,CA,Mixed,Bachelors,Marketing,Sales Representative,Married,75667,1,No,2014-10-27,No,8,6,6,3,Senior,75667.0,2022-04-04,3,1,4,2,0,4,5,5,2022,0,10,2.9555555555555557,3.3333333333333335,3.066666666666667,3.466666666666667,0.6222222222222222,2.688888888888889,-0.25714285714285706,-0.11428571428571446,0.17142857142857143,2.688888888888889
C96B-43C7,Kristo,Casaro,Male,21,Some Travel,Technology,22,NY,White,High School,Computer Science,Software Engineer,Divorced,73075,2,No,2020-12-23,No,2,1,1,1,Junior,73075.0,2022-05-18,5,2,5,3,2,4,4,4,2022,0,10,4.0,5.0,2.0,5.0,2.0,3.6,0.0,0.0,0.0,3.6
C96F-0F3B,Jessa,Glasscoo,Female,41,Some Travel,Sales,16,CA,White,No Formal Qualifications,Marketing,Sales Representative,Married,48147,1,No,2012-03-01,No,10,8,10,5,Senior,48147.0,2022-02-07,3,2,5,3,1,4,5,5,2022,0,10,3.230769230769231,3.519230769230769,2.576923076923077,4.173076923076923,1.2307692307692308,2.946153846153846,-0.05952380952380954,0.13095238095238101,0.11904761904761908,2.946153846153846
C973-E8E5,Bertie,Murrells,Male,26,Some Travel,Technology,2,CA,White,Bachelors,Computer Science,Software Engineer,Married,57722,1,Yes,2017-06-30,No,5,4,4,0,Mid,57722.0,2018-09-09,4,2,4,2,1,2,5,5,2018,0,6,2.2666666666666666,3.933333333333333,3.0,3.8,1.8666666666666667,2.9733333333333336,-2.346337633521146e-16,-0.49999999999999983,6.988925454103805e-17,2.9733333333333336
C9FF-3A25,West,Shalloo,Male,28,No Travel,Technology,17,NY,Black,High School,Information Systems,Software Engineer,Single,54324,0,Yes,2015-09-10,Yes,3,3,3,1,Mid,54324.0,2022-05-12,2,4,1,2,2,4,3,2,2022,-1,10,3.4909090909090907,3.618181818181818,3.5454545454545454,2.7818181818181817,1.6181818181818182,3.0109090909090908,0.03030303030303031,-0.0060606060606060675,0.048484848484848485,3.0109090909090908
CA1B-0302,Hestia,Pickin,Female,22,Some Travel,Human Resources,11,NY,White,Bachelors,Marketing,Recruiter,Married,26880,0,No,2020-12-10,No,2,2,2,1,Mid,26880.0,2022-12-27,3,3,2,2,0,3,5,5,2022,0,10,3.0,3.0,3.0,2.0,0.0,2.2,0.0,0.0,0.0,2.2
CA75-94D1,Avery,Larimer,Male,41,Some Travel,Technology,16,CA,Black,High School,Computer Science,Data Scientist,Married,45989,1,No,2014-06-17,No,8,4,8,4,Mid,45989.0,2022-08-15,3,4,4,3,2,3,3,3,2022,0,10,3.0444444444444443,3.2,3.3555555555555556,3.7333333333333334,1.0888888888888888,2.884444444444444,0.05714285714285714,0.11428571428571424,0.1428571428571429,2.884444444444444
CACA-0D62,Zarla,Farrans,Female,32,Some Travel,Technology,33,CA,Mixed,Bachelors,Information Systems,Data Scientist,Married,121881,2,No,2014-02-09,No,8,7,8,8,Senior,121881.0,2020-05-27,4,4,2,3,1,2,4,4,2020,0,8,3.1818181818181817,4.363636363636363,3.4242424242424243,3.242424242424242,0.6363636363636364,2.9696969696969697,-0.1428571428571429,-0.2857142857142857,-0.08571428571428572,2.9696969696969697
CAD7-01BE,Marlin,Egdell,Male,47,Some Travel,Sales,26,CA,Mixed,Masters,Marketing,Sales Executive,Divorced,244765,2,Yes,2018-07-04,No,4,2,3,1,Mid,244765.0,2022-12-15,5,3,3,1,3,2,3,3,2022,0,10,2.888888888888889,4.037037037037037,3.2962962962962963,3.925925925925926,2.111111111111111,3.251851851851852,-0.49999999999999983,-1.4999999999999991,4.886831086417666e-17,3.251851851851852
CBB3-0D7E,Archaimbaud,Hawkshaw,Male,26,Some Travel,Sales,44,CA,White,No Formal Qualifications,Technical Degree,Sales Representative,Single,40638,0,Yes,2014-01-11,Yes,2,0,0,1,Junior,40638.0,2022-01-14,3,4,3,3,0,5,3,2,2022,-1,10,3.581818181818182,3.5090909090909093,3.3636363636363638,3.9272727272727272,1.1454545454545455,3.1054545454545455,0.04242424242424241,0.12121212121212123,-0.1393939393939394,3.1054545454545455
CBCB-9C9D,Leonerd,Aland,Male,38,Some Travel,Sales,23,CA,White,Masters,Marketing,Sales Executive,Single,157718,0,Yes,2012-01-04,No,10,6,10,0,Senior,157718.0,2022-07-29,3,4,4,3,0,2,5,4,2022,-1,10,2.8333333333333335,3.814814814814815,3.185185185185185,3.759259259259259,0.6111111111111112,2.840740740740741,-0.13333333333333336,-0.15000000000000002,-0.08333333333333336,2.840740740740741
CC1D-5D73,Tillie,Cregin,Female,40,No Travel,Sales,9,CA,White,Bachelors,Marketing,Manager,Single,254535,0,No,2020-04-25,No,2,2,2,1,Mid,254535.0,2022-11-21,3,4,4,1,2,1,3,3,2022,0,10,1.0,3.0,4.0,4.0,2.0,2.8,0.0,0.0,0.0,2.8
CC2F-670E,Blake,Louys,Male,29,Frequent Traveller,Technology,26,CA,White,Bachelors,Computer Science,Data Scientist,Single,78541,0,Yes,2013-02-23,Yes,6,5,5,2,Senior,78541.0,2022-03-02,3,3,5,1,0,4,3,2,2022,-1,10,3.5272727272727273,3.5636363636363635,2.7636363636363637,4.072727272727272,0.5454545454545454,2.8945454545454545,-0.22424242424242427,0.018181818181818184,-0.17575757575757578,2.8945454545454545
CC7A-EE97,Ryan,Gaffey,Male,31,Some Travel,Technology,10,IL,White,Bachelors,Computer Science,Senior Software Engineer,Married,168087,1,No,2014-06-24,No,8,4,7,3,Mid,168087.0,2022-11-05,4,5,2,2,0,5,3,2,2022,-1,10,3.8444444444444446,3.422222222222222,3.7111111111111112,2.8,0.8888888888888888,2.9333333333333336,0.5428571428571429,0.028571428571428564,-0.22857142857142856,2.9333333333333336
CC88-AE14,Barbi,Wilsher,Female,25,Some Travel,Technology,27,CA,Mixed,High School,Computer Science,Machine Learning Engineer,Married,84770,1,Yes,2016-12-20,No,6,0,5,0,Junior,84770.0,2022-11-19,4,2,4,3,1,5,3,2,2022,-1,10,4.0588235294117645,3.2941176470588234,3.411764705882353,2.588235294117647,0.5,2.7705882352941176,-0.5999999999999998,0.3999999999999999,-0.6,2.7705882352941176
CC8A-0B1F,Letta,Van der Kruys,Female,28,Some Travel,Technology,23,CA,Mixed,High School,Business Studies,Data Scientist,Married,65328,1,No,2014-06-27,Yes,5,4,4,0,Mid,65328.0,2022-02-28,3,4,3,2,1,3,5,5,2022,0,10,3.1272727272727274,3.7454545454545456,3.672727272727273,3.3454545454545452,0.6363636363636364,2.9054545454545457,-0.0181818181818182,0.08484848484848484,-0.024242424242424208,2.9054545454545457
CCAB-4B80,Monty,Demead,Male,44,Some Travel,Technology,29,CA,White,Bachelors,Information Systems,Analytics Manager,Divorced,304520,3,Yes,2014-03-20,No,8,2,2,4,Mid,304520.0,2022-07-16,3,4,5,2,2,4,3,3,2022,0,10,3.3333333333333335,3.311111111111111,4.066666666666666,3.4,0.8888888888888888,3.0,0.17142857142857146,-1.269488258396169e-17,-0.37142857142857144,3.0
CCE7-36ED,Dwain,Nias,Male,36,Some Travel,Technology,11,NY,Asian,Bachelors,Computer Science,Machine Learning Engineer,Married,236739,2,No,2018-06-26,No,4,3,4,3,Mid,236739.0,2022-03-21,4,3,2,3,1,3,3,3,2022,0,10,2.925925925925926,4.0,3.0,2.5925925925925926,1.2962962962962963,2.762962962962963,0.0,-0.9999999999999996,-4.886831086417666e-17,2.762962962962963
CD0F-DE05,Prudence,Cockrell,Female,28,No Travel,Technology,43,CA,White,Bachelors,Computer Science,Software Engineer,Single,50175,0,No,2013-07-18,No,9,9,9,3,Senior,50175.0,2022-10-19,2,3,2,1,0,4,4,3,2022,-1,10,3.2448979591836733,3.2857142857142856,3.2857142857142856,2.836734693877551,1.3673469387755102,2.804081632653061,-5.829308101167357e-17,-0.07142857142857137,0.10714285714285711,2.804081632653061
CD7F-377F,Kendricks,Tribe,Male,25,Frequent Traveller,Sales,25,CA,Black,Bachelors,Marketing,Sales Executive,Married,46283,1,No,2016-08-24,No,6,5,6,1,Senior,46283.0,2022-09-19,4,2,2,2,1,2,3,2,2022,-1,10,3.6470588235294117,3.735294117647059,2.9705882352941178,2.735294117647059,1.1764705882352942,2.8529411764705883,-0.19999999999999996,-0.7,0.19999999999999993,2.8529411764705883
CDAC-40FE,Gwenora,Fourcade,Female,22,Some Travel,Technology,41,CA,Black,Doctorate,Information Systems,Machine Learning Engineer,Single,75810,0,No,2018-12-24,No,4,2,4,3,Mid,75810.0,2022-01-12,4,4,3,1,1,3,5,4,2022,-1,10,3.0,3.526315789473684,2.5789473684210527,2.0526315789473686,1.0,2.431578947368421,2.9999999999999996,0.0,0.0,2.431578947368421
CDC1-C7CA,Jobyna,Keeler,Female,25,Frequent Traveller,Sales,6,CA,Mixed,Bachelors,Marketing,Sales Executive,Married,102569,0,No,2015-09-12,No,7,1,2,5,Junior,102569.0,2022-08-17,3,3,5,2,3,3,4,3,2022,-1,10,3.4,3.55,3.35,3.1,0.925,2.8649999999999998,-0.20000000000000004,-3.574873224334839e-17,-0.09999999999999999,2.8649999999999998
CDFB-6A08,Huey,Paoletti,Male,26,Some Travel,Technology,8,NY,Black,Masters,Other,Software Engineer,Single,22918,0,Yes,2016-05-01,Yes,0,0,0,0,Junior,22918.0,2022-04-12,5,3,5,1,1,2,3,3,2022,0,10,3.3454545454545452,4.545454545454546,3.909090909090909,4.054545454545455,0.9636363636363636,3.363636363636364,-0.060606060606060615,-0.10303030303030306,-0.036363636363636376,3.363636363636364
CE90-763C,Carly,Mushawe,Female,27,Frequent Traveller,Technology,40,CA,Black,Bachelors,Information Systems,Data Scientist,Married,31672,1,No,2015-08-02,No,7,1,3,6,Junior,31672.0,2022-08-02,3,3,4,1,0,3,3,2,2022,-1,10,2.8,3.7,3.65,3.325,0.95,2.8850000000000002,0.20000000000000007,4.5765876856059633e-17,-0.39999999999999997,2.8850000000000002
CECC-60FF,Elissa,Seide,Female,27,Some Travel,Technology,16,CA,White,No Formal Qualifications,Information Systems,Software Engineer,Single,54379,0,No,2016-10-04,No,6,1,2,2,Junior,54379.0,2022-09-18,5,4,3,1,1,3,3,3,2022,0,10,3.1470588235294117,4.0588235294117645,2.764705882352941,2.8823529411764706,0.5588235294117647,2.6823529411764704,0.1,-0.6999999999999997,0.0,2.6823529411764704
CED0-8D31,Dulci,Berthot,Female,36,Some Travel,Technology,43,CA,Black,Bachelors,Computer Science,Analytics Manager,Single,454993,0,No,2014-06-24,No,8,3,4,0,Mid,454993.0,2022-02-20,3,3,3,1,1,3,4,4,2022,0,10,2.888888888888889,4.222222222222222,3.7777777777777777,3.422222222222222,0.8,3.0222222222222226,0.28571428571428575,0.14285714285714288,0.31428571428571433,3.0222222222222226
CEE0-94C3,Olvan,Pilgram,Male,42,Some Travel,Sales,12,CA,White,No Formal Qualifications,Technical Degree,Sales Representative,Married,70535,1,No,2013-09-29,No,9,3,8,5,Mid,70535.0,2022-10-24,2,1,1,3,3,1,4,3,2022,-1,10,3.061224489795918,3.4693877551020407,3.0,3.2653061224489797,1.3061224489795917,2.820408163265306,-0.49999999999999983,-0.14285714285714282,-0.28571428571428564,2.820408163265306
CEE1-DA0F,Fayth,Sowden,Female,23,Some Travel,Technology,23,CA,White,Bachelors,Computer Science,Software Engineer,Single,40438,0,Yes,2018-11-20,No,4,0,0,2,Junior,40438.0,2017-01-19,4,3,4,3,0,2,4,3,2017,-1,5,2.0,4.444444444444445,3.888888888888889,3.111111111111111,0.0,2.688888888888889,-1.9999999999999993,0.0,0.0,2.688888888888889
CF2F-8CA3,Lindy,Rawstorne,Male,45,Some Travel,Sales,20,CA,White,High School,Marketing,Sales Executive,Married,76693,1,No,2012-02-06,No,10,2,9,10,Mid,76693.0,2022-04-13,4,5,2,3,1,5,5,4,2022,-1,10,3.5576923076923075,3.9423076923076925,3.730769230769231,2.8846153846153846,1.1346153846153846,3.05,0.4404761904761907,0.07142857142857142,-0.07142857142857154,3.05
CF5D-0E32,Fairfax,Leyre,Male,21,Frequent Traveller,Technology,36,CA,Native American,Bachelors,Computer Science,Software Engineer,Divorced,22462,1,Yes,2019-01-24,No,3,2,2,3,Mid,22462.0,2022-07-04,5,4,4,3,1,5,4,3,2022,-1,10,4.526315789473684,5.0,3.0526315789473686,4.0,0.5263157894736842,3.421052631578948,1.9999999999999993,0.9999999999999997,-0.9999999999999997,3.421052631578948
CF8D-7379,Tim,Spinley,Prefer Not To Say,43,Some Travel,Technology,14,NY,White,Masters,Information Systems,Engineering Manager,Married,365504,3,Yes,2013-11-04,No,9,6,7,8,Senior,365504.0,2022-12-10,3,5,5,2,1,3,4,4,2022,0,10,3.5510204081632653,3.938775510204082,4.489795918367347,3.7755102040816326,0.8367346938775511,3.3183673469387758,0.10714285714285714,-0.28571428571428564,0.14285714285714282,3.3183673469387758
CFE3-312D,Jess,Hoyte,Male,21,Frequent Traveller,Sales,36,IL,White,Masters,Other,Sales Executive,Single,46452,0,Yes,2020-11-08,Yes,1,1,1,0,Junior,46452.0,2022-03-10,3,2,2,1,3,3,5,4,2022,-1,10,3.2962962962962963,3.5555555555555554,3.111111111111111,3.425925925925926,1.0555555555555556,2.8888888888888884,0.1,-0.23333333333333334,0.16666666666666669,2.8888888888888884
D014-7DB2,Dolli,Dodgson,Female,20,Some Travel,Sales,16,NY,White,Bachelors,Marketing,Sales Representative,Single,35754,0,No,2020-08-24,Yes,0,0,0,0,Junior,35754.0,2022-09-07,2,2,1,3,1,3,3,2,2022,-1,10,2.8333333333333335,3.6296296296296298,3.3518518518518516,2.6666666666666665,0.9444444444444444,2.685185185185185,-0.08333333333333334,-0.15000000000000002,-0.08333333333333333,2.685185185185185
D045-B6CA,Petrina,Inkpin,Female,26,Some Travel,Technology,34,CA,Black,Masters,Information Systems,Software Engineer,Married,71198,0,No,2017-11-07,Yes,5,0,0,1,Junior,71198.0,2022-01-12,3,4,3,3,1,2,4,4,2022,0,10,3.6363636363636362,3.5090909090909093,3.5272727272727273,3.3454545454545452,1.0363636363636364,3.0109090909090908,-0.04848484848484849,-0.1757575757575758,0.15757575757575762,3.0109090909090908
D061-5CAD,Bengt,Smythin,Male,22,No Travel,Technology,25,CA,White,Masters,Business Studies,Software Engineer,Single,31386,0,No,2019-05-13,No,3,2,2,1,Mid,31386.0,2022-11-15,3,3,2,3,1,3,3,2,2022,-1,10,2.0526315789473686,2.0526315789473686,2.0526315789473686,1.5263157894736843,1.9473684210526316,1.9263157894736842,1.9999999999999993,1.9999999999999993,-0.9999999999999997,1.9263157894736842
D077-169C,Gustavo,Chatel,Male,46,Some Travel,Sales,20,CA,Black,High School,Technical Degree,Sales Executive,Married,150731,2,No,2012-03-06,No,10,8,9,3,Senior,150731.0,2022-03-16,5,3,5,1,1,3,5,5,2022,0,10,3.6538461538461537,3.980769230769231,3.173076923076923,3.4615384615384617,1.1538461538461537,3.0846153846153848,-0.09523809523809527,0.19047619047619052,-0.130952380952381,3.0846153846153848
D106-E487,Dori,Bevens,Female,40,Some Travel,Sales,2,NY,White,Masters,Technical Degree,Sales Executive,Married,204005,1,No,2014-06-10,No,8,7,7,3,Senior,204005.0,2022-01-08,4,4,3,3,0,4,5,5,2022,0,10,3.466666666666667,2.888888888888889,2.8666666666666667,2.6222222222222222,0.5777777777777777,2.4844444444444447,0.08571428571428569,-0.0857142857142857,0.5142857142857142,2.4844444444444447
D186-CBF5,Ibby,Witcomb,Female,19,Some Travel,Sales,21,NY,White,Bachelors,Marketing,Sales Representative,Single,33454,0,Yes,2022-05-19,Yes,0,0,0,0,Junior,33454.0,2022-08-24,3,1,1,2,1,3,5,4,2022,-1,10,3.4444444444444446,3.7037037037037037,2.9814814814814814,3.740740740740741,1.0,2.974074074074074,-0.3166666666666667,-0.20000000000000004,0.05,2.974074074074074
D18F-8C48,Feliza,Jeschner,Female,27,No Travel,Technology,8,IL,Asian,No Formal Qualifications,Information Systems,Engineering Manager,Divorced,152322,1,No,2016-04-17,No,6,0,5,4,Junior,152322.0,2022-10-26,3,5,4,3,1,2,4,3,2022,-1,10,2.3529411764705883,3.6176470588235294,3.9705882352941178,3.588235294117647,1.0,2.9058823529411764,-0.19999999999999984,-0.9999999999999998,-0.8999999999999999,2.9058823529411764
D199-1896,Lin,Dibbs,Female,42,Some Travel,Sales,39,CA,White,Bachelors,Economics,Sales Executive,Married,206277,2,No,2012-05-02,No,10,6,10,1,Senior,206277.0,2022-10-25,3,2,3,1,2,5,3,3,2022,0,10,3.9038461538461537,2.826923076923077,3.576923076923077,3.923076923076923,1.4615384615384615,3.138461538461539,-0.21428571428571436,0.34523809523809545,-0.16666666666666674,3.138461538461539
D1C6-25BE,Shadow,O'Curneen,Male,19,Some Travel,Technology,26,CA,White,Bachelors,Information Systems,Software Engineer,Single,43961,1,No,2021-02-19,No,1,0,1,1,Junior,43961.0,2022-12-12,3,2,4,1,0,2,4,4,2022,0,10,2.0,3.0,2.0,4.0,0.0,2.2,0.0,0.0,0.0,2.2
D245-5D80,Bank,MacEveley,Male,26,Some Travel,Technology,10,CA,White,Masters,Information Systems,Senior Software Engineer,Divorced,148080,1,Yes,2015-05-03,No,7,7,7,1,Senior,148080.0,2022-11-02,2,2,4,1,2,4,4,4,2022,0,10,3.2,3.85,2.925,3.675,1.15,2.9600000000000004,-0.3,-4.5765876856059633e-17,0.19999999999999998,2.9600000000000004
D24B-5AC8,Horatio,Chaffen,Male,24,Some Travel,Technology,45,CA,Mixed,Masters,Information Systems,Data Scientist,Married,38022,0,No,2017-07-14,No,5,5,5,1,Senior,38022.0,2015-04-23,3,3,3,1,0,5,3,3,2015,0,3,3.8333333333333335,3.5,2.6666666666666665,3.8333333333333335,0.16666666666666666,2.8,4.886831086417666e-17,0.5000000000000001,-0.49999999999999983,2.8
D29C-A21F,Ebenezer,Bontein,Male,25,Frequent Traveller,Technology,23,CA,Black,Bachelors,Information Systems,Software Engineer,Married,22525,1,No,2017-08-31,No,5,3,4,5,Mid,22525.0,2022-09-14,1,1,1,2,0,2,5,4,2022,-1,10,3.5555555555555554,3.185185185185185,2.5925925925925926,3.2222222222222223,1.2962962962962963,2.7703703703703697,-0.9999999999999998,-1.4999999999999998,0.9999999999999996,2.7703703703703697
D2BE-E6F6,Maud,Guerrier,Female,31,Frequent Traveller,Sales,28,NY,White,High School,Marketing,Sales Executive,Married,183189,1,No,2014-01-01,No,8,3,6,6,Mid,183189.0,2022-05-05,4,2,3,1,3,2,3,2,2022,-1,10,2.489795918367347,4.3061224489795915,2.795918367346939,2.9591836734693877,1.3265306122448979,2.775510204081633,-0.1071428571428571,0.10714285714285711,-0.28571428571428564,2.775510204081633
D31B-BEF8,Bent,Plumridege,Male,25,Frequent Traveller,Sales,19,CA,Mixed,Masters,Marketing,Sales Representative,Single,28090,0,No,2016-08-31,Yes,0,0,0,0,Junior,28090.0,2022-05-02,5,4,5,3,0,5,4,4,2022,0,10,3.890909090909091,4.509090909090909,3.5636363636363635,3.8181818181818183,0.8727272727272727,3.330909090909091,0.04242424242424244,0.19393939393939397,-0.006060606060606084,3.330909090909091
D351-C7E4,Doralin,Whiley,Female,42,Some Travel,Technology,9,CA,Asian,High School,Information Systems,Data Scientist,Married,73577,1,No,2013-01-23,No,9,9,9,6,Senior,73577.0,2022-02-16,4,4,2,3,0,5,5,5,2022,0,10,3.7142857142857144,3.7142857142857144,3.4285714285714284,2.6530612244897958,1.0408163265306123,2.9102040816326533,-2.414866213437438e-18,-5.758524823251576e-18,0.17857142857142852,2.9102040816326533
D383-714B,Lindsey,Hedley,Male,26,Frequent Traveller,Technology,12,IL,White,Bachelors,Other,Data Scientist,Married,29449,1,No,2017-04-22,No,5,1,3,1,Junior,29449.0,2022-03-14,3,4,1,2,0,2,3,2,2022,-1,10,2.4705882352941178,4.411764705882353,4.029411764705882,2.3529411764705883,0.7058823529411765,2.7941176470588234,0.19999999999999996,-0.19999999999999993,-0.5,2.7941176470588234
D39D-4015,Joan,Camings,Female,30,Frequent Traveller,Technology,28,NY,White,Bachelors,Information Systems,Software Engineer,Divorced,46388,1,No,2014-01-16,No,8,6,6,3,Senior,46388.0,2022-12-04,4,2,4,3,0,3,3,3,2022,0,10,2.5306122448979593,3.938775510204082,3.183673469387755,3.4693877551020407,1.1020408163265305,2.8448979591836734,-0.17857142857142852,-0.07142857142857142,-0.14285714285714282,2.8448979591836734
D3EB-610D,Bo,Cullabine,Male,24,Frequent Traveller,Technology,10,NY,Mixed,Masters,Computer Science,Data Scientist,Married,67447,1,Yes,2016-10-10,No,6,2,6,6,Mid,67447.0,2022-01-18,5,2,4,3,0,5,4,3,2022,-1,10,4.0588235294117645,3.3823529411764706,3.6176470588235294,3.235294117647059,0.0,2.8588235294117643,-0.8999999999999997,0.3999999999999999,-0.2999999999999999,2.8588235294117643
D3F6-A313,Alister,Gianullo,Male,27,Some Travel,Technology,34,CA,White,Masters,Computer Science,Software Engineer,Married,50949,1,No,2015-08-13,No,7,6,7,3,Senior,50949.0,2022-06-06,3,2,3,3,2,4,4,4,2022,0,10,4.55,3.6,2.625,3.2,0.65,2.9250000000000003,-0.7000000000000002,-0.19999999999999998,-0.20000000000000007,2.9250000000000003
D457-AB87,Geoffrey,Bambery,Male,24,Some Travel,Sales,29,CA,Mixed,Bachelors,Marketing,Sales Executive,Married,105859,2,No,2017-02-13,No,5,5,5,3,Senior,105859.0,2022-10-30,5,4,5,2,0,4,3,2,2022,-1,10,3.411764705882353,3.911764705882353,3.764705882352941,3.411764705882353,0.0,2.9,0.09999999999999998,1.0999999999999999,-0.3999999999999999,2.9
D471-4BFF,Dew,Jinkinson,Male,24,Frequent Traveller,Sales,9,NY,Black,Bachelors,Marketing,Sales Executive,Single,45410,0,No,2019-02-04,No,3,3,3,1,Mid,45410.0,2022-12-18,1,4,3,3,1,4,5,5,2022,0,10,3.0526315789473686,2.8947368421052633,3.0526315789473686,3.0,0.5263157894736842,2.505263157894737,1.9999999999999993,1.9999999999999993,0.9999999999999997,2.505263157894737
D49C-096C,George,Keddie,Non-Binary,26,No Travel,Sales,10,NY,Pacific Islander,High School,Economics,Sales Executive,Single,55537,0,No,2014-03-16,Yes,4,1,1,1,Junior,55537.0,2022-04-29,3,3,2,2,2,2,5,5,2022,0,10,3.4727272727272727,3.2545454545454544,4.036363636363636,3.1454545454545455,1.2545454545454546,3.0327272727272723,-0.042424242424242434,-0.15151515151515157,0.23636363636363641,3.0327272727272723
D4BE-786C,Hurleigh,Pashenkov,Male,24,No Travel,Sales,3,NY,White,Bachelors,Economics,Sales Executive,Single,128634,0,No,2018-06-11,No,4,4,4,4,Mid,128634.0,2022-06-14,4,2,5,2,0,2,5,4,2022,-1,10,2.888888888888889,4.62962962962963,2.6296296296296298,4.074074074074074,1.8888888888888888,3.2222222222222223,-0.49999999999999983,-1.4999999999999991,0.49999999999999983,3.2222222222222223
D4D5-27FB,Bengt,Keaves,Male,29,Some Travel,Technology,36,NY,White,No Formal Qualifications,Information Systems,Data Scientist,Divorced,86428,3,No,2014-11-20,Yes,6,5,5,5,Senior,86428.0,2022-01-21,4,2,2,3,0,4,5,5,2022,0,10,3.581818181818182,3.672727272727273,3.4545454545454546,3.381818181818182,0.7636363636363637,2.9709090909090907,-0.03030303030303031,0.05454545454545454,0.12727272727272732,2.9709090909090907
D4D7-3C3F,Annaliese,Hedingham,Female,28,Some Travel,Technology,27,NY,Mixed,High School,Information Systems,Machine Learning Engineer,Divorced,117918,2,No,2014-12-02,No,8,3,8,7,Mid,117918.0,2022-10-03,4,3,2,1,0,4,4,3,2022,-1,10,4.2444444444444445,3.688888888888889,3.977777777777778,3.466666666666667,0.0,3.075555555555556,-0.057142857142857106,0.20000000000000007,0.1714285714285714,3.075555555555556
D4DF-162F,Perla,Vivyan,Female,36,Some Travel,Technology,2,IL,White,High School,Computer Science,Engineering Manager,Divorced,247730,1,Yes,2020-03-25,No,2,2,2,0,Mid,247730.0,2022-04-02,5,3,4,3,1,5,3,3,2022,0,10,5.0,5.0,3.0,4.0,1.0,3.6,0.0,0.0,0.0,3.6
D529-0BC2,Katharina,Nehlsen,Female,24,Some Travel,Technology,42,CA,White,High School,Other,Data Scientist,Married,38775,1,Yes,2017-02-06,No,5,0,5,1,Junior,38775.0,2022-04-26,1,3,3,1,3,2,3,3,2022,0,10,2.7941176470588234,3.6176470588235294,3.735294117647059,2.7941176470588234,1.8235294117647058,2.9529411764705884,-0.09999999999999998,0.3000000000000001,-0.09999999999999998,2.9529411764705884
D565-284D,Bessie,Bellson,Female,47,Frequent Traveller,Sales,21,CA,White,Bachelors,Economics,Sales Executive,Single,65626,0,No,2012-01-27,No,10,2,5,1,Mid,65626.0,2022-07-24,3,5,5,2,0,5,3,2,2022,-1,10,3.576923076923077,3.519230769230769,3.0384615384615383,3.8846153846153846,0.5769230769230769,2.9192307692307695,0.04761904761904763,-0.059523809523809576,-0.02380952380952382,2.9192307692307695
D584-4E31,Patrica,Lamyman,Female,35,Some Travel,Human Resources,22,CA,Mixed,No Formal Qualifications,Economics,Recruiter,Married,67264,0,No,2012-02-22,No,10,8,8,2,Senior,67264.0,2022-06-08,5,4,5,2,1,5,4,3,2022,-1,10,4.1923076923076925,4.673076923076923,3.326923076923077,3.5576923076923075,1.7692307692307692,3.503846153846154,-0.21428571428571438,-0.22619047619047628,-0.0833333333333333,3.503846153846154
D5B3-425C,Lenard,Bouts,Male,26,Some Travel,Sales,7,CA,Black,Bachelors,Marketing,Sales Representative,Single,36101,0,No,2016-06-30,No,6,6,6,6,Senior,36101.0,2022-07-19,3,5,4,3,1,3,3,3,2022,0,10,2.5,3.3529411764705883,4.029411764705882,3.1176470588235294,0.7058823529411765,2.7411764705882353,0.19999999999999993,2.806606194937811e-17,-0.19999999999999998,2.7411764705882353
D5DA-363A,Rickey,Shere,Male,33,Some Travel,Sales,41,CA,Asian,High School,Marketing,Sales Executive,Married,71201,2,No,2012-01-24,No,10,8,10,4,Senior,71201.0,2022-01-05,4,4,4,1,2,4,5,4,2022,-1,10,3.5961538461538463,4.8076923076923075,3.519230769230769,3.2884615384615383,1.4807692307692308,3.3384615384615386,-0.13095238095238096,-0.03571428571428573,0.11904761904761908,3.3384615384615386
D676-2084,Shannon,Kuhnel,Male,21,Some Travel,Human Resources,41,NY,White,High School,Economics,Recruiter,Single,20583,0,No,2020-06-20,No,2,0,1,0,Junior,20583.0,2022-11-30,3,4,2,1,0,5,4,3,2022,-1,10,5.0,3.0,4.0,2.0,0.0,2.8,0.0,0.0,0.0,2.8
D676-4ECC,Florenza,Nesbit,Female,44,Some Travel,Technology,13,NY,White,Bachelors,Information Systems,Software Engineer,Single,57296,0,No,2014-11-29,No,8,5,7,3,Senior,57296.0,2022-06-29,5,3,4,1,0,4,4,4,2022,0,10,3.2,3.1555555555555554,3.2444444444444445,3.4444444444444446,0.8222222222222222,2.773333333333334,-0.6571428571428574,-0.34285714285714286,0.22857142857142856,2.773333333333334
D696-9D82,Eberto,Flaherty,Male,38,Some Travel,Technology,39,NY,White,Bachelors,Computer Science,Data Scientist,Single,65416,0,No,2012-03-25,No,10,5,10,7,Senior,65416.0,2022-02-04,3,5,2,2,1,2,3,2,2022,-1,10,3.519230769230769,3.269230769230769,4.134615384615385,3.0,0.6923076923076923,2.923076923076923,-0.14285714285714293,0.02380952380952385,-0.13095238095238104,2.923076923076923
D69C-8F84,Sada,Torrent,Female,40,Some Travel,Technology,26,CA,Mixed,Bachelors,Information Systems,Data Scientist,Divorced,59899,3,No,2014-02-06,No,8,2,3,6,Mid,59899.0,2019-07-28,3,2,2,3,0,2,4,4,2019,0,7,2.925925925925926,3.6666666666666665,3.4814814814814814,3.5555555555555554,1.0740740740740742,2.9407407407407407,-0.028571428571428623,-0.37142857142857144,-0.17142857142857146,2.9407407407407407
D6BA-10A1,Leandra,Keepin,Non-Binary,21,Some Travel,Technology,37,CA,White,Bachelors,Information Systems,Data Scientist,Single,43030,0,No,2021-06-10,No,1,0,1,1,Junior,43030.0,2016-02-21,3,5,2,1,1,4,5,5,2016,0,4,4.0,3.0,5.0,2.0,1.0,3.0,0.0,0.0,0.0,3.0
D6D2-184B,Valenka,Kayley,Female,24,Some Travel,Technology,33,NY,White,Bachelors,Information Systems,Senior Software Engineer,Single,115399,0,No,2017-08-09,No,5,5,5,3,Senior,115399.0,2022-02-24,3,3,2,3,2,3,5,4,2022,-1,10,2.962962962962963,3.2962962962962963,2.037037037037037,2.6666666666666665,1.962962962962963,2.5851851851851855,0.4999999999999999,-0.4999999999999998,0.0,2.5851851851851855
D712-9E1C,Audi,Pibworth,Non-Binary,24,Some Travel,Sales,8,IL,Black,High School,Economics,Sales Executive,Single,85238,0,No,2017-12-24,No,5,0,4,1,Junior,85238.0,2022-10-31,3,3,2,1,0,3,3,2,2022,-1,10,3.3703703703703702,3.5925925925925926,3.3703703703703702,2.2962962962962963,1.2962962962962963,2.7851851851851848,0.49999999999999983,0.49999999999999983,-1.0,2.7851851851851848
D754-4CDF,Brien,Erett,Male,25,Some Travel,Technology,18,CA,White,Bachelors,Computer Science,Senior Software Engineer,Married,55541,1,No,2017-01-08,No,5,4,5,4,Mid,55541.0,2022-04-22,5,2,3,1,0,3,3,2,2022,-1,10,3.4411764705882355,4.0,2.676470588235294,3.7058823529411766,0.6764705882352942,2.9,-0.4999999999999999,-0.3999999999999999,-0.7999999999999999,2.9
D75C-3E43,Clint,Widdicombe,Male,25,Some Travel,Technology,24,CA,Pacific Islander,Masters,Other,Engineering Manager,Divorced,204154,1,Yes,2017-12-21,No,5,2,3,0,Mid,204154.0,2022-08-17,3,5,5,3,2,5,3,2,2022,-1,10,3.111111111111111,3.0,4.074074074074074,4.074074074074074,1.037037037037037,3.0592592592592593,0.9999999999999997,1.4999999999999998,-1.187575654052147e-16,3.0592592592592593
D7C2-EAA5,Camila,Lergan,Female,23,Frequent Traveller,Technology,16,CA,Mixed,Masters,Computer Science,Machine Learning Engineer,Divorced,67558,1,No,2018-03-31,No,4,1,1,1,Junior,67558.0,2022-08-13,3,3,4,2,0,5,5,4,2022,-1,10,3.4074074074074074,3.925925925925926,3.962962962962963,3.074074074074074,1.0,3.0740740740740744,-0.4999999999999999,0.9999999999999998,-0.4999999999999999,3.0740740740740744
D7EE-56FC,Zsa zsa,Evered,Female,39,Frequent Traveller,Sales,17,CA,White,High School,Technical Degree,Sales Executive,Married,107863,1,Yes,2012-01-19,Yes,8,8,8,5,Senior,107863.0,2022-02-01,3,3,3,1,1,2,4,4,2022,0,10,3.272727272727273,3.981818181818182,3.4545454545454546,3.4909090909090907,0.8363636363636363,3.007272727272727,-0.16363636363636364,0.048484848484848485,-0.08484848484848483,3.007272727272727
D7F8-1775,Benyamin,Jane,Male,36,Some Travel,Sales,13,CA,White,Bachelors,Marketing,Sales Executive,Single,121303,0,No,2014-07-12,No,8,2,3,0,Mid,121303.0,2022-04-10,5,2,2,1,2,3,3,2,2022,-1,10,3.533333333333333,4.444444444444445,3.511111111111111,3.3777777777777778,1.9333333333333333,3.3600000000000003,0.028571428571428532,0.08571428571428572,-0.4000000000000001,3.3600000000000003
D825-CC31,Debera,Extence,Female,25,Some Travel,Technology,5,NY,Pacific Islander,Bachelors,Computer Science,Machine Learning Engineer,Divorced,44082,1,No,2015-05-24,No,7,3,4,2,Mid,44082.0,2022-07-30,3,3,4,3,0,3,3,3,2022,0,10,3.05,4.1,3.125,3.6,0.75,2.925,-0.29999999999999993,0.20000000000000004,-4.5765876856059633e-17,2.925
D836-B375,Ellette,McKean,Female,44,Some Travel,Technology,21,NY,Black,High School,Computer Science,Software Engineer,Married,91563,1,No,2013-11-06,No,9,9,9,8,Senior,91563.0,2022-12-23,5,4,4,3,0,2,5,5,2022,0,10,3.204081632653061,4.918367346938775,4.142857142857143,4.387755102040816,0.5306122448979592,3.4367346938775514,0.24999999999999994,0.10714285714285711,0.10714285714285714,3.4367346938775514
D86B-2E5E,Michele,Deane,Female,27,Some Travel,Sales,25,NY,White,Bachelors,Technical Degree,Sales Executive,Married,91202,0,Yes,2015-02-15,No,7,5,7,2,Senior,91202.0,2022-03-07,3,4,4,1,1,5,3,3,2022,0,10,4.45,3.75,3.875,3.65,0.95,3.335,0.3000000000000001,0.19999999999999993,-0.3,3.335
D871-1F74,Beitris,Davers,Female,32,Frequent Traveller,Technology,40,CA,White,Doctorate,Computer Science,Data Scientist,Single,60759,0,No,2014-06-22,No,8,0,6,3,Junior,60759.0,2022-11-08,3,4,3,3,0,1,5,5,2022,0,10,2.8,2.977777777777778,3.3333333333333335,3.1777777777777776,0.7111111111111111,2.5999999999999996,-1.3765740118404743e-16,-0.5142857142857142,0.3142857142857143,2.5999999999999996
D8B3-30D2,Madeleine,Hazelby,Female,22,Some Travel,Technology,40,CA,White,No Formal Qualifications,Business Studies,Data Scientist,Married,53080,1,Yes,2019-12-24,Yes,2,0,1,0,Junior,53080.0,2022-02-03,4,4,5,3,1,4,5,5,2022,0,10,3.2962962962962963,4.518518518518518,4.0,3.388888888888889,0.8333333333333334,3.2074074074074077,0.20000000000000004,0.06666666666666668,0.28333333333333344,3.2074074074074077
D8F6-DED3,Myrvyn,Edsell,Male,20,Some Travel,Technology,23,CA,White,No Formal Qualifications,Computer Science,Software Engineer,Married,26752,0,Yes,2020-01-28,No,2,0,1,1,Junior,26752.0,2022-06-08,4,2,3,3,0,4,3,2,2022,-1,10,4.0,4.0,2.0,3.0,0.0,2.6,0.0,0.0,0.0,2.6
D8FC-E2F7,Gigi,Monkhouse,Female,22,Some Travel,Sales,10,CA,White,Bachelors,Economics,Sales Representative,Divorced,36980,3,Yes,2021-12-01,Yes,0,0,0,0,Junior,36980.0,2022-07-17,4,2,3,1,1,3,4,4,2022,0,10,3.074074074074074,3.759259259259259,3.185185185185185,3.740740740740741,1.0555555555555556,2.962962962962963,-0.3333333333333334,0.06666666666666668,6.201819877084827e-18,2.962962962962963
D906-B674,Uta,Melmar,Female,42,No Travel,Technology,45,NY,Black,Bachelors,Information Systems,Engineering Manager,Married,259284,1,No,2012-01-09,No,10,2,6,6,Mid,259284.0,2022-07-16,3,5,3,3,3,2,5,4,2022,-1,10,2.9814814814814814,3.7777777777777777,4.296296296296297,4.037037037037037,1.1851851851851851,3.2555555555555555,-0.03333333333333334,-0.016666666666666663,-0.033333333333333326,3.2555555555555555
D91C-815B,Lucille,Balser,Female,22,Frequent Traveller,Sales,26,CA,White,High School,Economics,Sales Representative,Married,42250,2,Yes,2018-05-23,Yes,4,1,3,2,Junior,42250.0,2022-05-25,3,2,1,3,0,2,4,3,2022,-1,10,3.0727272727272728,3.5454545454545454,3.381818181818182,3.5090909090909093,0.4,2.781818181818182,-0.012121212121212139,-0.15151515151515146,-0.006060606060606062,2.781818181818182
D921-AC35,Jeniece,Mac,Female,45,Some Travel,Technology,7,CA,White,Masters,Business Studies,Senior Software Engineer,Single,104720,0,No,2014-03-29,No,8,7,7,0,Senior,104720.0,2022-01-17,3,3,2,3,2,2,3,2,2022,-1,10,2.888888888888889,3.2666666666666666,2.977777777777778,2.8222222222222224,1.488888888888889,2.688888888888889,-0.4857142857142859,-0.7142857142857144,-0.4,2.688888888888889
D926-DED9,Sancho,Rawlingson,Male,40,Some Travel,Technology,39,CA,White,High School,Computer Science,Analytics Manager,Divorced,409998,2,No,2014-04-14,No,8,3,6,3,Mid,409998.0,2022-07-17,3,4,1,3,0,4,4,4,2022,0,10,3.6222222222222222,2.7555555555555555,3.466666666666667,3.022222222222222,1.1777777777777778,2.8088888888888888,-0.08571428571428574,0.3142857142857143,0.2571428571428571,2.8088888888888888
D92F-63AD,Gabey,Whitloe,Female,19,Frequent Traveller,Technology,45,CA,White,Bachelors,Computer Science,Data Scientist,Single,32322,0,No,2021-04-22,No,1,1,1,1,Junior,32322.0,2021-05-01,5,3,3,1,3,4,4,4,2021,0,9,4.0,5.0,3.0,3.0,3.0,3.6,0.0,0.0,0.0,3.6
D933-AAC4,Tann,Learmouth,Non-Binary,42,Some Travel,Technology,33,CA,Asian,Masters,Computer Science,Engineering Manager,Married,213191,2,No,2019-01-03,No,3,0,1,2,Junior,213191.0,2022-03-30,4,5,4,1,2,3,4,3,2022,-1,10,3.473684210526316,2.5789473684210527,4.052631578947368,3.526315789473684,1.5263157894736843,3.031578947368421,1.9999999999999993,-0.9999999999999997,-1.9999999999999993,3.031578947368421
D93A-CC98,Arabella,Mont,Female,24,Some Travel,Sales,27,NY,White,Masters,Marketing,Sales Executive,Single,208684,0,Yes,2018-03-06,Yes,2,0,0,0,Junior,208684.0,2022-04-27,4,3,2,1,1,4,5,5,2022,0,10,3.1818181818181817,3.8545454545454545,3.272727272727273,2.9454545454545453,1.0363636363636364,2.8581818181818184,-0.08484848484848487,-0.012121212121212132,0.08484848484848485,2.8581818181818184
D954-6402,Ara,Daulton,Male,25,Some Travel,Sales,14,IL,White,Bachelors,Marketing,Sales Executive,Single,123307,0,Yes,2015-12-23,Yes,7,2,3,1,Mid,123307.0,2022-03-06,5,3,4,1,0,5,5,4,2022,-1,10,3.4727272727272727,3.890909090909091,3.8,3.7454545454545456,1.2181818181818183,3.2254545454545456,-0.1333333333333333,0.04848484848484848,-0.024242424242424232,3.2254545454545456
D962-9E69,Esteban,Guiraud,Male,23,Some Travel,Technology,33,CA,White,No Formal Qualifications,Computer Science,Data Scientist,Divorced,29490,1,No,2020-04-27,No,2,0,1,2,Junior,29490.0,2022-09-27,5,3,4,2,1,4,4,3,2022,-1,10,4.0,5.0,3.0,4.0,1.0,3.4,0.0,0.0,0.0,3.4
D970-9F5E,Lilla,Ledamun,Female,29,Some Travel,Technology,36,CA,Asian,Bachelors,Computer Science,Data Scientist,Married,46813,0,No,2014-05-29,Yes,6,1,1,1,Junior,46813.0,2022-03-05,4,3,5,3,1,2,4,4,2022,0,10,3.2363636363636363,4.0,3.2545454545454544,4.2727272727272725,0.5818181818181818,3.069090909090909,-0.03030303030303031,0.024242424242424225,-0.048484848484848485,3.069090909090909
D9AE-B32C,Leelah,Ludvigsen,Female,22,Some Travel,Technology,7,CA,White,No Formal Qualifications,Computer Science,Software Engineer,Single,28359,0,No,2020-02-23,No,2,1,2,1,Junior,28359.0,2022-08-02,4,2,4,2,1,4,4,4,2022,0,10,4.0,4.0,2.0,4.0,1.0,3.0,0.0,0.0,0.0,3.0
DA17-A31F,Gleda,Verzey,Female,23,Some Travel,Technology,15,CA,White,High School,Information Systems,Machine Learning Engineer,Divorced,78275,2,No,2019-10-18,No,3,0,3,2,Junior,78275.0,2017-07-22,2,1,3,1,3,2,3,2,2017,-1,5,2.0,2.0,1.0,3.0,3.0,2.2,0.0,0.0,0.0,2.2
DA4C-7F2E,Carmita,Kenion,Female,26,Some Travel,Technology,18,NY,White,Bachelors,Computer Science,Analytics Manager,Married,178836,0,No,2016-04-18,No,6,4,5,6,Mid,178836.0,2022-05-10,5,2,5,3,0,5,5,4,2022,-1,10,4.029411764705882,4.0588235294117645,2.5,3.735294117647059,0.7941176470588235,3.0235294117647062,-2.806606194937811e-17,0.19999999999999996,0.09999999999999996,3.0235294117647062
DA8E-9496,Tobias,Polkinghorne,Male,27,Some Travel,Technology,22,CA,White,High School,Computer Science,Data Scientist,Single,56449,0,Yes,2016-10-04,Yes,3,1,1,2,Junior,56449.0,2022-03-17,3,2,4,3,0,3,3,3,2022,0,10,3.690909090909091,3.3454545454545452,3.0545454545454547,3.618181818181818,0.36363636363636365,2.814545454545454,-0.030303030303030356,-0.13939393939393943,0.01818181818181816,2.814545454545454
DAE0-B44F,Karlotta,Hackwell,Female,24,Some Travel,Sales,4,CA,Mixed,Bachelors,Economics,Sales Executive,Married,133274,1,No,2016-06-23,No,6,2,3,1,Mid,133274.0,2022-10-23,4,4,4,1,0,4,5,4,2022,-1,10,3.2941176470588234,3.5588235294117645,3.264705882352941,3.7941176470588234,0.8823529411764706,2.9588235294117644,0.09999999999999998,0.29999999999999993,0.3999999999999999,2.9588235294117644
DB54-E47D,Violet,Pearsall,Female,22,Frequent Traveller,Technology,29,CA,Mixed,High School,Computer Science,Data Scientist,Single,45850,0,No,2018-12-08,No,4,2,3,1,Mid,45850.0,2022-02-24,3,2,4,2,2,2,5,5,2022,0,10,1.5263157894736843,3.473684210526316,2.9473684210526314,3.526315789473684,1.5263157894736843,2.6,-1.9999999999999993,0.9999999999999997,1.9999999999999993,2.6
DB6B-88DA,Lindie,Oliver-Paull,Female,25,Some Travel,Technology,1,IL,Pacific Islander,No Formal Qualifications,Information Systems,Software Engineer,Married,48570,1,Yes,2018-05-03,No,4,4,4,1,Mid,48570.0,2022-02-03,5,5,4,3,0,2,4,4,2022,0,10,2.7037037037037037,4.111111111111111,4.037037037037037,3.037037037037037,0.5925925925925926,2.8962962962962964,0.4999999999999999,0.49999999999999967,0.0,2.8962962962962964
DB6C-3B2F,Yelena,Paskerful,Female,19,Some Travel,Technology,43,CA,White,Bachelors,Information Systems,Data Scientist,Single,49006,1,No,2022-07-18,Yes,0,0,0,0,Junior,49006.0,2022-02-10,3,3,5,1,1,2,5,4,2022,-1,10,3.5185185185185186,4.055555555555555,3.3518518518518516,3.925925925925926,0.9629629629629629,3.162962962962963,0.11666666666666667,-0.033333333333333354,0.01666666666666669,3.162962962962963
DBF0-2EA3,Kaitlyn,Ernshaw,Female,27,Frequent Traveller,Technology,1,CA,White,Masters,Computer Science,Senior Software Engineer,Married,56302,2,Yes,2016-08-04,No,6,3,5,4,Mid,56302.0,2022-12-07,1,1,2,3,0,2,5,5,2022,0,10,3.235294117647059,2.8529411764705883,2.3823529411764706,3.176470588235294,0.5294117647058824,2.4352941176470586,-0.7999999999999999,-0.10000000000000006,0.19999999999999993,2.4352941176470586
DBF5-E57D,Freeland,Chalcot,Male,25,Some Travel,Technology,25,CA,White,Bachelors,Other,Analytics Manager,Divorced,303446,1,No,2018-05-11,No,4,0,3,0,Junior,303446.0,2022-09-24,3,5,3,1,1,2,3,2,2022,-1,10,1.6666666666666667,3.5925925925925926,3.7037037037037037,3.5925925925925926,0.37037037037037035,2.5851851851851855,0.5000000000000001,5.937878270260735e-17,-0.9999999999999997,2.5851851851851855
DC67-3B66,Tammie,Kingh,Male,25,Some Travel,Technology,33,NY,Mixed,Bachelors,Information Systems,Software Engineer,Married,24417,1,No,2016-02-26,No,6,2,6,6,Mid,24417.0,2022-06-10,4,3,4,2,0,5,5,4,2022,-1,10,3.8823529411764706,4.235294117647059,3.9705882352941178,3.911764705882353,0.4411764705882353,3.288235294117647,-0.19999999999999996,0.8999999999999999,0.6999999999999998,3.288235294117647
DCA7-D382,Tynan,Penhall,Male,22,Some Travel,Technology,8,NY,White,No Formal Qualifications,Information Systems,Data Scientist,Divorced,54371,3,No,2018-08-06,No,4,4,4,2,Mid,54371.0,2022-12-26,3,5,4,3,1,3,4,4,2022,0,10,3.259259259259259,3.0,4.407407407407407,3.7037037037037037,1.0,3.0740740740740744,0.9999999999999997,-0.9999999999999993,-0.4999999999999998,3.0740740740740744
DCD4-C785,Ilysa,Cattroll,Female,30,Some Travel,Sales,24,CA,Mixed,Masters,Marketing,Sales Representative,Single,38382,0,Yes,2014-10-02,No,8,7,8,0,Senior,38382.0,2022-07-11,5,4,2,3,1,3,4,3,2022,-1,10,3.311111111111111,4.022222222222222,3.466666666666667,3.466666666666667,1.5777777777777777,3.168888888888889,-0.08571428571428573,-0.48571428571428577,-0.14285714285714288,3.168888888888889
DCFE-F601,Bertram,Abrahami,Male,48,Some Travel,Technology,36,IL,White,Bachelors,Information Systems,Senior Software Engineer,Single,180561,0,No,2013-06-01,No,9,1,8,7,Junior,180561.0,2022-12-18,5,4,4,1,1,5,5,4,2022,-1,10,3.9183673469387754,4.346938775510204,3.4489795918367347,4.0,0.8775510204081632,3.3183673469387758,0.035714285714285705,0.35714285714285704,0.21428571428571422,3.3183673469387758
DD1E-583D,Ashton,Lauga,Male,24,Some Travel,Human Resources,36,IL,Mixed,Bachelors,Human Resources,Recruiter,Married,29428,0,No,2017-03-02,No,5,5,5,0,Senior,29428.0,2022-03-28,1,2,2,2,1,2,5,4,2022,-1,10,2.6176470588235294,3.3823529411764706,2.4705882352941178,2.7058823529411766,1.0,2.4352941176470586,-0.19999999999999993,-0.8999999999999999,0.09999999999999996,2.4352941176470586
DD78-E811,Addy,Slimings,Female,38,Some Travel,Technology,25,CA,Asian,High School,Other,Data Scientist,Married,60549,1,No,2013-06-05,No,9,5,6,6,Senior,60549.0,2022-11-03,5,4,2,2,0,3,5,5,2022,0,10,3.6530612244897958,4.387755102040816,3.7551020408163267,3.673469387755102,0.6122448979591837,3.216326530612245,0.07142857142857142,0.14285714285714282,0.35714285714285704,3.216326530612245
DDAC-D5FD,Ricoriki,Swiers,Male,22,Frequent Traveller,Technology,4,CA,White,Bachelors,Information Systems,Data Scientist,Married,21854,1,No,2021-06-18,Yes,0,0,0,0,Junior,21854.0,2022-12-02,4,5,2,3,1,5,3,2,2022,-1,10,3.5555555555555554,3.888888888888889,4.37037037037037,2.5925925925925926,1.2407407407407407,3.1296296296296298,0.03333333333333334,0.30000000000000004,-0.10000000000000006,3.1296296296296298
DDBF-9C79,Yelena,Stamp,Female,26,Some Travel,Sales,10,CA,White,Masters,Marketing,Sales Executive,Single,93246,0,Yes,2021-06-25,Yes,1,0,0,0,Junior,93246.0,2022-06-05,1,2,3,1,2,2,4,4,2022,0,10,2.8333333333333335,3.4444444444444446,3.1666666666666665,3.7037037037037037,0.8888888888888888,2.807407407407408,-0.35000000000000003,-0.05000000000000001,-0.033333333333333354,2.807407407407408
DE22-FB63,Audrey,Campbell,Female,22,Some Travel,Technology,2,CA,Mixed,No Formal Qualifications,Information Systems,Software Engineer,Single,24422,0,No,2019-02-11,Yes,1,0,0,1,Junior,24422.0,2022-02-28,5,4,2,3,0,2,3,2,2022,-1,10,3.4444444444444446,4.018518518518518,3.7222222222222223,3.5,0.9444444444444444,3.1259259259259258,0.05,-0.10000000000000005,-0.03333333333333332,3.1259259259259258
DE7D-7757,Linea,Clifft,Female,23,Some Travel,Technology,25,CA,Asian,High School,Other,Data Scientist,Divorced,25425,1,No,2019-08-13,No,3,1,3,2,Junior,25425.0,2022-08-29,4,2,2,3,0,3,4,4,2022,0,10,3.9473684210526314,3.526315789473684,2.473684210526316,2.473684210526316,1.4210526315789473,2.7684210526315782,-0.9999999999999997,-1.9999999999999993,0.9999999999999997,2.7684210526315782
DE9A-5E67,Mirabel,Scotter,Female,33,Some Travel,Technology,3,CA,White,Masters,Computer Science,Engineering Manager,Single,307688,0,No,2020-10-12,No,2,2,2,0,Mid,307688.0,2022-11-25,4,2,4,3,2,4,3,2,2022,-1,10,4.0,4.0,2.0,4.0,2.0,3.2,0.0,0.0,0.0,3.2
DEBE-1622,Bartolemo,Balma,Male,28,Frequent Traveller,Technology,22,CA,White,Doctorate,Computer Science,Machine Learning Engineer,Single,205433,0,No,2012-04-02,Yes,4,1,2,1,Junior,205433.0,2022-05-28,4,4,3,3,1,5,5,5,2022,0,10,4.236363636363636,4.181818181818182,3.672727272727273,3.4363636363636365,0.8909090909090909,3.2836363636363637,0.18181818181818185,0.22424242424242433,0.02424242424242424,3.2836363636363637
DEC5-9319,Gasparo,Strewthers,Male,23,Some Travel,Technology,5,CA,Asian,Bachelors,Information Systems,Software Engineer,Single,63709,0,No,2017-04-14,Yes,1,0,0,0,Junior,63709.0,2022-03-17,4,3,4,3,0,2,3,3,2022,0,10,2.4363636363636365,3.6545454545454548,3.327272727272727,3.2181818181818183,1.0545454545454545,2.7381818181818183,-0.11515151515151519,0.024242424242424242,-0.09696969696969698,2.7381818181818183
DF5F-5ED9,Marilee,Moreton,Female,46,No Travel,Technology,21,CA,Other,No Formal Qualifications,Computer Science,Analytics Manager,Married,281175,0,Yes,2014-06-02,No,8,1,2,2,Junior,281175.0,2022-05-22,1,3,4,3,1,2,5,5,2022,0,10,2.6444444444444444,3.2888888888888888,3.1777777777777776,3.1333333333333333,0.8666666666666667,2.6222222222222222,0.02857142857142861,-0.05714285714285714,0.37142857142857144,2.6222222222222222
DF63-0D3C,Roda,Costin,Female,28,Frequent Traveller,Technology,27,CA,White,High School,Information Systems,Analytics Manager,Married,546549,1,No,2014-11-18,No,8,8,8,2,Senior,546549.0,2022-02-07,5,2,2,2,3,4,4,3,2022,-1,10,3.488888888888889,4.488888888888889,3.1777777777777776,3.533333333333333,1.3555555555555556,3.2088888888888887,0.02857142857142857,-0.4571428571428573,0.05714285714285717,3.2088888888888887
DF71-97FB,Carlyle,Tinghill,Male,29,No Travel,Technology,12,IL,White,Masters,Computer Science,Data Scientist,Married,62756,0,No,2014-05-14,No,8,3,5,8,Mid,62756.0,2022-01-01,5,5,5,1,2,2,3,3,2022,0,10,3.4444444444444446,3.888888888888889,4.0,3.7777777777777777,0.9111111111111111,3.2044444444444444,0.4285714285714285,-0.14285714285714285,0.1714285714285714,3.2044444444444444
DF7E-3233,Basil,Gother,Male,47,Some Travel,Sales,23,CA,Black,Bachelors,Marketing,Sales Representative,Married,44646,0,No,2014-12-02,No,8,5,5,4,Senior,44646.0,2022-09-24,3,4,4,2,0,3,3,3,2022,0,10,3.8,3.6444444444444444,3.3555555555555556,3.2,0.8444444444444444,2.968888888888889,0.05714285714285718,-0.0857142857142857,-0.05714285714285711,2.968888888888889
DF94-FD29,Shaughn,Wehden,Male,22,Frequent Traveller,Sales,4,NY,White,Masters,Marketing,Sales Executive,Single,75816,0,No,2020-12-24,Yes,1,0,0,0,Junior,75816.0,2022-12-16,2,4,1,3,2,4,4,3,2022,-1,10,3.3518518518518516,3.925925925925926,2.9444444444444446,3.1296296296296298,1.3333333333333333,2.937037037037037,-0.15000000000000008,0.21666666666666667,-0.06666666666666668,2.937037037037037
DFA2-1B8F,Haily,Jordi,Male,28,Some Travel,Sales,10,NY,Mixed,No Formal Qualifications,Marketing,Sales Executive,Married,83864,2,No,2015-10-21,No,7,7,7,5,Senior,83864.0,2022-07-16,5,4,3,1,2,2,5,5,2022,0,10,2.575,4.025,3.6,4.15,1.025,3.075,-8.151460909940802e-17,-0.1,0.4,3.075
DFA9-990E,Cale,Holston,Male,43,No Travel,Sales,34,NY,White,Masters,Marketing,Sales Executive,Married,108315,2,No,2012-01-17,No,10,9,10,10,Senior,108315.0,2022-12-04,5,3,5,2,3,2,4,4,2022,0,10,3.4423076923076925,4.269230769230769,3.6346153846153846,3.8846153846153846,1.2307692307692308,3.2923076923076926,-0.14285714285714288,0.08333333333333336,-0.03571428571428574,3.2923076923076926
DFDC-286C,Cate,Moggach,Female,22,Some Travel,Technology,13,CA,White,Masters,Information Systems,Machine Learning Engineer,Single,64364,0,No,2021-12-09,Yes,0,0,0,0,Junior,64364.0,2022-06-12,4,2,2,1,1,3,3,3,2022,0,10,3.962962962962963,3.8518518518518516,3.3518518518518516,3.0925925925925926,1.2592592592592593,3.1037037037037036,-0.18333333333333335,-0.033333333333333354,-0.33333333333333337,3.1037037037037036
E071-137E,Isacco,Halden,Male,24,Some Travel,Sales,17,IL,White,High School,Marketing,Sales Representative,Married,63234,1,No,2020-01-08,No,2,1,2,2,Junior,63234.0,2015-04-02,4,2,2,1,0,4,3,2,2015,-1,3,4.0,4.0,2.0,2.0,0.0,2.4,0.0,0.0,0.0,2.4
E099-3FCC,Haywood,Ruprich,Male,28,Some Travel,Technology,15,NY,White,Bachelors,Computer Science,Data Scientist,Married,83951,2,No,2015-02-12,No,7,3,6,5,Mid,83951.0,2022-01-31,4,4,1,3,1,4,5,4,2022,-1,10,4.275,3.85,3.225,2.75,1.5,3.12,0.09999999999999999,0.30000000000000004,-3.574873224334839e-17,3.12
E151-8C7D,Frederica,Crosthwaite,Female,25,Some Travel,Technology,24,NY,Mixed,Masters,Other,Software Engineer,Single,41243,0,Yes,2018-10-31,No,4,3,4,4,Mid,41243.0,2015-02-04,4,3,5,1,1,5,3,2,2015,-1,3,4.6,4.0,3.0,3.8,0.6,3.1999999999999997,0.0,0.9999999999999997,0.0,3.1999999999999997
E1B4-9AA1,Ashli,Hales,Female,46,Some Travel,Sales,36,CA,White,Bachelors,Marketing,Sales Executive,Married,96188,1,Yes,2012-04-26,Yes,9,8,9,5,Senior,96188.0,2022-03-21,3,5,5,1,1,2,5,4,2022,-1,10,2.581818181818182,3.7818181818181817,3.5636363636363635,4.3090909090909095,1.1090909090909091,3.069090909090909,-0.09090909090909094,-0.2787878787878788,-0.030303030303030307,3.069090909090909
E1FE-67B5,Lothaire,Darlow,Non-Binary,25,Some Travel,Technology,8,CA,Native American,Bachelors,Information Systems,Senior Software Engineer,Single,126055,0,No,2018-06-17,No,4,4,4,2,Mid,126055.0,2022-01-23,5,4,3,3,0,3,4,3,2022,-1,10,2.6666666666666665,4.333333333333333,3.3703703703703702,3.2962962962962963,0.2962962962962963,2.7925925925925923,0.49999999999999983,4.886831086417666e-17,0.0,2.7925925925925923
E210-F193,Karia,Bartunek,Female,28,Some Travel,Technology,38,CA,White,Bachelors,Computer Science,Machine Learning Engineer,Divorced,151229,1,No,2020-01-16,No,2,0,0,2,Junior,151229.0,2022-02-20,4,5,2,2,1,4,4,3,2022,-1,10,4.0,4.0,5.0,2.0,1.0,3.2,0.0,0.0,0.0,3.2
E267-D788,Tristan,Albro,Male,22,Frequent Traveller,Technology,9,NY,White,High School,Computer Science,Senior Software Engineer,Divorced,73389,3,No,2020-08-05,No,2,0,2,2,Junior,73389.0,2022-08-30,4,3,3,3,1,5,4,4,2022,0,10,5.0,4.0,3.0,3.0,1.0,3.2,0.0,0.0,0.0,3.2
E268-61EB,Dorise,Rossant,Female,21,Some Travel,Technology,39,CA,Asian,Masters,Computer Science,Software Engineer,Married,54130,3,Yes,2019-02-06,Yes,2,1,1,2,Junior,54130.0,2022-07-09,4,2,3,2,2,2,5,4,2022,-1,10,3.240740740740741,3.888888888888889,3.0555555555555554,3.388888888888889,1.1481481481481481,2.9444444444444446,0.15000000000000002,-0.08333333333333333,0.2,2.9444444444444446
E28D-424B,Buddie,Ainger,Non-Binary,22,Some Travel,Sales,5,NY,White,No Formal Qualifications,Economics,Sales Executive,Single,64689,0,No,2020-01-19,Yes,1,1,1,1,Junior,64689.0,2022-05-09,5,4,4,2,1,2,5,4,2022,-1,10,2.888888888888889,3.888888888888889,3.9814814814814814,3.4814814814814814,1.3518518518518519,3.1185185185185182,0.18333333333333338,0.10000000000000002,0.2666666666666667,3.1185185185185182
E2A0-930A,Federica,Killiner,Female,21,Some Travel,Sales,18,IL,White,Masters,Economics,Sales Executive,Single,49374,0,No,2020-11-19,No,2,2,2,1,Mid,49374.0,2022-02-28,5,2,5,2,1,2,4,3,2022,-1,10,2.0,5.0,2.0,5.0,1.0,3.0,0.0,0.0,0.0,3.0
E324-1C33,Sybyl,Stevings,Female,38,Some Travel,Sales,9,CA,Asian,Masters,Economics,Sales Executive,Divorced,114713,2,No,2013-12-17,No,9,0,0,1,Junior,114713.0,2022-07-14,5,5,3,1,0,5,5,5,2022,0,10,3.8979591836734695,4.714285714285714,4.489795918367347,3.7346938775510203,0.9591836734693877,3.559183673469387,0.10714285714285711,0.07142857142857141,0.07142857142857141,3.559183673469387
E348-E12B,Burnaby,Guillet,Male,36,No Travel,Technology,36,IL,White,High School,Information Systems,Software Engineer,Divorced,61298,1,Yes,2012-01-19,No,10,3,9,3,Mid,61298.0,2022-02-21,5,3,5,3,0,2,3,2,2022,-1,10,3.269230769230769,4.4423076923076925,3.8653846153846154,3.6923076923076925,0.5384615384615384,3.161538461538462,-0.1666666666666667,0.02380952380952382,-0.23809523809523817,3.161538461538462
E399-E4F6,Edan,Fechnie,Male,24,Some Travel,Sales,31,CA,Native American,Masters,Marketing,Sales Executive,Married,105502,2,No,2017-09-12,No,5,2,5,2,Mid,105502.0,2022-03-21,4,3,2,1,3,2,5,5,2022,0,10,2.888888888888889,4.62962962962963,3.6296296296296298,3.259259259259259,1.1111111111111112,3.1037037037037036,-0.49999999999999983,-1.4999999999999991,1.4999999999999998,3.1037037037037036
E3B6-49F8,Ker,Rao,Male,20,Some Travel,Technology,23,NY,White,Bachelors,Business Studies,Software Engineer,Single,33632,0,No,2022-09-28,Yes,0,0,0,0,Junior,33632.0,2022-03-06,3,2,5,3,1,5,5,4,2022,-1,10,3.7222222222222223,3.5185185185185186,3.574074074074074,3.962962962962963,1.7222222222222223,3.3,-0.3833333333333334,-0.05000000000000001,0.08333333333333331,3.3
E430-E462,Marvin,Switland,Male,28,Some Travel,Technology,38,IL,White,Bachelors,Information Systems,Senior Software Engineer,Married,194982,1,No,2015-05-25,No,7,2,7,2,Mid,194982.0,2022-09-22,5,2,3,3,2,5,4,3,2022,-1,10,4.175,4.625,2.8,3.325,1.65,3.315,-0.8000000000000002,-0.10000000000000006,0.0,3.315
E442-1FEE,Nicoline,Rippon,Female,25,Frequent Traveller,Technology,36,CA,Native American,High School,Information Systems,Data Scientist,Single,31698,0,No,2017-02-13,No,5,5,5,2,Senior,31698.0,2022-03-25,3,5,5,3,0,2,4,3,2022,-1,10,3.5,4.147058823529412,3.6176470588235294,3.088235294117647,1.0,3.070588235294118,0.7999999999999998,-8.419818584813432e-17,0.19999999999999993,3.070588235294118
E46A-3676,Kele,Halsworth,Male,28,Some Travel,Sales,32,CA,White,Masters,Marketing,Sales Executive,Divorced,128222,2,No,2015-11-07,No,7,6,7,1,Senior,128222.0,2022-06-28,3,2,2,3,0,1,4,3,2022,-1,10,2.475,3.4,2.875,3.3,0.525,2.515,-0.5,-0.5000000000000001,-0.19999999999999998,2.515
E47D-E3C5,Kerry,Orrell,Male,26,Some Travel,Technology,14,NY,Black,No Formal Qualifications,Computer Science,Software Engineer,Married,33180,1,Yes,2015-11-10,No,7,5,7,3,Senior,33180.0,2022-12-29,4,4,4,3,2,3,5,4,2022,-1,10,2.875,3.8,4.05,3.625,1.125,3.0949999999999998,0.20000000000000004,-0.5000000000000002,1.286579381531857e-17,3.0949999999999998
E480-FF03,Rod,Durston,Male,22,No Travel,Technology,13,CA,Mixed,Doctorate,Computer Science,Senior Software Engineer,Married,68629,1,No,2019-03-25,No,3,1,1,0,Junior,68629.0,2022-06-30,5,2,2,1,2,3,3,3,2022,0,10,2.526315789473684,4.526315789473684,2.9473684210526314,3.4210526315789473,1.0526315789473684,2.894736842105263,-1.9999999999999993,0.9999999999999997,0.0,2.894736842105263
E4F4-11B9,Susanne,Wisam,Female,29,Some Travel,Sales,19,NY,White,High School,Marketing,Sales Executive,Single,122811,0,Yes,2012-02-27,Yes,2,1,1,1,Junior,122811.0,2022-01-27,4,4,2,2,1,2,5,5,2022,0,10,2.890909090909091,4.254545454545455,3.6,3.4,0.4727272727272727,2.923636363636364,-6.497348203033511e-18,-0.006060606060606062,-0.04242424242424244,2.923636363636364
E503-C500,Alexandro,De Pietri,Male,28,Some Travel,Technology,39,NY,Black,Doctorate,Computer Science,Software Engineer,Single,81906,0,No,2015-06-04,No,7,4,4,1,Mid,81906.0,2022-04-21,5,3,5,2,1,2,4,4,2022,0,10,3.0,3.9,3.325,4.65,1.8,3.335,-0.30000000000000004,0.0,-0.10000000000000003,3.335
E523-D168,Sheffield,Feldon,Male,27,Some Travel,Sales,42,CA,Other,High School,Technical Degree,Sales Executive,Married,68638,0,Yes,2015-03-10,No,7,7,7,0,Senior,68638.0,2022-11-23,4,3,3,3,1,4,5,4,2022,-1,10,3.325,4.15,3.1,4.3,1.2,3.215,-0.4,-0.3,1.286579381531857e-17,3.215
E55D-FCA0,Emlynne,Spight,Female,21,Some Travel,Sales,11,NY,White,No Formal Qualifications,Economics,Sales Representative,Married,42066,1,No,2019-09-13,No,3,3,3,1,Mid,42066.0,2022-10-08,2,4,2,1,1,4,3,2,2022,-1,10,4.473684210526316,3.4210526315789473,4.0,2.9473684210526314,0.5263157894736842,3.073684210526316,0.0,-0.9999999999999997,-1.9999999999999993,3.073684210526316
E5C1-B122,Camila,Hernik,Female,36,No Travel,Sales,33,NY,Asian,Masters,Marketing,Sales Executive,Married,116057,1,No,2012-03-19,No,10,2,10,2,Mid,116057.0,2022-12-12,3,4,5,3,2,2,5,5,2022,0,10,3.673076923076923,3.6923076923076925,3.6346153846153846,3.8461538461538463,1.5576923076923077,3.2807692307692307,0.011904761904761918,-0.25000000000000006,0.09523809523809529,3.2807692307692307
E616-CAD8,Iseabal,Sabey,Female,27,Some Travel,Technology,1,IL,White,Bachelors,Information Systems,Engineering Manager,Single,200409,0,No,2015-09-17,No,7,5,6,1,Senior,200409.0,2022-08-30,4,5,4,1,1,5,3,3,2022,0,10,3.475,4.425,3.775,4.15,0.85,3.335,0.7000000000000001,0.30000000000000004,-0.2,3.335
E62F-4FF7,Port,Lording,Male,27,Some Travel,Technology,27,CA,Mixed,Masters,Information Systems,Machine Learning Engineer,Married,92522,0,No,2015-02-22,No,7,4,5,2,Mid,92522.0,2022-09-28,5,3,4,1,2,3,4,3,2022,-1,10,2.625,3.975,4.0,3.925,1.275,3.1599999999999997,0.0,0.10000000000000003,-0.3000000000000001,3.1599999999999997
E676-215C,Fiorenze,Arcase,Female,21,No Travel,Sales,21,CA,White,Bachelors,Marketing,Sales Executive,Married,69402,1,No,2019-01-14,No,3,1,3,0,Junior,69402.0,2022-05-14,3,3,4,3,1,2,3,2,2022,-1,10,2.473684210526316,3.9473684210526314,3.473684210526316,3.0526315789473686,1.4736842105263157,2.8842105263157896,-0.9999999999999997,-0.9999999999999997,0.0,2.8842105263157896
E681-7B57,Durant,Ratley,Male,18,Frequent Traveller,Technology,26,CA,White,High School,Information Systems,Data Scientist,Single,31532,0,No,2022-05-22,Yes,0,0,0,0,Junior,31532.0,2022-12-23,3,5,2,3,1,5,5,4,2022,-1,10,3.759259259259259,3.6666666666666665,3.6481481481481484,3.388888888888889,1.2407407407407407,3.140740740740741,0.08333333333333336,0.18333333333333335,0.16666666666666666,3.140740740740741
E6C8-D659,Orazio,Alejandri,Male,31,Some Travel,Sales,11,CA,White,Bachelors,Marketing,Sales Executive,Divorced,155386,3,No,2020-09-26,No,2,1,2,1,Junior,155386.0,2022-11-07,5,2,2,1,0,2,5,4,2022,-1,10,2.0,5.0,2.0,2.0,0.0,2.2,0.0,0.0,0.0,2.2
E6D9-ADEE,Jenifer,Jarvis,Female,20,No Travel,Technology,45,CA,White,High School,Computer Science,Software Engineer,Divorced,28262,1,No,2020-08-29,Yes,1,0,0,0,Junior,28262.0,2022-12-12,3,2,4,1,0,3,5,4,2022,-1,10,3.0925925925925926,4.018518518518518,3.5185185185185186,3.537037037037037,0.9074074074074074,3.014814814814815,-0.03333333333333335,-0.11666666666666665,0.11666666666666667,3.014814814814815
E6F7-EF68,Joaquin,Bockmann,Male,22,Some Travel,Sales,32,NY,Mixed,Bachelors,Marketing,Sales Executive,Married,52318,1,No,2018-06-14,No,4,4,4,0,Mid,52318.0,2022-03-24,3,5,3,1,0,2,3,3,2022,0,10,3.5925925925925926,3.6296296296296298,3.740740740740741,4.2592592592592595,0.6296296296296297,3.1703703703703705,1.0,-0.9999999999999998,0.49999999999999983,3.1703703703703705
E72B-64FA,Elnar,Elsby,Male,41,Some Travel,Technology,7,NY,Asian,Masters,Information Systems,Engineering Manager,Divorced,273211,2,No,2018-10-20,No,4,3,4,3,Mid,273211.0,2022-06-30,4,2,3,2,3,5,3,2,2022,-1,10,4.407407407407407,4.296296296296297,2.0,2.7037037037037037,1.4074074074074074,2.9629629629629632,0.0,0.9999999999999997,-1.4999999999999991,2.9629629629629632
E73A-F20A,Antonino,Woodhams,Male,33,Frequent Traveller,Technology,30,CA,White,High School,Computer Science,Machine Learning Engineer,Married,200350,1,No,2017-10-22,No,5,3,5,0,Mid,200350.0,2022-07-23,4,4,5,2,0,4,4,4,2022,0,10,4.037037037037037,4.333333333333333,3.3333333333333335,3.4444444444444446,0.0,3.0296296296296297,1.187575654052147e-16,0.4999999999999998,-0.4999999999999999,3.0296296296296297
E7A6-33A3,Amye,Townes,Female,38,Some Travel,Technology,39,IL,White,Masters,Information Systems,Data Scientist,Married,83590,1,No,2012-02-23,No,10,2,3,9,Mid,83590.0,2022-02-26,5,2,3,1,1,4,5,4,2022,-1,10,3.7884615384615383,3.9423076923076925,3.5384615384615383,3.5576923076923075,1.5769230769230769,3.2807692307692307,-0.261904761904762,0.20238095238095244,0.130952380952381,3.2807692307692307
E7D3-03C9,Whitman,Schruyers,Male,42,Some Travel,Sales,26,CA,White,Masters,Marketing,Sales Executive,Single,91179,0,No,2012-05-30,No,10,7,9,0,Senior,91179.0,2021-09-23,4,2,5,2,1,4,4,4,2021,0,9,3.5454545454545454,3.9545454545454546,2.7045454545454546,3.477272727272727,0.8409090909090909,2.9045454545454548,-0.04761904761904761,0.04761904761904764,-0.19047619047619055,2.9045454545454548
E7F5-0AD1,Walden,Skuce,Male,24,Some Travel,Technology,16,CA,Asian,No Formal Qualifications,Computer Science,Machine Learning Engineer,Married,55814,2,No,2017-03-21,No,5,3,4,3,Mid,55814.0,2022-03-05,3,5,4,2,2,5,5,5,2022,0,10,4.205882352941177,4.0,3.3823529411764706,2.8529411764705883,1.0588235294117647,3.1000000000000005,0.8999999999999997,-0.3000000000000001,1.0999999999999996,3.1000000000000005
E81C-A653,Letta,Leyban,Female,27,Some Travel,Sales,34,CA,White,High School,Marketing,Sales Executive,Married,129366,1,No,2016-11-17,No,6,0,5,0,Junior,129366.0,2022-06-11,5,5,3,1,1,5,3,3,2022,0,10,3.823529411764706,4.588235294117647,3.764705882352941,3.4705882352941178,0.7941176470588235,3.288235294117647,0.10000000000000006,0.4999999999999999,-2.806606194937811e-17,3.288235294117647
E899-A860,Freedman,Meehan,Male,31,Some Travel,Sales,10,CA,Black,Bachelors,Marketing,Sales Executive,Single,110076,0,Yes,2014-12-23,No,8,5,8,6,Senior,110076.0,2021-04-12,4,4,4,3,1,2,4,3,2021,-1,9,2.717948717948718,3.7948717948717947,3.717948717948718,3.3846153846153846,0.8205128205128205,2.887179487179487,-0.2571428571428573,0.11428571428571431,-0.05714285714285714,2.887179487179487
E8B6-8BAE,Stevie,Kinglesyd,Male,29,Some Travel,Sales,18,IL,White,High School,Economics,Sales Executive,Single,225330,0,No,2022-03-02,Yes,0,0,0,0,Junior,225330.0,2022-05-06,3,5,3,1,3,3,5,4,2022,-1,10,3.5555555555555554,3.9814814814814814,3.925925925925926,2.685185185185185,0.9814814814814815,3.0259259259259257,0.13333333333333336,-2.0632431583121726e-17,-0.18333333333333335,3.0259259259259257
E8D3-CABA,Georg,Nunnery,Male,20,Some Travel,Technology,37,CA,White,Masters,Computer Science,Data Scientist,Married,35654,2,No,2020-02-27,No,2,2,2,1,Mid,35654.0,2022-06-06,3,4,3,2,3,4,5,5,2022,0,10,4.0,3.0,4.0,3.0,3.0,3.4,0.0,0.0,0.0,3.4
E8EF-FA89,Melvin,Bansal,Male,24,Some Travel,Technology,33,CA,White,Bachelors,Computer Science,Machine Learning Engineer,Married,81974,3,No,2019-04-12,No,3,1,1,1,Junior,81974.0,2022-07-20,5,2,2,1,0,5,3,3,2022,0,10,3.1052631578947367,3.1052631578947367,2.0,2.0,0.0,2.0421052631578944,0.0,3.9999999999999987,0.9999999999999997,2.0421052631578944
E8F5-C47D,Jayne,Mickleburgh,Female,30,Some Travel,Human Resources,19,NY,Mixed,Bachelors,Human Resources,HR Executive,Married,97153,1,No,2012-03-25,No,10,5,6,9,Senior,97153.0,2022-06-25,4,2,2,3,1,3,3,3,2022,0,10,3.25,3.3461538461538463,3.019230769230769,2.230769230769231,0.7692307692307693,2.5230769230769234,0.023809523809523815,-8.918020620548008e-17,-0.04761904761904764,2.5230769230769234
E927-46D7,Shandeigh,Lindores,Female,22,Some Travel,Technology,14,CA,White,High School,Computer Science,Data Scientist,Married,28989,1,No,2019-09-09,No,3,2,2,3,Mid,28989.0,2018-12-06,5,5,3,1,1,5,5,5,2018,0,6,4.090909090909091,4.090909090909091,4.090909090909091,3.909090909090909,1.4545454545454546,3.5272727272727273,1.9999999999999993,1.9999999999999993,0.0,3.5272727272727273
E9AB-3F99,Babb,Rosas,Prefer Not To Say,45,Some Travel,Technology,5,CA,White,Masters,Computer Science,Machine Learning Engineer,Single,241664,0,No,2021-03-27,No,1,1,1,0,Junior,241664.0,2014-03-26,5,3,4,1,0,3,4,3,2014,-1,2,3.0,5.0,3.0,4.0,0.0,3.0,0.0,0.0,0.0,3.0
E9B9-3944,Tobit,Lowry,Male,42,Some Travel,Technology,5,NY,Mixed,No Formal Qualifications,Computer Science,Data Scientist,Single,47461,0,No,2012-05-05,No,10,4,7,5,Mid,47461.0,2022-06-13,2,2,2,3,0,4,3,2,2022,-1,10,3.576923076923077,3.6153846153846154,2.9038461538461537,2.826923076923077,0.8461538461538461,2.753846153846154,-0.1190476190476191,0.09523809523809525,-0.09523809523809529,2.753846153846154
E9D9-787A,Lyn,Walczynski,Male,26,Some Travel,Technology,20,NY,White,No Formal Qualifications,Computer Science,Senior Software Engineer,Married,207687,1,Yes,2017-09-08,No,5,0,5,4,Junior,207687.0,2022-05-19,4,3,4,1,1,4,4,4,2022,0,10,3.037037037037037,3.6666666666666665,3.037037037037037,4.296296296296297,2.259259259259259,3.2592592592592595,0.4999999999999998,0.4999999999999999,0.49999999999999983,3.2592592592592595
EA37-AE5E,Freda,Bartolijn,Female,23,Some Travel,Sales,5,IL,White,Bachelors,Marketing,Sales Executive,Married,69678,1,No,2018-04-04,No,4,0,0,2,Junior,69678.0,2022-09-22,3,3,4,1,0,5,5,5,2022,0,10,4.37037037037037,3.5925925925925926,3.925925925925926,3.4074074074074074,0.6296296296296297,3.1851851851851856,-0.9999999999999997,0.49999999999999983,1.4999999999999998,3.1851851851851856
EA3A-E005,Reinhold,Bradane,Male,24,Some Travel,Technology,30,CA,White,Bachelors,Business Studies,Software Engineer,Single,26363,0,No,2016-07-24,No,6,6,6,2,Senior,26363.0,2022-11-11,4,4,3,1,0,1,5,5,2022,0,10,2.676470588235294,4.235294117647059,3.4705882352941178,3.411764705882353,1.2647058823529411,3.011764705882353,-0.1999999999999999,-0.5,0.1,3.011764705882353
EAB1-2EB2,Giacinta,Keasey,Female,21,Some Travel,Technology,8,CA,Native American,Bachelors,Business Studies,Data Scientist,Single,36534,0,No,2019-05-24,Yes,0,0,0,0,Junior,36534.0,2022-03-05,4,5,3,1,0,2,5,4,2022,-1,10,3.1296296296296298,4.018518518518518,3.7962962962962963,3.7037037037037037,0.3148148148148148,2.992592592592593,0.21666666666666667,-0.1833333333333333,-0.03333333333333334,2.992592592592593
EACC-D1F6,Garth,Gove,Male,25,Some Travel,Technology,20,CA,White,Bachelors,Computer Science,Data Scientist,Married,27673,2,Yes,2017-05-05,Yes,3,2,3,1,Mid,27673.0,2022-03-01,2,3,4,2,2,1,3,3,2022,0,10,2.727272727272727,3.2363636363636363,2.8181818181818183,4.0181818181818185,1.1636363636363636,2.792727272727273,-0.05454545454545457,-0.0484848484848485,-0.18181818181818182,2.792727272727273
EB4F-4D97,Lynnelle,Peizer,Female,25,Some Travel,Technology,20,NY,Mixed,High School,Computer Science,Software Engineer,Married,43438,1,Yes,2015-01-29,No,7,7,7,3,Senior,43438.0,2017-05-01,4,3,3,1,3,5,4,4,2017,0,5,3.4,4.066666666666666,4.066666666666666,3.2,2.066666666666667,3.3600000000000003,-0.2,0.6000000000000001,0.19999999999999998,3.3600000000000003
EB66-D679,Pryce,Bode,Male,20,Some Travel,Sales,8,CA,White,Bachelors,Marketing,Sales Representative,Divorced,27060,1,Yes,2022-01-04,Yes,0,0,0,0,Junior,27060.0,2022-01-10,3,4,3,3,2,3,5,5,2022,0,10,3.6296296296296298,4.111111111111111,3.6481481481481484,3.388888888888889,1.0925925925925926,3.174074074074074,0.18333333333333335,0.16666666666666669,0.11666666666666667,3.174074074074074
EB81-3E51,Laetitia,Muccino,Female,41,Some Travel,Technology,18,CA,Mixed,Masters,Information Systems,Senior Software Engineer,Married,268964,1,No,2019-07-01,Yes,3,1,1,0,Junior,268964.0,2022-09-25,3,3,3,1,1,4,4,4,2022,0,10,3.2777777777777777,3.314814814814815,3.3518518518518516,2.888888888888889,1.037037037037037,2.774074074074074,-0.08333333333333334,-0.05,0.06666666666666665,2.774074074074074
EB8F-204D,Ingram,Franciskiewicz,Male,26,Some Travel,Technology,5,CA,White,Bachelors,Other,Data Scientist,Divorced,49045,1,No,2016-01-13,Yes,1,0,0,0,Junior,49045.0,2022-01-17,3,3,5,1,2,4,5,4,2022,-1,10,3.9272727272727272,3.1454545454545455,3.5090909090909093,3.6,1.0,3.036363636363636,-0.0606060606060606,-0.11515151515151516,-0.13333333333333328,3.036363636363636
EBBD-37D4,Bonni,Coal,Non-Binary,35,Some Travel,Sales,26,CA,Black,Masters,Marketing,Sales Executive,Single,98435,0,No,2012-04-23,No,10,7,9,9,Senior,98435.0,2022-11-01,4,4,3,1,1,2,3,3,2022,0,10,3.326923076923077,4.596153846153846,3.9423076923076925,3.0384615384615383,1.1730769230769231,3.2153846153846155,0.08333333333333336,-0.21428571428571438,0.04761904761904764,3.2153846153846155
EC4D-D0F3,Camilla,Caistor,Female,28,Some Travel,Human Resources,31,NY,White,Bachelors,Human Resources,HR Executive,Married,96807,1,No,2020-11-12,No,2,1,2,0,Junior,96807.0,2022-09-30,2,2,2,2,1,1,5,4,2022,-1,10,1.0,2.0,2.0,2.0,1.0,1.6,0.0,0.0,0.0,1.6
EC6A-DD76,Meade,Malthouse,Female,20,Frequent Traveller,Technology,31,NY,White,Bachelors,Information Systems,Data Scientist,Single,37361,0,No,2021-09-13,Yes,0,0,0,0,Junior,37361.0,2022-10-08,3,2,3,3,0,4,4,4,2022,0,10,2.9444444444444446,3.8518518518518516,4.074074074074074,3.3518518518518516,1.0555555555555556,3.0555555555555554,-0.23333333333333334,0.05000000000000001,0.05000000000000001,3.0555555555555554
EC6E-7F42,Art,Brisseau,Male,42,Frequent Traveller,Technology,28,NY,White,Bachelors,Computer Science,Senior Software Engineer,Married,264513,0,No,2020-07-08,Yes,1,0,0,1,Junior,264513.0,2022-11-04,1,1,3,2,0,3,4,3,2022,-1,10,4.055555555555555,3.5925925925925926,2.685185185185185,3.2962962962962963,0.5925925925925926,2.844444444444444,-0.18333333333333335,0.15,-0.11666666666666665,2.844444444444444
ECC7-B638,Patrice,Boorman,Male,24,Frequent Traveller,Sales,44,NY,Black,Bachelors,Marketing,Sales Executive,Married,41741,1,No,2018-07-20,No,4,0,1,0,Junior,41741.0,2022-05-13,3,4,2,1,0,2,3,3,2022,0,10,2.925925925925926,4.2592592592592595,3.3333333333333335,2.3333333333333335,0.0,2.5703703703703704,1.187575654052147e-16,-0.9999999999999997,0.0,2.5703703703703704
ED49-73D3,Carita,Frazier,Female,28,Some Travel,Sales,18,IL,White,Masters,Marketing,Sales Executive,Single,134427,0,Yes,2013-08-28,No,9,9,9,2,Senior,134427.0,2022-05-23,5,5,4,3,1,4,5,4,2022,-1,10,3.4081632653061225,4.061224489795919,3.6530612244897958,2.6122448979591835,0.4489795918367347,2.836734693877551,0.14285714285714288,-0.035714285714285705,-1.1484675438062704e-17,2.836734693877551
ED5D-E9D8,Leigh,Parker,Female,28,Some Travel,Sales,32,CA,Mixed,No Formal Qualifications,Economics,Sales Representative,Married,52528,0,No,2014-07-02,No,8,2,4,6,Mid,52528.0,2022-05-03,4,3,4,1,1,4,5,4,2022,-1,10,3.3555555555555556,3.7777777777777777,3.3777777777777778,3.8,0.7555555555555555,3.013333333333333,-0.31428571428571433,0.05714285714285714,0.34285714285714286,3.013333333333333
EDC5-6FB7,Sibelle,Hanse,Female,35,Some Travel,Sales,36,CA,Black,Masters,Marketing,Manager,Single,396470,0,No,2019-03-22,No,3,3,3,2,Mid,396470.0,2022-01-15,4,4,4,3,2,4,5,5,2022,0,10,3.526315789473684,4.0,4.473684210526316,3.526315789473684,1.5263157894736843,3.410526315789474,-0.9999999999999997,0.9999999999999997,1.9999999999999993,3.410526315789474
EDF2-2659,Robena,Oris,Female,25,Some Travel,Technology,21,CA,White,No Formal Qualifications,Information Systems,Senior Software Engineer,Divorced,64398,3,No,2017-07-27,No,5,2,3,3,Mid,64398.0,2022-04-05,3,4,5,3,3,4,3,2,2022,-1,10,3.6666666666666665,3.925925925925926,3.6296296296296298,4.037037037037037,1.7037037037037037,3.3925925925925924,-0.49999999999999983,4.886831086417666e-17,-1.187575654052147e-16,3.3925925925925924
EE04-1533,Doralynne,Giacoboni,Female,47,Frequent Traveller,Sales,19,CA,Native American,Bachelors,Technical Degree,Sales Representative,Married,46684,1,No,2013-01-12,No,9,4,9,3,Mid,46684.0,2019-01-31,4,3,4,1,2,4,5,4,2019,-1,7,4.321428571428571,4.107142857142857,3.75,3.892857142857143,1.4285714285714286,3.499999999999999,0.03571428571428572,0.17857142857142852,0.17857142857142852,3.499999999999999
EE12-1C73,Phyllis,Wiles,Female,21,Some Travel,Technology,17,NY,White,Bachelors,Computer Science,Senior Software Engineer,Single,44940,0,No,2019-10-07,No,3,3,3,0,Mid,44940.0,2013-04-23,3,4,5,3,0,4,3,3,2013,0,1,4.0,3.0,4.0,5.0,0.0,3.2,0.0,0.0,0.0,3.2
EE39-C8F2,Jaclin,Chadburn,Female,47,Some Travel,Technology,17,NY,White,High School,Computer Science,Software Engineer,Married,46514,2,No,2012-02-12,No,10,9,9,2,Senior,46514.0,2022-02-07,3,4,2,2,0,2,5,5,2022,0,10,3.9423076923076925,4.134615384615385,3.5384615384615383,3.173076923076923,0.8076923076923077,3.1192307692307693,-0.261904761904762,-0.22619047619047625,0.023809523809523815,3.1192307692307693
EE63-4E57,Margalo,Pettwood,Female,24,Frequent Traveller,Technology,26,CA,White,Masters,Business Studies,Senior Software Engineer,Single,133949,0,No,2016-10-26,No,6,4,6,6,Mid,133949.0,2022-04-27,4,4,2,2,1,2,5,5,2022,0,10,2.5294117647058822,3.5294117647058822,3.676470588235294,3.8529411764705883,1.411764705882353,3.0,-0.5,0.19999999999999993,0.10000000000000006,3.0
EE7E-F5AC,Nonna,Bagnold,Female,23,Some Travel,Sales,19,CA,White,Bachelors,Other,Sales Representative,Single,27185,0,No,2018-01-30,No,4,4,4,0,Mid,27185.0,2022-04-17,4,5,4,1,0,3,3,2,2022,-1,10,3.3333333333333335,4.037037037037037,3.4444444444444446,3.6666666666666665,0.5925925925925926,3.0148148148148146,1.4999999999999998,-4.886831086417666e-17,-2.346337633521146e-16,3.0148148148148146
EE91-1A9C,Harley,Dalliwater,Male,25,Some Travel,Technology,22,IL,Black,Bachelors,Information Systems,Data Scientist,Married,21350,0,Yes,2016-10-27,Yes,5,3,3,2,Mid,21350.0,2022-04-13,5,4,2,2,3,5,4,4,2022,0,10,4.072727272727272,4.363636363636363,3.381818181818182,2.981818181818182,0.8909090909090909,3.1381818181818177,-0.14545454545454545,0.0484848484848485,-0.04242424242424244,3.1381818181818177
EEA0-C109,Silvan,Bratcher,Male,26,Some Travel,Sales,3,NY,White,No Formal Qualifications,Marketing,Sales Executive,Married,56892,0,No,2015-09-29,No,7,1,3,3,Junior,56892.0,2022-02-16,4,4,5,3,1,2,5,5,2022,0,10,3.2,4.6,2.7,4.0,1.125,3.125,0.39999999999999997,7.149746448669678e-17,0.6000000000000001,3.125
EEFC-DEC7,Ezri,Cours,Male,44,Some Travel,Technology,4,NY,Black,Masters,Other,Data Scientist,Divorced,85523,1,Yes,2014-08-18,Yes,8,0,4,1,Junior,85523.0,2022-01-29,3,2,2,3,1,3,4,3,2022,-1,10,3.1818181818181817,3.327272727272727,3.0,3.1636363636363636,1.2363636363636363,2.7818181818181817,-0.06666666666666664,0.1878787878787879,0.012121212121212133,2.7818181818181817
EF95-30A5,Gregoire,Bilbrook,Male,23,Some Travel,Technology,37,CA,White,Masters,Business Studies,Senior Software Engineer,Single,57603,0,No,2019-09-18,No,3,0,1,1,Junior,57603.0,2022-02-02,3,4,3,3,1,4,5,5,2022,0,10,2.5789473684210527,3.0,3.526315789473684,3.473684210526316,1.0,2.71578947368421,0.9999999999999997,2.9999999999999996,0.9999999999999997,2.71578947368421
EFA2-B2D0,Liz,Durnford,Female,21,Some Travel,Technology,2,CA,White,High School,Other,Data Scientist,Single,31254,0,No,2019-08-25,No,3,0,1,1,Junior,31254.0,2022-05-30,5,4,4,3,0,2,3,2,2022,-1,10,3.4210526315789473,4.052631578947368,3.0526315789473686,4.473684210526316,0.0,3.0,1.9999999999999993,-2.9999999999999996,-1.9999999999999993,3.0
EFB8-ED99,Jilli,Allsupp,Female,24,Some Travel,Sales,16,CA,White,High School,Marketing,Sales Executive,Single,43158,0,Yes,2017-01-29,No,5,0,5,5,Junior,43158.0,2022-10-24,4,5,2,1,1,5,3,2,2022,-1,10,4.294117647058823,4.264705882352941,4.088235294117647,3.176470588235294,0.5294117647058824,3.2705882352941176,0.6,0.29999999999999993,-0.19999999999999993,3.2705882352941176
F0C3-4859,Lenka,Ciotti,Non-Binary,21,Some Travel,Technology,37,IL,White,Bachelors,Information Systems,Software Engineer,Married,41476,1,Yes,2020-03-03,Yes,0,0,0,0,Junior,41476.0,2022-07-17,4,5,3,2,1,4,4,3,2022,-1,10,3.574074074074074,3.7777777777777777,2.8333333333333335,3.037037037037037,0.3888888888888889,2.7222222222222223,0.05000000000000002,0.01666666666666672,-0.13333333333333336,2.7222222222222223
F126-8059,Wally,Dowse,Male,23,Some Travel,Sales,23,NY,White,Masters,Marketing,Sales Executive,Divorced,53590,2,No,2020-10-13,No,2,0,2,0,Junior,53590.0,2022-08-04,3,4,2,1,1,3,4,3,2022,-1,10,3.0,3.0,4.0,2.0,1.0,2.6,0.0,0.0,0.0,2.6
F1A8-7140,Robinet,Nation,Male,24,Some Travel,Technology,7,NY,White,Bachelors,Other,Machine Learning Engineer,Single,121470,0,No,2019-10-31,No,3,2,2,3,Mid,121470.0,2019-02-06,5,5,5,2,2,5,3,2,2019,-1,7,5.0,5.0,5.0,5.0,2.0,4.4,0.0,0.0,0.0,4.4
F1B6-31B7,Idette,Connett,Female,25,Some Travel,Human Resources,31,CA,Mixed,Bachelors,Marketing,HR Executive,Married,48797,2,No,2018-04-28,No,4,2,4,4,Mid,48797.0,2022-02-14,4,4,5,2,1,4,5,5,2022,0,10,3.3333333333333335,4.0,2.740740740740741,4.037037037037037,0.37037037037037035,2.8962962962962964,1.0,1.187575654052147e-16,0.49999999999999983,2.8962962962962964
F1BD-033D,Robb,McGeechan,Male,25,Some Travel,Technology,21,CA,Mixed,Doctorate,Information Systems,Software Engineer,Married,46362,1,Yes,2016-03-15,No,6,0,4,5,Junior,46362.0,2022-04-27,3,4,3,1,0,2,4,4,2022,0,10,2.4705882352941178,3.4411764705882355,3.5294117647058822,3.6470588235294117,0.47058823529411764,2.711764705882353,0.19999999999999996,-0.19999999999999993,-0.1999999999999999,2.711764705882353
F20A-F424,Basia,Goodswen,Female,27,Frequent Traveller,Technology,4,NY,White,Bachelors,Other,Data Scientist,Married,27550,1,No,2016-02-09,No,6,6,6,5,Senior,27550.0,2022-07-22,3,5,4,1,1,5,3,3,2022,0,10,4.205882352941177,3.8823529411764706,3.911764705882353,3.7941176470588234,0.5294117647058824,3.264705882352941,1.0999999999999996,-0.3000000000000001,-0.39999999999999986,3.264705882352941
F220-AAA6,Caspar,Edgley,Male,22,Some Travel,Technology,42,CA,White,Masters,Business Studies,Software Engineer,Married,51272,1,Yes,2021-03-26,No,1,0,0,1,Junior,51272.0,2018-07-12,5,2,2,1,1,5,4,3,2018,-1,6,5.0,5.0,2.0,2.0,1.0,3.0,0.0,0.0,0.0,3.0
F265-79B0,Glenda,Peacock,Female,37,Frequent Traveller,Technology,14,CA,Mixed,Masters,Computer Science,Machine Learning Engineer,Married,99936,1,No,2012-05-01,No,10,9,10,6,Senior,99936.0,2022-11-30,5,5,2,2,0,4,4,4,2022,0,10,3.1346153846153846,3.8846153846153846,3.826923076923077,2.980769230769231,0.4230769230769231,2.85,-0.21428571428571438,0.011904761904761902,0.08333333333333336,2.85
F2BA-F63A,Delbert,Holby,Male,21,Some Travel,Sales,21,IL,Black,Masters,Marketing,Sales Representative,Married,33641,2,No,2019-05-20,No,3,0,3,1,Junior,33641.0,2022-06-20,3,2,3,2,0,2,3,3,2022,0,10,2.9473684210526314,3.0,2.0,3.473684210526316,0.9473684210526315,2.473684210526316,0.0,-1.9999999999999993,-0.9999999999999997,2.473684210526316
F3A3-10CE,Jesus,Marde,Male,40,Some Travel,Sales,37,CA,White,Masters,Marketing,Sales Executive,Single,226512,0,Yes,2020-10-08,Yes,2,1,1,1,Junior,226512.0,2022-07-27,3,5,3,2,1,5,3,3,2022,0,10,4.018518518518518,3.2777777777777777,3.2222222222222223,3.5925925925925926,1.1851851851851851,3.0592592592592593,-0.09999999999999998,0.3166666666666667,-0.06666666666666668,3.0592592592592593
F3D0-41D1,Raddie,Broodes,Male,20,Some Travel,Technology,34,CA,White,Masters,Computer Science,Software Engineer,Single,22925,0,Yes,2021-06-13,Yes,1,0,0,0,Junior,22925.0,2022-05-04,4,3,4,3,0,5,3,3,2022,0,10,3.2777777777777777,3.2962962962962963,3.5925925925925926,3.3518518518518516,0.9814814814814815,2.9,0.03333333333333331,0.04999999999999996,-0.016666666666666653,2.9
F401-1B75,Nevins,Forst,Non-Binary,27,Some Travel,Technology,5,NY,White,High School,Computer Science,Software Engineer,Married,26542,1,No,2015-10-05,No,7,1,7,5,Junior,26542.0,2022-10-08,5,2,4,2,0,3,3,2,2022,-1,10,2.85,4.15,2.7,3.4,0.55,2.73,-0.39999999999999997,0.19999999999999998,-0.6000000000000001,2.73
F430-0404,Randie,Mouth,Female,32,No Travel,Sales,23,CA,Asian,Masters,Economics,Sales Executive,Divorced,237749,1,No,2013-07-19,No,9,1,6,6,Junior,237749.0,2022-04-09,3,4,3,1,1,5,4,4,2022,0,10,3.5714285714285716,3.5510204081632653,4.040816326530612,4.183673469387755,1.0,3.2693877551020405,-0.17857142857142855,0.24999999999999992,0.10714285714285711,3.2693877551020405
F469-0427,Krissie,Albery,Female,19,Frequent Traveller,Human Resources,31,NY,White,Masters,Marketing,Recruiter,Single,36832,1,Yes,2022-02-20,Yes,0,0,0,0,Junior,36832.0,2022-05-26,2,4,4,2,0,3,3,3,2022,0,10,3.7962962962962963,3.1666666666666665,3.7037037037037037,3.537037037037037,0.5185185185185185,2.944444444444444,0.033333333333333354,-0.18333333333333338,0.10000000000000005,2.944444444444444
F4A3-2126,Dunn,Barthrop,Male,24,Some Travel,Sales,16,CA,Asian,High School,Marketing,Sales Representative,Single,29128,0,Yes,2019-07-31,Yes,0,0,0,0,Junior,29128.0,2022-07-17,4,1,3,1,1,1,4,4,2022,0,10,2.740740740740741,4.166666666666667,3.462962962962963,3.0,0.8888888888888888,2.851851851851852,-0.18333333333333335,0.06666666666666667,-0.13333333333333333,2.851851851851852
F4D2-F6F2,Vi,Khadir,Female,47,Some Travel,Technology,8,CA,Asian,Bachelors,Computer Science,Engineering Manager,Married,287710,1,No,2014-01-05,No,8,8,8,5,Senior,287710.0,2021-06-18,5,2,3,3,0,3,5,4,2021,-1,9,2.9761904761904763,4.214285714285714,3.380952380952381,4.166666666666667,0.8333333333333334,3.1142857142857143,-0.28571428571428564,-0.03571428571428573,0.10714285714285711,3.1142857142857143
F523-1135,Derrik,Seage,Male,29,Frequent Traveller,Technology,17,NY,Black,High School,Computer Science,Machine Learning Engineer,Divorced,129703,3,No,2013-04-25,No,9,6,6,3,Senior,129703.0,2022-05-31,3,4,5,2,0,3,3,2,2022,-1,10,3.7346938775510203,3.673469387755102,3.693877551020408,3.63265306122449,1.0816326530612246,3.1632653061224487,0.21428571428571427,0.035714285714285664,-0.42857142857142855,3.1632653061224487
F532-0DAF,Byrle,Fright,Male,22,Some Travel,Technology,24,CA,White,Bachelors,Information Systems,Software Engineer,Married,44076,1,No,2020-11-08,No,2,1,1,1,Junior,44076.0,2022-10-12,5,2,3,2,2,5,3,3,2022,0,10,5.0,5.0,2.0,3.0,2.0,3.4,0.0,0.0,0.0,3.4
F546-D965,Candice,Libreros,Female,23,Some Travel,Sales,34,NY,White,High School,Economics,Sales Executive,Single,88382,0,No,2019-11-01,No,3,1,3,1,Junior,88382.0,2016-08-12,5,4,5,2,3,2,3,2,2016,-1,4,2.0,5.0,4.0,5.0,3.0,3.8,0.0,0.0,0.0,3.8
F573-D043,Alice,Brabon,Female,22,Some Travel,Sales,16,CA,White,Bachelors,Marketing,Sales Executive,Single,70202,0,No,2021-04-08,No,1,0,0,0,Junior,70202.0,2022-05-08,4,3,2,1,0,4,3,3,2022,0,10,4.0,4.0,3.0,2.0,0.0,2.6,0.0,0.0,0.0,2.6
F578-F0C8,Domeniga,Killock,Female,21,Some Travel,Technology,6,CA,White,Doctorate,Business Studies,Software Engineer,Married,25149,0,No,2020-11-03,Yes,1,1,1,1,Junior,25149.0,2022-11-10,4,2,3,1,0,1,3,2,2022,-1,10,3.6481481481481484,4.5,2.9444444444444446,3.2037037037037037,0.8148148148148148,3.0222222222222226,0.05000000000000001,-0.11666666666666667,-0.06666666666666668,3.0222222222222226
F58A-302D,Travers,Outhwaite,Male,26,Some Travel,Sales,17,IL,Black,Masters,Economics,Manager,Divorced,290774,1,No,2016-11-05,No,6,5,5,3,Senior,290774.0,2022-01-11,3,4,5,1,2,4,5,5,2022,0,10,3.823529411764706,3.264705882352941,4.264705882352941,4.323529411764706,2.235294117647059,3.5823529411764703,0.09999999999999996,0.4999999999999999,0.5999999999999999,3.5823529411764703
F5C3-07B0,Vitia,Southall,Female,26,Some Travel,Technology,16,IL,White,Bachelors,Computer Science,Software Engineer,Divorced,25110,2,No,2015-09-03,No,7,1,5,0,Junior,25110.0,2022-09-03,3,3,4,3,0,3,4,4,2022,0,10,3.525,3.55,3.925,3.975,1.375,3.2700000000000005,-0.3,-0.30000000000000004,0.3,3.2700000000000005
F5CC-33FA,Ilario,Stearne,Male,25,Some Travel,Sales,30,CA,White,Masters,Marketing,Sales Executive,Married,106738,1,No,2016-04-02,No,6,4,5,2,Mid,106738.0,2022-06-25,2,1,2,1,1,2,5,5,2022,0,10,2.4705882352941178,3.3823529411764706,2.676470588235294,3.0,0.7058823529411765,2.4470588235294115,-0.5,-0.19999999999999996,0.09999999999999996,2.4470588235294115
F5E3-48BB,Zenia,Rattery,Female,25,Frequent Traveller,Human Resources,3,CA,Native American,Bachelors,Human Resources,Recruiter,Married,23547,0,No,2015-01-13,Yes,3,0,2,1,Junior,23547.0,2022-01-01,4,5,2,2,1,3,5,4,2022,-1,10,2.890909090909091,3.6363636363636362,3.290909090909091,3.0727272727272728,1.2181818181818183,2.821818181818182,0.12727272727272732,-0.006060606060606053,-0.04848484848484847,2.821818181818182
F60C-4888,Erin,Pickavance,Female,36,Frequent Traveller,Technology,6,CA,Asian,Masters,Information Systems,Data Scientist,Single,51050,0,Yes,2014-08-05,No,8,6,7,2,Senior,51050.0,2022-06-07,3,3,4,1,1,3,4,3,2022,-1,10,3.422222222222222,3.8222222222222224,3.9555555555555557,3.8444444444444446,1.2666666666666666,3.262222222222222,-0.5428571428571429,0.2285714285714286,0.02857142857142856,3.262222222222222
F662-DEA5,Morley,Dmitriev,Male,38,Some Travel,Technology,18,CA,Black,High School,Information Systems,Data Scientist,Married,89362,0,No,2013-03-01,No,9,3,9,7,Mid,89362.0,2022-05-30,4,5,5,2,1,2,4,4,2022,0,10,2.877551020408163,3.836734693877551,4.408163265306122,3.5918367346938775,1.2857142857142858,3.2,0.21428571428571422,-0.46428571428571414,-2.414866213437438e-18,3.2
F72A-48DD,Ryley,Piche,Non-Binary,23,Some Travel,Technology,7,CA,White,No Formal Qualifications,Information Systems,Data Scientist,Single,27360,0,No,2019-03-11,No,3,2,3,3,Mid,27360.0,2022-06-05,3,3,2,1,1,3,4,3,2022,-1,10,3.473684210526316,3.473684210526316,2.526315789473684,3.4210526315789473,1.0,2.7789473684210524,0.9999999999999997,-0.9999999999999997,0.9999999999999997,2.7789473684210524
F72D-261D,Giustino,Boyan,Male,28,Frequent Traveller,Technology,5,NY,Mixed,Bachelors,Information Systems,Data Scientist,Single,76133,0,Yes,2014-01-06,Yes,1,0,1,0,Junior,76133.0,2022-01-08,5,5,3,2,0,3,3,2,2022,-1,10,3.2545454545454544,3.7636363636363637,3.2363636363636363,3.018181818181818,0.9818181818181818,2.8509090909090906,-0.24242424242424246,-0.03030303030303031,-0.11515151515151516,2.8509090909090906
F7B0-E6B2,Tarrance,Reidshaw,Male,24,Frequent Traveller,Technology,15,IL,White,High School,Computer Science,Data Scientist,Divorced,63078,1,No,2017-07-17,No,5,5,5,2,Senior,63078.0,2021-09-12,5,3,4,1,0,4,4,4,2021,0,9,4.291666666666667,4.416666666666667,3.5833333333333335,2.75,0.3333333333333333,3.075,-0.9999999999999996,-0.4999999999999999,0.4999999999999999,3.075
F80F-29CB,Dalton,Liddicoat,Male,23,Some Travel,Technology,5,CA,White,High School,Other,Machine Learning Engineer,Divorced,77420,2,No,2018-10-24,No,4,4,4,3,Mid,77420.0,2021-02-05,3,4,4,1,1,5,4,4,2021,0,9,3.1176470588235294,2.5294117647058822,4.0,3.0588235294117645,0.5294117647058824,2.6470588235294117,0.0,3.9999999999999987,0.9999999999999997,2.6470588235294117
F838-C681,Shay,Casburn,Male,32,Some Travel,Technology,22,IL,Black,Masters,Business Studies,Software Engineer,Married,72688,1,No,2013-05-06,No,9,3,3,8,Mid,72688.0,2022-11-24,4,3,2,2,1,4,3,2,2022,-1,10,3.0408163265306123,4.081632653061225,3.020408163265306,3.306122448979592,1.2448979591836735,2.9387755102040813,-0.21428571428571427,0.07142857142857141,-0.3571428571428571,2.9387755102040813
F83C-CA1D,Durante,Heap,Male,21,Some Travel,Technology,16,CA,White,No Formal Qualifications,Information Systems,Software Engineer,Single,22515,0,Yes,2019-12-05,Yes,1,0,0,0,Junior,22515.0,2022-07-18,4,4,5,3,2,2,3,3,2022,0,10,2.462962962962963,3.574074074074074,3.888888888888889,3.5,1.1851851851851851,2.922222222222222,0.10000000000000003,-0.28333333333333344,-0.08333333333333336,2.922222222222222
F877-3BF9,Cozmo,Duncklee,Non-Binary,21,Frequent Traveller,Technology,29,CA,White,Masters,Information Systems,Software Engineer,Single,61345,0,No,2020-08-07,Yes,1,0,0,0,Junior,61345.0,2022-08-20,3,3,5,3,1,5,3,2,2022,-1,10,3.888888888888889,3.5555555555555554,3.3333333333333335,3.6296296296296298,0.8148148148148148,3.0444444444444447,-3.3764031545949587e-18,0.10000000000000002,-0.05000000000000003,3.0444444444444447
F890-975A,Hynda,Stonehouse,Female,48,Some Travel,Technology,35,CA,Mixed,High School,Information Systems,Engineering Manager,Divorced,314656,1,No,2013-07-09,No,9,7,8,3,Senior,314656.0,2022-09-27,4,2,3,3,2,3,3,2,2022,-1,10,3.4285714285714284,4.285714285714286,3.061224489795918,2.979591836734694,1.489795918367347,3.0489795918367344,-0.14285714285714282,-0.24999999999999994,-0.35714285714285715,3.0489795918367344
F8D4-3CAB,Lynda,Robken,Non-Binary,23,Some Travel,Human Resources,45,CA,White,Bachelors,Marketing,HR Executive,Married,99052,2,No,2018-05-25,No,4,3,4,2,Mid,99052.0,2022-07-18,3,4,4,2,0,4,4,4,2022,0,10,3.6296296296296298,3.6666666666666665,4.037037037037037,3.4074074074074074,0.5925925925925926,3.0666666666666664,0.4999999999999998,-0.49999999999999983,4.886831086417666e-17,3.0666666666666664
F93D-CB5A,Zondra,Duigenan,Female,40,Some Travel,Technology,26,CA,Mixed,Bachelors,Information Systems,Senior Software Engineer,Single,120858,0,No,2012-04-29,No,10,9,9,8,Senior,120858.0,2022-12-21,3,2,4,1,2,3,5,4,2022,-1,10,3.3653846153846154,4.384615384615385,2.9038461538461537,4.038461538461538,1.25,3.1884615384615382,-0.2738095238095239,-0.011904761904761906,-0.07142857142857145,3.1884615384615382
F93E-BDEF,Rodolfo,Askem,Male,43,Some Travel,Technology,17,CA,Black,Masters,Information Systems,Machine Learning Engineer,Single,130848,0,Yes,2014-02-09,No,8,8,8,8,Senior,130848.0,2018-01-03,5,4,4,2,3,5,5,4,2018,-1,6,3.142857142857143,3.761904761904762,3.619047619047619,4.238095238095238,1.7142857142857142,3.2952380952380955,0.14285714285714285,0.17142857142857146,0.2571428571428571,3.2952380952380955
F961-5A03,Alejandrina,Pea,Female,27,No Travel,Technology,12,CA,White,No Formal Qualifications,Computer Science,Machine Learning Engineer,Single,105398,0,No,2015-07-31,No,7,1,7,4,Junior,105398.0,2022-07-13,4,4,4,2,0,4,3,2,2022,-1,10,2.85,4.025,4.2,2.95,0.4,2.885,1.286579381531857e-17,0.19999999999999998,-0.39999999999999997,2.885
F968-671C,Eugene,Benstead,Male,27,Frequent Traveller,Sales,16,CA,White,Bachelors,Technical Degree,Sales Executive,Single,50559,0,No,2015-04-14,Yes,6,0,5,5,Junior,50559.0,2022-02-20,4,3,3,3,3,5,4,4,2022,0,10,3.3454545454545452,4.127272727272727,4.054545454545455,3.672727272727273,1.290909090909091,3.2981818181818183,0.10303030303030306,-0.03636363636363637,0.10909090909090909,3.2981818181818183
F98B-61B3,Candis,Defew,Female,36,Some Travel,Technology,17,CA,Asian,Bachelors,Computer Science,Data Scientist,Single,72118,0,No,2014-03-04,No,8,7,7,8,Senior,72118.0,2022-01-20,3,3,5,3,0,5,3,3,2022,0,10,4.6,3.8444444444444446,3.4444444444444446,3.7555555555555555,1.0444444444444445,3.337777777777778,0.28571428571428586,0.2571428571428571,0.2857142857142858,3.337777777777778
F997-FE6C,Meryl,Slucock,Female,40,Some Travel,Technology,17,NY,White,No Formal Qualifications,Information Systems,Software Engineer,Married,41601,0,No,2013-03-08,No,9,8,9,8,Senior,41601.0,2022-02-20,4,5,3,2,0,5,4,3,2022,-1,10,3.2448979591836733,3.6122448979591835,4.183673469387755,3.142857142857143,0.6530612244897959,2.9673469387755103,0.07142857142857141,0.17857142857142852,-0.07142857142857142,2.9673469387755103
F9B6-C80B,Veronica,Farlham,Female,43,Some Travel,Technology,10,CA,White,Bachelors,Computer Science,Software Engineer,Divorced,43211,1,No,2012-05-12,No,10,2,6,9,Mid,43211.0,2022-07-02,4,4,4,1,0,4,4,4,2022,0,10,2.576923076923077,4.038461538461538,3.4423076923076925,3.2884615384615383,0.5192307692307693,2.773076923076923,0.23809523809523817,0.09523809523809526,0.05952380952380955,2.773076923076923
F9BA-C7C8,Celina,Pawlata,Female,23,Some Travel,Technology,12,NY,White,Bachelors,Computer Science,Data Scientist,Married,27347,1,No,2020-02-07,No,2,0,0,0,Junior,27347.0,2022-05-10,5,4,5,1,0,3,5,4,2022,-1,10,3.0,5.0,4.0,5.0,0.0,3.4,0.0,0.0,0.0,3.4
F9C6-39E2,Cassandra,Udden,Female,48,Some Travel,Sales,4,NY,Black,Bachelors,Marketing,Sales Representative,Single,55880,0,No,2014-11-19,No,8,1,6,5,Junior,55880.0,2022-04-20,4,3,3,1,2,5,3,2,2022,-1,10,3.1777777777777776,3.2,3.4,3.311111111111111,1.711111111111111,2.96,-0.2571428571428572,0.028571428571428466,-0.4285714285714286,2.96
F9E1-87E9,Briana,Bubeer,Female,33,No Travel,Sales,41,NY,Mixed,High School,Economics,Sales Executive,Single,193190,0,Yes,2014-04-22,No,8,0,3,4,Junior,193190.0,2022-11-11,4,5,5,1,1,4,3,2,2022,-1,10,3.466666666666667,4.266666666666667,4.0,3.577777777777778,0.6666666666666666,3.1955555555555555,-6.136291556204846e-17,0.34285714285714275,-0.3714285714285715,3.1955555555555555
FA48-B743,Jorie,Ockland,Non-Binary,21,Frequent Traveller,Technology,29,IL,Asian,Bachelors,Computer Science,Data Scientist,Divorced,64887,1,No,2019-01-03,No,3,3,3,0,Mid,64887.0,2022-10-12,5,3,3,3,2,3,3,3,2022,0,10,2.0526315789473686,3.1052631578947367,3.473684210526316,3.473684210526316,1.0526315789473684,2.631578947368421,-0.9999999999999997,1.9999999999999993,0.9999999999999997,2.631578947368421
FAB0-2FF2,Lola,Gatecliffe,Female,22,Some Travel,Technology,45,NY,Asian,Bachelors,Information Systems,Senior Software Engineer,Divorced,80975,3,No,2018-09-15,No,4,4,4,1,Mid,80975.0,2022-01-08,2,1,3,3,2,4,4,3,2022,-1,10,3.6666666666666665,2.7037037037037037,2.3333333333333335,3.3703703703703702,1.6666666666666667,2.748148148148148,-2.8350207421629134e-16,4.886831086417666e-17,0.4999999999999998,2.748148148148148
FAC0-942B,Darbee,Larmor,Male,32,Some Travel,Technology,30,CA,Black,Masters,Computer Science,Software Engineer,Married,48377,1,Yes,2014-12-21,No,8,5,5,6,Senior,48377.0,2019-10-14,4,2,5,1,1,4,3,3,2019,0,7,2.888888888888889,4.444444444444445,2.4444444444444446,4.444444444444445,1.0740740740740742,3.0592592592592593,0.17142857142857146,0.34285714285714286,-0.6,3.0592592592592593
FAD6-EAA3,Cyrill,Cowle,Male,23,Some Travel,Technology,27,CA,Mixed,Masters,Information Systems,Machine Learning Engineer,Divorced,47046,2,Yes,2019-03-03,No,3,2,2,1,Mid,47046.0,2022-05-16,3,3,3,2,0,2,3,3,2022,0,10,2.473684210526316,3.473684210526316,3.0,3.0,0.9473684210526315,2.5789473684210527,0.0,-0.9999999999999997,-1.9999999999999993,2.5789473684210527
FADC-21F2,Barbra,Lanceter,Female,24,No Travel,Technology,25,CA,White,High School,Computer Science,Data Scientist,Married,40342,1,Yes,2019-06-08,No,3,2,3,1,Mid,40342.0,2022-10-27,5,3,5,1,3,4,4,4,2022,0,10,4.0,5.0,3.9473684210526314,5.0,2.0526315789473686,4.0,-1.9999999999999993,0.0,0.0,4.0
FADE-8191,Venita,MacCague,Non-Binary,28,Some Travel,Technology,42,NY,White,Masters,Computer Science,Data Scientist,Married,85987,1,No,2020-07-20,No,2,0,1,0,Junior,85987.0,2022-12-26,5,2,2,2,2,5,5,4,2022,-1,10,5.0,5.0,2.0,2.0,2.0,3.2,0.0,0.0,0.0,3.2
FB1D-5A51,Allys,Ruberry,Female,23,Some Travel,Technology,29,CA,Mixed,Bachelors,Information Systems,Software Engineer,Divorced,25500,1,No,2017-08-12,No,5,5,5,3,Senior,25500.0,2022-05-03,3,2,2,1,0,1,3,2,2022,-1,10,1.962962962962963,3.5925925925925926,2.962962962962963,3.5555555555555554,0.6296296296296297,2.5407407407407407,-0.4999999999999999,-0.4999999999999999,-4.886831086417666e-17,2.5407407407407407
FB1F-9947,Gerianne,Redhouse,Female,23,Some Travel,Technology,4,IL,White,Bachelors,Business Studies,Machine Learning Engineer,Divorced,106418,1,Yes,2018-10-20,No,4,0,3,0,Junior,106418.0,2020-04-27,4,2,5,3,0,5,5,5,2020,0,8,4.066666666666666,4.0,2.933333333333333,4.066666666666666,0.9333333333333333,3.2,-1.9999999999999993,1.9999999999999993,1.9999999999999993,3.2
FB4B-067E,Adan,Sunderland,Female,31,Some Travel,Technology,42,NY,White,Bachelors,Computer Science,Engineering Manager,Married,442820,0,Yes,2017-12-15,No,5,1,2,2,Junior,442820.0,2022-01-19,3,2,5,3,2,5,4,4,2022,0,10,4.074074074074074,3.074074074074074,2.6296296296296298,2.814814814814815,1.0740740740740742,2.7333333333333334,-0.49999999999999983,0.9999999999999997,4.886831086417666e-17,2.7333333333333334
FB5B-C127,Ameline,Hawton,Female,25,Some Travel,Technology,42,CA,Pacific Islander,Bachelors,Computer Science,Software Engineer,Married,70068,2,No,2015-12-29,No,7,4,6,7,Mid,70068.0,2020-11-16,4,3,2,2,1,5,4,4,2020,0,8,4.066666666666666,4.1,2.533333333333333,3.033333333333333,0.8,2.9066666666666667,-0.20000000000000004,0.19999999999999998,1.286579381531857e-17,2.9066666666666667
FB6A-3F11,Ophelia,Cosby,Female,22,Frequent Traveller,Technology,21,CA,Mixed,No Formal Qualifications,Information Systems,Data Scientist,Married,34193,0,No,2018-04-29,No,4,2,4,3,Mid,34193.0,2022-11-14,2,3,2,1,2,3,5,4,2022,-1,10,3.2962962962962963,3.2222222222222223,3.2962962962962963,2.6296296296296298,1.4074074074074074,2.77037037037037,-0.49999999999999983,-0.49999999999999983,0.49999999999999983,2.77037037037037
FBC2-C5FA,Hillel,Quenby,Male,44,Some Travel,Technology,4,IL,Mixed,Bachelors,Computer Science,Data Scientist,Married,74172,2,No,2013-11-26,No,9,8,9,9,Senior,74172.0,2022-06-30,5,5,4,2,2,2,4,4,2022,0,10,3.0408163265306123,4.510204081632653,3.8979591836734695,3.5306122448979593,1.0408163265306123,3.204081632653062,0.07142857142857142,-0.17857142857142852,-0.035714285714285685,3.204081632653062
FBED-F86B,Karylin,Aphale,Female,29,Frequent Traveller,Technology,12,IL,Mixed,Bachelors,Information Systems,Software Engineer,Single,72057,0,No,2014-11-27,No,8,8,8,3,Senior,72057.0,2022-01-25,2,3,3,1,0,2,3,3,2022,0,10,3.7333333333333334,3.511111111111111,3.6444444444444444,3.3555555555555556,0.3111111111111111,2.9111111111111114,-0.48571428571428577,-0.6857142857142856,0.2571428571428572,2.9111111111111114
FC24-43F6,Stevana,Djorvic,Female,26,Some Travel,Technology,33,CA,Black,Bachelors,Computer Science,Data Scientist,Married,34805,0,No,2017-10-21,No,5,5,5,0,Senior,34805.0,2022-10-20,4,2,2,3,1,3,5,5,2022,0,10,3.5925925925925926,4.333333333333333,2.2962962962962963,3.0,0.7037037037037037,2.785185185185185,-0.49999999999999983,-0.9999999999999996,9.773662172835332e-17,2.785185185185185
FC47-1953,Barby,Plaid,Female,25,Frequent Traveller,Technology,15,CA,Black,Masters,Other,Data Scientist,Married,31931,1,No,2016-04-21,No,6,1,1,3,Junior,31931.0,2022-05-30,3,4,4,3,2,3,5,5,2022,0,10,3.264705882352941,3.9411764705882355,3.7058823529411766,3.264705882352941,1.7058823529411764,3.176470588235294,-0.3,0.09999999999999992,0.6999999999999998,3.176470588235294
FD0B-7B0A,Melessa,Eyres,Female,27,Some Travel,Sales,21,CA,White,No Formal Qualifications,Marketing,Sales Representative,Single,22648,0,Yes,2016-01-12,Yes,1,0,0,0,Junior,22648.0,2022-03-02,5,5,2,3,0,2,5,4,2022,-1,10,3.690909090909091,3.9272727272727272,3.6545454545454548,2.4727272727272727,0.7818181818181819,2.9054545454545453,-0.030303030303030307,0.12727272727272726,-0.09696969696969694,2.9054545454545453
FD3F-5255,Quintilla,Wyllt,Female,45,Some Travel,Technology,2,IL,White,No Formal Qualifications,Information Systems,Data Scientist,Divorced,64795,3,Yes,2012-03-03,No,10,5,8,10,Senior,64795.0,2022-04-18,4,3,2,2,2,2,3,3,2022,0,10,2.480769230769231,3.980769230769231,3.3461538461538463,3.923076923076923,1.3846153846153846,3.0230769230769234,-0.035714285714285726,-0.02380952380952382,-0.13095238095238104,3.0230769230769234
FD95-9EEB,Sasha,Incogna,Male,30,Some Travel,Technology,19,IL,White,Masters,Business Studies,Data Scientist,Single,96187,0,Yes,2020-11-19,Yes,0,0,0,0,Junior,96187.0,2022-11-06,1,1,4,1,3,2,4,4,2022,0,10,2.9074074074074074,3.2222222222222223,1.9259259259259258,4.018518518518518,1.5740740740740742,2.7296296296296294,-0.26666666666666666,-0.08333333333333331,0.016666666666666663,2.7296296296296294
FE0F-498F,Jerrie,Juares,Female,22,Some Travel,Technology,36,CA,White,Bachelors,Other,Data Scientist,Divorced,57686,2,No,2018-05-23,No,4,2,4,1,Mid,57686.0,2022-08-13,5,5,3,1,1,4,4,4,2022,0,10,3.3333333333333335,4.037037037037037,4.0,4.2592592592592595,0.7037037037037037,3.2666666666666666,2.346337633521146e-16,1.187575654052147e-16,0.49999999999999983,3.2666666666666666
FE2B-3DC7,Mattie,Wippermann,Female,28,Some Travel,Technology,23,NY,White,Bachelors,Information Systems,Data Scientist,Married,35606,3,Yes,2012-05-07,Yes,5,3,4,5,Mid,35606.0,2022-05-04,3,4,3,2,0,3,4,4,2022,0,10,3.4363636363636365,3.4545454545454546,4.181818181818182,2.9454545454545453,1.2545454545454546,3.0545454545454542,0.05454545454545458,0.024242424242424204,0.05454545454545454,3.0545454545454542
FEEC-A663,Cher,Molian,Non-Binary,27,Some Travel,Technology,1,CA,White,No Formal Qualifications,Information Systems,Software Engineer,Single,48442,0,No,2015-04-17,No,7,3,4,5,Mid,48442.0,2022-10-16,5,4,2,2,2,3,3,3,2022,0,10,3.7,4.125,3.1,3.425,0.65,3.0000000000000004,0.4000000000000001,-0.4000000000000001,-0.4000000000000001,3.0000000000000004
FF14-A43E,Koenraad,Nannizzi,Male,47,Some Travel,Technology,41,NY,Native American,No Formal Qualifications,Computer Science,Data Scientist,Married,40786,0,No,2012-02-01,No,10,3,5,5,Mid,40786.0,2022-01-13,3,4,2,3,0,4,4,3,2022,-1,10,3.326923076923077,3.4615384615384617,3.8846153846153846,2.923076923076923,0.8653846153846154,2.8923076923076922,0.011904761904761899,-0.05952380952380955,-0.011904761904761892,2.8923076923076922
FFCF-0BD5,Sky,Mattioni,Prefer Not To Say,23,Some Travel,Human Resources,42,CA,Black,No Formal Qualifications,Marketing,Recruiter,Married,30683,1,No,2017-06-25,No,5,5,5,5,Senior,30683.0,2018-05-15,3,2,2,2,1,5,5,5,2018,0,6,4.222222222222222,3.5555555555555554,2.9444444444444446,2.7222222222222223,1.2222222222222223,2.9333333333333327,-0.19999999999999996,0.7999999999999997,0.8999999999999997,2.9333333333333327
